split,method,stem,tooth_idx,slot,gt_severity,pred_severity
train,paper_eq1,10,0,1,56.37372612174318,36.317886535214896
train,mask_pca,10,0,1,42.92148037037008,37.143066000917
train,cej_int_midpoint,10,0,1,48.687029209187,36.72903441163523
train,paper_eq1,10,1,1,81.4822145329346,59.205989751277684
train,mask_pca,10,1,1,81.78508910059065,50.849212180248315
train,cej_int_midpoint,10,1,1,81.6973307243226,55.03794536252124
train,paper_eq1,10,2,1,44.42258309633081,57.77682217226293
train,mask_pca,10,2,1,46.55813501695516,52.40827042649913
train,cej_int_midpoint,10,2,1,46.5991119319298,54.792873301172094
train,paper_eq1,10,3,1,43.576125133833735,42.567163183945226
train,mask_pca,10,3,1,43.944800366069174,42.934755997273115
train,cej_int_midpoint,10,3,1,45.64433090842375,43.199796046431835
train,paper_eq1,1001,0,0,6.637346076675235,1.6358681887955313
train,paper_eq1,1001,0,1,8.853029672075525,9.847211882478351
train,mask_pca,1001,0,0,6.722184594550132,1.979411374390716
train,mask_pca,1001,0,1,10.07106454853922,10.479919693189123
train,cej_int_midpoint,1001,0,0,6.659703834152745,2.34678789967124
train,cej_int_midpoint,1001,0,1,10.773312650422843,10.076603030087222
train,paper_eq1,1001,1,1,6.731808206278222,6.923365741061425
train,mask_pca,1001,1,1,7.257177735471883,7.572156012399543
train,cej_int_midpoint,1001,1,1,3.5127338646366906,8.125156672993171
train,paper_eq1,1001,2,1,3.6910969929780837,5.5433137910575345
train,mask_pca,1001,2,1,3.9465832780729753,5.65185272488866
train,cej_int_midpoint,1001,2,1,4.066372982541874,5.667688628266847
train,paper_eq1,1003,0,1,6.04964684857206,2.1156835258805695
train,mask_pca,1003,0,1,5.935434453071904,2.1348718926826296
train,cej_int_midpoint,1003,0,1,6.171472838949763,2.133239837732215
train,paper_eq1,1003,1,1,14.702352639116215,17.60343924347218
train,mask_pca,1003,1,1,15.281397132581024,18.048956080371685
train,cej_int_midpoint,1003,1,1,15.131699792214013,17.870604185537587
train,paper_eq1,1003,2,1,91.32774302291868,85.35203389493732
train,mask_pca,1003,2,1,8.466343051444506,9.634216833463343
train,cej_int_midpoint,1003,2,1,61.2377576016194,63.56048477845029
train,paper_eq1,1005,0,1,9.128195958743785,10.029499328155724
train,mask_pca,1005,0,1,9.66615469963261,10.348563739529025
train,cej_int_midpoint,1005,0,1,9.793387253156869,10.275902060807796
train,paper_eq1,1005,1,1,9.45920510020057,9.06986244631356
train,mask_pca,1005,1,1,9.693064726801506,9.20480580315458
train,cej_int_midpoint,1005,1,1,9.665745558348071,9.131369650392255
train,paper_eq1,1005,2,1,1.408621748340559,0.9628715869128915
train,mask_pca,1005,2,1,1.478339101313414,0.8029827903306037
train,cej_int_midpoint,1005,2,1,1.6497110790886826,3.838617212706325
train,paper_eq1,1005,3,1,1.880576804093171,1.9487636202225056
train,mask_pca,1005,3,1,1.8142835021558632,1.9038778926645559
train,cej_int_midpoint,1005,3,1,1.9492746771900302,2.24587424756319
train,paper_eq1,1008,0,0,2.3660585969843226,0.9995362204118431
train,paper_eq1,1008,0,1,14.669983201887854,16.035028341855725
train,mask_pca,1008,0,0,2.3070439841371777,4.957681242148017
train,mask_pca,1008,0,1,16.073559047603904,17.779944124215323
train,cej_int_midpoint,1008,0,0,2.3214906217118405,4.493672472457534
train,cej_int_midpoint,1008,0,1,16.484441804424062,18.255644850016434
train,paper_eq1,1008,1,1,36.64207005675736,29.73660820334189
train,mask_pca,1008,1,1,39.811799089344476,36.534231662263124
train,cej_int_midpoint,1008,1,1,34.45072401686949,36.19277283875429
train,paper_eq1,1008,2,0,33.857834483965995,38.24725521255528
train,paper_eq1,1008,2,1,10.42993010114779,9.054287531669287
train,mask_pca,1008,2,0,34.51752213745301,39.29752378898144
train,mask_pca,1008,2,1,12.63857224718739,10.875627420124484
train,cej_int_midpoint,1008,2,0,34.49195318875698,39.21325858351343
train,cej_int_midpoint,1008,2,1,12.677807689595975,10.959093036652774
train,paper_eq1,1009,1,1,3.291213335655795,4.988718659090395
train,mask_pca,1009,1,1,3.441845298509674,5.051779645853675
train,cej_int_midpoint,1009,1,1,3.2573723311957536,4.931624269544139
train,paper_eq1,1009,2,1,97.07796571413282,83.11880362012167
train,mask_pca,1009,2,1,97.40932034542685,84.9277111844094
train,cej_int_midpoint,1009,2,1,97.29811860836176,84.70014493266078
train,paper_eq1,1009,3,1,17.810631221379023,16.533369969917498
train,mask_pca,1009,3,1,17.82811158915447,16.827081837860813
train,cej_int_midpoint,1009,3,1,17.819174333125464,16.76261902924029
train,paper_eq1,101,0,1,100.0,80.56990896145541
train,mask_pca,101,0,1,97.24662020737301,63.37153943663345
train,cej_int_midpoint,101,0,1,97.99421473589817,71.07816345108617
train,paper_eq1,101,1,0,100.0,74.96250233752346
train,paper_eq1,101,1,1,44.68433723651865,44.56237976517033
train,mask_pca,101,1,0,100.0,76.85141972969126
train,mask_pca,101,1,1,45.547217316255924,45.344620806722624
train,cej_int_midpoint,101,1,0,100.0,76.50164499717128
train,cej_int_midpoint,101,1,1,45.63488914877267,45.414702886898965
train,paper_eq1,1010,1,1,1.1578166027507144,2.7456011636527533
train,mask_pca,1010,1,1,1.2870444052200865,2.7339753514387617
train,cej_int_midpoint,1010,1,1,1.615106532696347,2.7724709128954963
train,paper_eq1,1010,2,1,3.505551538490011,8.66587820270509
train,mask_pca,1010,2,1,3.4622192262527696,8.929904185679998
train,cej_int_midpoint,1010,2,1,3.4535279234933722,8.961896143885907
train,paper_eq1,1011,1,1,2.0106655913608473,4.648939204010566
train,mask_pca,1011,1,1,2.1040650750968157,4.638720205604154
train,cej_int_midpoint,1011,1,1,0.11530862226575594,4.580628278476822
train,paper_eq1,1011,2,1,7.270013359941357,9.867887996853634
train,mask_pca,1011,2,1,9.11665306739607,9.704446695939382
train,cej_int_midpoint,1011,2,1,8.822921767100954,9.98515625190423
train,paper_eq1,1011,3,1,6.705314398320001,5.827980084219713
train,mask_pca,1011,3,1,6.732797851365296,5.693887582442506
train,cej_int_midpoint,1011,3,1,7.476667855625009,5.769564530288192
train,paper_eq1,1011,4,0,5.685739101600941,5.459053833571419
train,paper_eq1,1011,4,1,10.919698716495542,12.58271864374744
train,mask_pca,1011,4,0,5.870728367531684,5.320771481087713
train,mask_pca,1011,4,1,10.874018434952609,12.51561823520234
train,cej_int_midpoint,1011,4,0,6.076753115105124,5.313208880036154
train,cej_int_midpoint,1011,4,1,10.965181941398216,12.524847415036824
train,paper_eq1,1012,0,1,0.6297376570975316,0.1375903310598014
train,mask_pca,1012,0,1,0.2827412724723119,0.09672086150421906
train,cej_int_midpoint,1012,0,1,0.30277276624496097,0.0771965284355147
train,paper_eq1,1012,1,1,83.22616687354653,84.04117318238191
train,mask_pca,1012,1,1,12.046558202362434,11.853548850994347
train,cej_int_midpoint,1012,1,1,70.21833915688518,70.1645919229291
train,paper_eq1,1014,0,1,5.941936830370365,7.436497118230657
train,mask_pca,1014,0,1,5.991998815239649,7.410057926948629
train,cej_int_midpoint,1014,0,1,5.986187467501071,7.429921368478832
train,paper_eq1,1014,1,1,3.4814656882271144,3.576279007632197
train,mask_pca,1014,1,1,3.067281484806601,3.283711022521807
train,cej_int_midpoint,1014,1,1,4.102961231626886,3.7792411919715585
train,mask_pca,1015,0,1,22.059147981344747,15.159733131834821
train,cej_int_midpoint,1015,0,1,22.004832740255274,89.30395546116736
train,paper_eq1,1015,1,1,13.252112486143256,15.474033312873065
train,mask_pca,1015,1,1,13.948358603762134,16.382483542982687
train,cej_int_midpoint,1015,1,1,11.374967060868782,16.478056557655886
train,paper_eq1,1015,2,1,16.5456945295236,17.118100047777887
train,mask_pca,1015,2,1,16.87793632822842,17.48215821272159
train,cej_int_midpoint,1015,2,1,16.947083354419192,17.532249772561457
train,paper_eq1,1016,1,0,3.6718012941055673,4.058864194267099
train,paper_eq1,1016,1,1,2.567033366199303,4.533208091936956
train,mask_pca,1016,1,0,3.9840419547510284,4.2188646909641125
train,mask_pca,1016,1,1,2.80022300168238,4.679651325843503
train,cej_int_midpoint,1016,1,0,3.9085809179326936,4.198939546959417
train,cej_int_midpoint,1016,1,1,2.8724194359724966,4.70197109919713
train,paper_eq1,1016,2,1,5.504669434562823,4.179078728060072
train,mask_pca,1016,2,1,5.7315209969447265,4.276764807163897
train,cej_int_midpoint,1016,2,1,5.827787937590665,4.317311224426265
train,paper_eq1,1016,3,1,10.449947307883779,10.112569329069832
train,mask_pca,1016,3,1,11.117276754159628,10.107431132570504
train,cej_int_midpoint,1016,3,1,11.38848024194564,10.233278717732123
train,paper_eq1,1017,0,1,5.826342412471554,6.179982519226264
train,mask_pca,1017,0,1,6.0703267834218915,6.322846859818935
train,cej_int_midpoint,1017,0,1,6.077515064452286,6.285920521241615
train,paper_eq1,1017,1,0,7.00052646947186,2.2570513303723785
train,paper_eq1,1017,1,1,10.00927486575376,11.692976741475523
train,mask_pca,1017,1,0,6.614507434422275,2.2243639798511063
train,mask_pca,1017,1,1,10.005029716098257,11.683053231216721
train,cej_int_midpoint,1017,1,0,7.055286536098021,2.21697677012686
train,cej_int_midpoint,1017,1,1,9.988710357567195,11.686181313728417
train,paper_eq1,1017,2,1,14.717371488351633,15.78608257452123
train,mask_pca,1017,2,1,14.811001421760874,15.848513761490882
train,cej_int_midpoint,1017,2,1,14.79155055197801,15.82640631338434
train,paper_eq1,1018,1,0,11.92938307780214,13.590797434405408
train,paper_eq1,1018,1,1,11.149864451579758,12.053820349497995
train,mask_pca,1018,1,0,11.97738189649527,13.615674085608815
train,mask_pca,1018,1,1,11.121308454905146,12.04499534085027
train,cej_int_midpoint,1018,1,0,12.138457085273629,13.602468012641234
train,cej_int_midpoint,1018,1,1,11.165615819319266,12.046772802622332
train,paper_eq1,1018,2,0,8.432984592844846,7.025754991422488
train,mask_pca,1018,2,0,8.54706161076114,6.8639626033189804
train,mask_pca,1018,2,1,5.433186517847063,3.3980066976821877
train,paper_eq1,1019,0,0,3.450346238258585,5.33715747323012
train,paper_eq1,1019,0,1,3.175025790487989,0.3628551268013961
train,mask_pca,1019,0,0,3.533978012115324,5.889207104568893
train,mask_pca,1019,0,1,2.9690923228823904,0.3205540721216871
train,cej_int_midpoint,1019,0,0,2.942186062519171,5.840149006447199
train,paper_eq1,1019,1,0,4.8167776551450245,7.962021661090354
train,paper_eq1,1019,1,1,2.736488462959571,6.666174579401171
train,mask_pca,1019,1,0,4.819842866328524,7.962657078133062
train,mask_pca,1019,1,1,3.050646944173879,7.2824554050840415
train,cej_int_midpoint,1019,1,0,4.805640050336674,7.959612743237454
train,cej_int_midpoint,1019,1,1,3.2074047064151348,7.5836091611270415
train,paper_eq1,1019,2,1,7.607876967222378,10.392504071964366
train,mask_pca,1019,2,1,7.687239685828981,10.550673594315509
train,cej_int_midpoint,1019,2,1,7.690714646031399,10.5644853286846
train,paper_eq1,1020,0,1,7.118621102773876,5.472755561013607
train,paper_eq1,1020,1,0,6.164760053117904,8.698963191957057
train,paper_eq1,1020,1,1,13.267256782173872,17.280635364711234
train,mask_pca,1020,1,0,6.329938299711299,8.76623403254252
train,mask_pca,1020,1,1,13.217469933240206,17.216372097002253
train,cej_int_midpoint,1020,1,0,6.802288895063589,8.847471358573246
train,cej_int_midpoint,1020,1,1,13.277461473774801,17.268884099653985
train,paper_eq1,1023,1,1,7.058832103177679,6.573564390656289
train,mask_pca,1023,1,1,8.065526121072274,6.940671765565012
train,paper_eq1,1023,2,0,7.426269421070924,3.945560831552141
train,paper_eq1,1023,2,1,0.31779192938491213,2.167191702888944
train,mask_pca,1023,2,0,7.5988669308786285,4.057264316173502
train,mask_pca,1023,2,1,0.16362344082983055,2.4204017488938114
train,cej_int_midpoint,1023,2,0,7.444389734974706,3.9508283206986303
train,cej_int_midpoint,1023,2,1,0.03157561845551115,2.7014942910500817
train,paper_eq1,1023,3,1,7.1121371953921635,7.643376241921493
train,mask_pca,1023,3,1,7.5419592753373,8.100147517662517
train,cej_int_midpoint,1023,3,1,7.591631243077912,8.252891204073475
train,paper_eq1,1024,1,1,69.0912082635783,68.81758740836982
train,mask_pca,1024,1,1,70.88788559421133,70.00312800257866
train,cej_int_midpoint,1024,1,1,71.07935701004142,70.10215449240759
train,paper_eq1,1024,2,1,92.50003326227994,87.30657816922924
train,mask_pca,1024,2,1,93.16915004947668,87.90839724661608
train,cej_int_midpoint,1024,2,1,93.21660354204097,88.53570633403169
train,paper_eq1,1024,3,1,60.757210481121135,61.29266849475927
train,mask_pca,1024,3,1,60.96297696549067,61.52416843080884
train,cej_int_midpoint,1024,3,1,60.956167172700084,61.50680520940527
train,paper_eq1,1024,4,1,91.94802795632843,74.90347396767463
train,mask_pca,1024,4,1,91.32811617334865,80.96425338412239
train,cej_int_midpoint,1024,4,1,92.31411459448611,66.04615038017292
train,paper_eq1,1025,0,1,8.325854286261169,12.385017970492147
train,mask_pca,1025,0,1,8.191302231333559,12.280081400510895
train,cej_int_midpoint,1025,0,1,8.591337575826032,12.375015456178055
train,paper_eq1,1025,1,1,10.346812339080406,10.265172658504385
train,mask_pca,1025,1,1,10.168488744540921,10.230332750603994
train,cej_int_midpoint,1025,1,1,10.295158243929126,10.238859485153256
train,paper_eq1,1025,2,1,78.00258822156225,12.769808938078558
train,mask_pca,1025,2,1,21.80576824350046,14.226179660707142
train,cej_int_midpoint,1025,2,1,68.13094459384816,13.73731586896287
train,paper_eq1,1025,3,0,8.071424569855862,8.309606571817714
train,paper_eq1,1025,3,1,2.588464097571872,7.546187838255708
train,mask_pca,1025,3,0,8.349050484524774,8.389358517791107
train,mask_pca,1025,3,1,2.48051117090199,7.684695372725938
train,cej_int_midpoint,1025,3,0,8.473921458772208,8.37551145609814
train,cej_int_midpoint,1025,3,1,2.5141267074115756,7.706680935083797
train,paper_eq1,1029,0,1,7.178230045348386,8.368853245038633
train,mask_pca,1029,0,1,8.032332811359653,8.912927555928018
train,cej_int_midpoint,1029,0,1,9.468784954425573,9.788300313723209
train,mask_pca,1029,1,1,3.9841035240532037,0.12044232709472512
train,paper_eq1,1030,0,1,7.463031009196039,9.436023179378642
train,mask_pca,1030,0,1,7.484444646157036,9.421720398717868
train,cej_int_midpoint,1030,0,1,7.0457321297570665,9.437810796668884
train,paper_eq1,1030,1,1,9.90090596136825,7.286176240947412
train,mask_pca,1030,1,1,9.891799303023879,7.17234743885651
train,cej_int_midpoint,1030,1,1,9.896090304091063,7.267786616139378
train,paper_eq1,1030,2,0,3.271424336058198,9.640660155885234
train,paper_eq1,1030,2,1,10.67991519352642,9.402975500914847
train,mask_pca,1030,2,0,3.4248352047690416,10.162680974181475
train,mask_pca,1030,2,1,10.471015723610295,9.252967479753881
train,cej_int_midpoint,1030,2,0,3.5737018634338416,10.46482111507574
train,cej_int_midpoint,1030,2,1,10.640007891261979,9.33817456013266
train,paper_eq1,1031,1,1,48.93426140808805,52.02003096623762
train,mask_pca,1031,1,1,49.01545954688825,52.013002036602565
train,cej_int_midpoint,1031,1,1,48.97751286213217,52.01639021692872
train,mask_pca,1031,2,1,69.26335826447765,66.40727259065596
train,cej_int_midpoint,1031,2,1,94.28297667533006,74.70977315981855
train,paper_eq1,1031,3,1,10.721555517644125,9.20098189620573
train,mask_pca,1031,3,1,14.447088890109974,14.558800415950197
train,cej_int_midpoint,1031,3,1,12.923529777280157,14.231907911603873
train,paper_eq1,1032,1,0,8.74163135090936,11.953178641745493
train,paper_eq1,1032,1,1,3.2558115638835603,0.9644284362318981
train,mask_pca,1032,1,0,8.839162300475996,13.621003287215338
train,mask_pca,1032,1,1,3.772453643641488,1.3973181268500594
train,cej_int_midpoint,1032,1,0,8.743957051367488,13.201898369261938
train,cej_int_midpoint,1032,1,1,4.714182355016585,1.563394870452008
train,paper_eq1,1032,2,0,6.004661594288919,9.130480423866484
train,mask_pca,1032,2,0,6.386068708302391,9.577776828779976
train,cej_int_midpoint,1032,2,0,6.060929191156058,9.16081257011943
train,paper_eq1,1033,1,0,17.928946032895166,19.4614229554699
train,paper_eq1,1033,1,1,7.808104520509247,12.052353296621089
train,mask_pca,1033,1,0,17.900878619964427,18.74334778776074
train,mask_pca,1033,1,1,8.044563274766595,12.364203256075303
train,cej_int_midpoint,1033,1,0,18.019673316549206,19.110653668672057
train,cej_int_midpoint,1033,1,1,8.107847029756266,12.59194789731484
train,paper_eq1,1033,2,1,14.51717249844907,17.769010126276154
train,mask_pca,1033,2,1,14.827823581045754,18.277469091279407
train,cej_int_midpoint,1033,2,1,14.88395471424492,18.378564413395623
train,paper_eq1,1033,3,1,20.453172846553556,22.1210271392471
train,mask_pca,1033,3,1,22.24271719845559,23.808604211779475
train,cej_int_midpoint,1033,3,1,21.805450437816152,23.78397598282745
train,paper_eq1,1035,0,1,87.90315276224526,92.34849276456801
train,mask_pca,1035,0,1,54.360685412931566,55.228480737730834
train,cej_int_midpoint,1035,0,1,85.1149335849808,89.92324647614895
train,paper_eq1,1035,1,1,8.953397749299018,7.068754795357922
train,mask_pca,1035,1,1,9.135116261091298,7.13716899736699
train,cej_int_midpoint,1035,1,1,9.090825841619361,7.11349058900639
train,paper_eq1,1037,0,0,14.895347981882058,13.311505263632043
train,paper_eq1,1037,0,1,6.922495153061066,5.374253587606924
train,mask_pca,1037,0,0,16.484060568016652,14.410537072216131
train,mask_pca,1037,0,1,7.071767065484469,5.899918311908368
train,cej_int_midpoint,1037,0,0,16.55399029529068,14.07000965865112
train,cej_int_midpoint,1037,0,1,7.063062163190498,6.111750442012733
train,paper_eq1,1037,1,0,6.7714921455812425,5.623679977002177
train,paper_eq1,1037,1,1,7.02668099048072,7.153492685316613
train,mask_pca,1037,1,0,6.6129455250685805,5.579034886290279
train,mask_pca,1037,1,1,7.296322914434131,7.59545570056185
train,cej_int_midpoint,1037,1,0,7.2954184276196905,5.735907558486093
train,cej_int_midpoint,1037,1,1,7.728668447616148,8.002997717118467
train,paper_eq1,1038,0,0,19.045434384723787,19.928643206510774
train,paper_eq1,1038,0,1,21.343487750576855,21.062348550174868
train,mask_pca,1038,0,0,19.354124066414734,20.427595279574103
train,mask_pca,1038,0,1,21.527478004625276,21.387005034550878
train,cej_int_midpoint,1038,0,0,19.30105938428819,20.391552587690605
train,cej_int_midpoint,1038,0,1,21.583087177572114,21.41918680956282
train,paper_eq1,1038,2,1,92.92649170363417,99.69855555670092
train,mask_pca,1038,2,1,16.281149139612427,14.646331083467981
train,cej_int_midpoint,1038,2,1,65.38623311123962,63.845752607010375
train,paper_eq1,1038,3,1,29.91339604385171,21.70444784147542
train,mask_pca,1038,3,1,29.959466576666,21.784265365002412
train,cej_int_midpoint,1038,3,1,29.919903794011717,21.741094330128742
train,paper_eq1,1040,0,0,8.505376247432919,7.987174789465365
train,paper_eq1,1040,0,1,7.189643180538938,8.774070601746285
train,mask_pca,1040,0,0,8.720487555652696,8.49587507769821
train,mask_pca,1040,0,1,7.563609070116027,8.903558202408295
train,cej_int_midpoint,1040,0,0,8.638221263121613,8.872190424047693
train,cej_int_midpoint,1040,0,1,7.705778357573773,8.807545544500908
train,paper_eq1,1040,1,1,9.569632267116202,9.596127372846532
train,mask_pca,1040,1,1,9.573919455959734,9.577755328033886
train,cej_int_midpoint,1040,1,1,9.596299525526993,9.65290163708358
train,paper_eq1,1041,0,1,3.6796171812580685,7.241491692996608
train,mask_pca,1041,0,1,5.9168972077074065,7.807450486793417
train,cej_int_midpoint,1041,0,1,7.679366612639396,7.966495280046767
train,paper_eq1,1041,1,1,2.833478596381579,1.8370407667334314
train,mask_pca,1041,1,1,2.9126687325117784,1.808065906196289
train,cej_int_midpoint,1041,1,1,2.932663078343371,1.792686521094942
train,paper_eq1,1041,2,0,7.102961395093489,6.54831395633604
train,paper_eq1,1041,2,1,9.553628747862922,10.685922563556147
train,mask_pca,1041,2,0,6.816978896230398,6.406454311335917
train,mask_pca,1041,2,1,9.795145289234831,10.999769483651285
train,cej_int_midpoint,1041,2,0,7.0771558084530675,6.49787866050658
train,cej_int_midpoint,1041,2,1,10.048873871116346,11.24784660222089
train,paper_eq1,1041,3,1,2.401453160267333,3.2531585250424726
train,mask_pca,1041,3,1,2.410969904323749,3.2633976758612175
train,cej_int_midpoint,1041,3,1,2.4999564854225307,3.2980941807011965
train,paper_eq1,1043,0,1,72.24972056203876,74.22782139496216
train,mask_pca,1043,0,1,18.819876807191363,17.17351195649598
train,cej_int_midpoint,1043,0,1,53.30059361347992,50.98015732043145
train,paper_eq1,1043,1,0,21.079529125300066,22.142599988587406
train,paper_eq1,1043,1,1,13.078839225766997,12.864091180573553
train,mask_pca,1043,1,0,21.29523402477285,22.520134739865682
train,mask_pca,1043,1,1,13.763915856866129,12.89804866111766
train,cej_int_midpoint,1043,1,0,21.40144444125069,22.71218788094023
train,cej_int_midpoint,1043,1,1,13.644232897836735,12.889807340713123
train,paper_eq1,1043,2,1,18.659505312149506,100.0
train,mask_pca,1043,2,1,18.930977895448404,22.751097696513497
train,cej_int_midpoint,1043,2,1,18.86931862875612,82.36861322260309
train,paper_eq1,1043,4,1,15.216783910189651,14.218737829579291
train,mask_pca,1043,4,1,15.204851539079979,14.178512908006665
train,cej_int_midpoint,1043,4,1,15.217583075594721,14.157346025612604
train,paper_eq1,1045,2,0,8.379478368207653,9.149328247841176
train,mask_pca,1045,2,0,8.5394093273642,9.294556269384882
train,mask_pca,1045,2,1,4.2167579415698695,3.5134147155436515
train,paper_eq1,1046,1,0,7.9316719803256195,9.799277745652983
train,paper_eq1,1046,1,1,8.398803416037682,9.506062587541251
train,mask_pca,1046,1,0,7.834463703910126,9.634268682533468
train,mask_pca,1046,1,1,8.67634797619314,9.552534713984464
train,cej_int_midpoint,1046,1,0,7.859529373720271,9.677303906332963
train,cej_int_midpoint,1046,1,1,8.747473711245272,9.566544378037028
train,paper_eq1,1046,2,1,11.60442158760489,7.299685858275337
train,mask_pca,1046,2,1,12.149938454583829,7.794054054564365
train,cej_int_midpoint,1046,2,1,8.608451294132841,7.852834668623624
train,paper_eq1,1047,0,1,15.888607155319765,15.669415049105337
train,mask_pca,1047,0,1,15.809812306868992,15.675475095670558
train,cej_int_midpoint,1047,0,1,16.3912830732287,15.67174540939458
train,paper_eq1,1047,1,1,43.344657497877805,39.22049616375
train,mask_pca,1047,1,1,32.91194170504839,29.85748259260546
train,cej_int_midpoint,1047,1,1,57.798325019430685,55.39411845955712
train,paper_eq1,1049,0,1,28.30161873146453,25.857597864642162
train,mask_pca,1049,0,1,28.5955884604056,26.536943636046217
train,cej_int_midpoint,1049,0,1,28.540002367703515,23.788367979463757
train,paper_eq1,1049,2,1,19.81926493916569,18.495676822730864
train,mask_pca,1049,2,1,19.586893916932908,18.318642810567027
train,cej_int_midpoint,1049,2,1,19.727325022016974,18.402584033460176
train,paper_eq1,1049,3,1,15.553776162730626,17.294736318597412
train,mask_pca,1049,3,1,16.43970415671534,17.81428996844778
train,cej_int_midpoint,1049,3,1,16.46706473496813,17.71689841483683
train,paper_eq1,1049,4,1,11.230392090617377,10.911755922248165
train,mask_pca,1049,4,1,11.259415863452833,11.017743510959866
train,cej_int_midpoint,1049,4,1,11.236062839896992,10.990056524158467
train,paper_eq1,105,1,1,12.795225915458882,71.07891627968141
train,mask_pca,105,1,1,13.067689836672228,8.92885734812044
train,cej_int_midpoint,105,1,1,13.187356320638365,45.645292477877796
train,paper_eq1,105,3,1,10.268670226851333,9.787462067021863
train,mask_pca,105,3,1,10.803823991357591,10.237833542830934
train,cej_int_midpoint,105,3,1,10.62555186413771,10.075654565957501
train,paper_eq1,1050,0,1,24.300743438377356,26.399709523847005
train,mask_pca,1050,0,1,24.76170796428504,27.146987721092508
train,cej_int_midpoint,1050,0,1,24.663192998076397,26.996123620259503
train,paper_eq1,1050,1,1,19.54211201053986,90.51107893261052
train,mask_pca,1050,1,1,19.772014657660034,88.32211308303468
train,cej_int_midpoint,1050,1,1,19.63566279629979,90.23614778019885
train,paper_eq1,1050,2,1,5.363060975891564,5.327172173495982
train,mask_pca,1050,2,1,5.262183398667866,5.468146411264017
train,cej_int_midpoint,1050,2,1,13.563114639284224,5.546502175488635
train,paper_eq1,1053,0,1,20.405724266769422,25.58139727150098
train,mask_pca,1053,0,1,11.008259338146889,14.85624703562365
train,paper_eq1,1053,1,1,13.795162292805188,17.79888477717021
train,mask_pca,1053,1,1,13.971309543361729,18.210531359169785
train,cej_int_midpoint,1053,1,1,13.879907521127405,18.321179387523973
train,paper_eq1,1056,0,1,10.931777014920511,10.93023333323723
train,mask_pca,1056,0,1,12.608912425322943,13.408335519113667
train,cej_int_midpoint,1056,0,1,11.604198881241853,12.316237428203253
train,paper_eq1,1056,1,1,13.760557427750959,14.538413245928291
train,mask_pca,1056,1,1,14.61097161697585,15.327024643210322
train,cej_int_midpoint,1056,1,1,14.91165550519561,15.57362193414047
train,paper_eq1,1056,2,1,14.89668454332113,12.377864865455535
train,mask_pca,1056,2,1,15.51423410006206,13.046222024203693
train,cej_int_midpoint,1056,2,1,15.532744307199467,13.524017265319976
train,paper_eq1,1057,1,1,27.147098666391877,27.018054920440036
train,mask_pca,1057,1,1,29.319825791479893,29.652494720120032
train,cej_int_midpoint,1057,1,1,38.17974022188962,30.345312542543983
train,paper_eq1,1057,2,1,18.01681283500698,14.387846972422466
train,mask_pca,1057,2,1,18.323875008664093,14.718592205542924
train,cej_int_midpoint,1057,2,1,18.314600253213943,14.920627004842652
train,paper_eq1,1058,0,0,11.473240503442792,9.881503936273416
train,paper_eq1,1058,0,1,8.024316651481346,12.64858338245777
train,mask_pca,1058,0,0,11.459228553380488,9.827904135856008
train,mask_pca,1058,0,1,8.148041803854241,12.833036325409184
train,cej_int_midpoint,1058,0,0,11.466678275933415,9.836076827831498
train,cej_int_midpoint,1058,0,1,8.181090799563465,12.854077897530766
train,mask_pca,1058,1,1,19.627541655603125,18.314290870105925
train,paper_eq1,1058,2,0,15.057031632927236,15.90103562299758
train,paper_eq1,1058,2,1,10.923760026001213,8.306115608423942
train,mask_pca,1058,2,0,15.05361486749742,16.33621373628381
train,mask_pca,1058,2,1,11.791169366820634,8.811232140884865
train,cej_int_midpoint,1058,2,0,15.055669513152855,16.10880795205982
train,cej_int_midpoint,1058,2,1,12.322147992925492,9.199277021459269
train,paper_eq1,1060,0,1,8.532881469758816,9.733851438801292
train,mask_pca,1060,0,1,8.377236698879855,9.584725210959629
train,cej_int_midpoint,1060,0,1,11.720504575750406,9.785297247853181
train,paper_eq1,1060,1,0,11.287131908136228,10.629209253513084
train,paper_eq1,1060,1,1,4.926929165836004,4.230452279631678
train,mask_pca,1060,1,0,12.28674748081236,11.382738998389486
train,mask_pca,1060,1,1,4.914048367718329,4.207514642320258
train,cej_int_midpoint,1060,1,0,12.485301860621036,11.409905060408528
train,cej_int_midpoint,1060,1,1,4.916610734328638,4.208323210381593
train,paper_eq1,1061,0,0,22.133762220605746,19.731451852106527
train,paper_eq1,1061,0,1,21.7655991593013,9.706851998300934
train,mask_pca,1061,0,0,22.211721139534163,19.6334098702068
train,mask_pca,1061,0,1,20.962047911634414,9.657239593988766
train,cej_int_midpoint,1061,0,0,22.251863975653475,19.66729721804497
train,cej_int_midpoint,1061,0,1,21.23884970136764,9.6426193434017
train,paper_eq1,1061,1,1,7.275780772133582,7.438412677581295
train,mask_pca,1061,1,1,7.5098518105205985,7.651069444707524
train,cej_int_midpoint,1061,1,1,7.498339728382036,7.59120171293611
train,paper_eq1,1063,0,1,16.777722627515146,16.20003915598974
train,mask_pca,1063,0,1,16.84603271528841,16.51888113072818
train,cej_int_midpoint,1063,0,1,16.869043784727317,16.54858092050601
train,mask_pca,1063,1,1,25.873158381680078,23.398281389221626
train,cej_int_midpoint,1063,1,1,56.61900473611815,90.72535959808377
train,paper_eq1,1063,2,0,9.81254639864833,11.966751724411298
train,paper_eq1,1063,2,1,18.71744267348033,17.099009750841706
train,mask_pca,1063,2,0,9.787455486248401,12.102900252482772
train,mask_pca,1063,2,1,19.167932912315084,17.4636273126687
train,cej_int_midpoint,1063,2,0,9.792991512752677,12.06762425844579
train,cej_int_midpoint,1063,2,1,19.26419023478071,17.575824611891743
train,paper_eq1,1068,0,1,6.360053183014797,9.250195504081047
train,mask_pca,1068,0,1,7.0407939466086855,10.107261251892695
train,cej_int_midpoint,1068,0,1,3.381372105929913,10.460750133528213
train,paper_eq1,1068,1,1,5.525991346756631,6.12515857639023
train,mask_pca,1068,1,1,6.971422810685753,6.862460701290305
train,cej_int_midpoint,1068,1,1,7.94446560209065,7.471834537191302
train,paper_eq1,1068,2,1,7.238218994246154,6.42083579123362
train,mask_pca,1068,2,1,7.249054881418464,6.423253986219321
train,cej_int_midpoint,1068,2,1,7.258426534577225,6.421242433788874
train,paper_eq1,1069,1,1,9.204885517593008,13.680461197388343
train,mask_pca,1069,1,1,9.778973330412901,14.260737748458697
train,cej_int_midpoint,1069,1,1,9.792272159617506,14.266132426996764
train,paper_eq1,1069,2,1,5.195176234895482,8.22280810628849
train,mask_pca,1069,2,1,5.451383705916661,8.580106842526455
train,cej_int_midpoint,1069,2,1,5.265235648722524,8.69265118002519
train,mask_pca,1070,0,1,3.6744492231051273,3.900655454464488
train,paper_eq1,1070,1,1,0.9470754659210616,0.485066783027038
train,mask_pca,1070,1,1,1.502988513673586,0.9739592099851228
train,cej_int_midpoint,1070,1,1,6.277123966318725,0.3325911182348272
train,mask_pca,1070,3,1,7.355431403723414,9.715824426124946
train,paper_eq1,1072,0,0,11.226528180154048,9.319157532601558
train,paper_eq1,1072,0,1,8.291884595910268,8.16180341457146
train,mask_pca,1072,0,0,11.290415620750368,9.31162879360954
train,mask_pca,1072,0,1,8.682306306933299,8.551385170951
train,cej_int_midpoint,1072,0,0,11.253741046328685,9.319729070076002
train,cej_int_midpoint,1072,0,1,8.806170634064385,8.823671085363841
train,paper_eq1,1072,1,1,12.55934485157536,14.675133682597066
train,mask_pca,1072,1,1,12.82155231850331,15.292439609153677
train,cej_int_midpoint,1072,1,1,12.843723606227675,15.416890470785177
train,paper_eq1,1075,1,1,16.322554255598398,17.92179202537708
train,mask_pca,1075,1,1,17.38095395899051,19.58143806962384
train,cej_int_midpoint,1075,1,1,17.484876751896444,19.620747114049124
train,paper_eq1,1077,0,1,15.866141953390219,11.720123260619715
train,mask_pca,1077,0,1,15.982778436513744,12.421928281627146
train,cej_int_midpoint,1077,0,1,13.290818979703719,12.184933461552838
train,paper_eq1,1077,1,1,46.39950232284658,90.00117938043063
train,mask_pca,1077,1,1,14.897440867733385,10.780581759470554
train,cej_int_midpoint,1077,1,1,36.543957492072316,68.86593994446947
train,paper_eq1,1077,2,1,12.070357080537587,11.248772667621244
train,mask_pca,1077,2,1,12.204263594655268,11.415499751352552
train,cej_int_midpoint,1077,2,1,13.191192175991425,11.416596985735962
train,paper_eq1,1081,0,1,10.174932775615153,9.340332720392459
train,mask_pca,1081,0,1,10.165335522380412,9.326163036138858
train,cej_int_midpoint,1081,0,1,10.174327482158725,9.334799129883326
train,paper_eq1,1081,3,1,38.83511667241682,38.45478036137963
train,mask_pca,1081,3,1,12.674770554532563,8.800315659196748
train,cej_int_midpoint,1081,3,1,84.28772030365712,92.39799667074301
train,paper_eq1,1085,0,1,2.034045366130601,5.299915292038535
train,mask_pca,1085,0,1,1.9974245451395953,5.411059905780209
train,cej_int_midpoint,1085,0,1,1.9813997290345613,5.439536057085517
train,paper_eq1,1085,1,1,0.5659246915051876,2.58729259953476
train,mask_pca,1085,1,1,0.7116120373336926,2.5719020136195674
train,cej_int_midpoint,1085,1,1,0.9236825733753173,2.576675854682036
train,paper_eq1,1085,2,1,70.14421929408545,74.54445116098817
train,mask_pca,1085,2,1,25.103821463240717,28.00317729687442
train,cej_int_midpoint,1085,2,1,58.802130672046715,61.97368034298143
train,paper_eq1,1087,0,0,7.450309451045128,6.093954839542394
train,paper_eq1,1087,0,1,5.319135305243016,5.788283191419784
train,mask_pca,1087,0,0,7.765471560021477,6.675547767007416
train,mask_pca,1087,0,1,5.27750000952074,5.696123355998852
train,cej_int_midpoint,1087,0,0,7.892899675103923,7.438950806656168
train,cej_int_midpoint,1087,0,1,5.301091474719859,5.881493037603444
train,paper_eq1,1087,1,0,13.103528919193744,9.393434151533059
train,paper_eq1,1087,1,1,10.437085371400807,9.477952592911114
train,mask_pca,1087,1,0,13.596673860712539,9.797733305362286
train,mask_pca,1087,1,1,10.466759451533296,9.360950328648181
train,cej_int_midpoint,1087,1,0,13.624842926145128,10.000028814734192
train,cej_int_midpoint,1087,1,1,10.463694166010773,9.452531439849492
train,paper_eq1,1087,3,1,6.893352841211674,6.683785939179786
train,mask_pca,1087,3,1,7.13113890468553,6.874553826418409
train,cej_int_midpoint,1087,3,1,7.237271307789395,7.074592859091969
train,mask_pca,1089,0,1,18.900036514978797,18.67686738962734
train,paper_eq1,1089,1,0,7.249736276478282,6.6993221253995845
train,paper_eq1,1089,1,1,8.804968350617072,10.855097078383936
train,mask_pca,1089,1,0,7.5785881093676135,6.868486727409034
train,mask_pca,1089,1,1,9.554418397336867,11.279605557804041
train,cej_int_midpoint,1089,1,0,7.587678334212502,6.90368728528915
train,cej_int_midpoint,1089,1,1,9.540951044724014,11.216479124015848
train,paper_eq1,1090,0,1,55.1302816753676,56.44856831819496
train,mask_pca,1090,0,1,13.662733802733214,14.194096160717375
train,cej_int_midpoint,1090,0,1,43.03725559978193,43.31922827171789
train,paper_eq1,1090,1,1,37.70983076382595,37.341922443684794
train,mask_pca,1090,1,1,28.136171866069127,28.46172718583172
train,cej_int_midpoint,1090,1,1,59.88449598879206,59.75594691371581
train,paper_eq1,1090,2,0,18.427691664734095,19.322558070052544
train,paper_eq1,1090,2,1,8.27568757086826,10.05877007818309
train,mask_pca,1090,2,0,18.564952714445372,19.414634216453273
train,mask_pca,1090,2,1,8.170122933498687,9.889493966997144
train,cej_int_midpoint,1090,2,0,18.540368918215858,19.405003739510082
train,cej_int_midpoint,1090,2,1,8.147365990368456,9.872159026126203
train,paper_eq1,1090,4,1,8.827825553951438,10.376101670853064
train,mask_pca,1090,4,1,8.838135958880045,10.422200189286574
train,cej_int_midpoint,1090,4,1,8.830465961179428,11.01393977726878
train,paper_eq1,1092,0,1,3.3616292225629523,0.11957785510128172
train,mask_pca,1092,0,1,3.3574622386571975,0.12192061557101826
train,cej_int_midpoint,1092,0,1,3.3628207028071544,0.13531980530791732
train,paper_eq1,1092,1,1,6.9451210670525345,8.458614844161085
train,mask_pca,1092,1,1,6.863905042361979,8.562146094654613
train,cej_int_midpoint,1092,1,1,6.911188255784745,8.531680113345844
train,paper_eq1,1092,2,1,12.118417502041222,14.473436831648087
train,mask_pca,1092,2,1,12.448655832719737,14.68524085050281
train,cej_int_midpoint,1092,2,1,12.512957649018903,14.736718956603612
train,paper_eq1,1092,3,1,11.145406698671504,14.05896831842462
train,mask_pca,1092,3,1,11.34544286068936,14.12468588440954
train,cej_int_midpoint,1092,3,1,11.423002946357633,14.070913230287657
train,paper_eq1,1093,1,1,68.94347179237401,69.39661191798173
train,mask_pca,1093,1,1,26.139972156331424,25.583852783497118
train,cej_int_midpoint,1093,1,1,61.917096724425534,63.43065074750277
train,paper_eq1,1093,2,0,11.452434262238073,9.887945722964636
train,paper_eq1,1093,2,1,18.160287101684226,16.959202961831217
train,mask_pca,1093,2,0,11.634423876836797,10.011010744300696
train,mask_pca,1093,2,1,17.838902782478804,16.62597636092457
train,cej_int_midpoint,1093,2,0,11.780142199295694,10.115710412204034
train,cej_int_midpoint,1093,2,1,18.169642330907635,16.9162554389127
train,paper_eq1,1094,0,1,1.30247334229211,5.06893839301864
train,mask_pca,1094,0,1,1.28026999695501,5.11041708439982
train,cej_int_midpoint,1094,0,1,1.3405325394395806,5.185483892888867
train,paper_eq1,1094,1,1,62.83235854374467,57.78264410824342
train,mask_pca,1094,1,1,13.500109671942134,15.774017391360266
train,cej_int_midpoint,1094,1,1,38.670095088042466,36.738063667344676
train,paper_eq1,1095,0,0,14.718745821949552,16.782935960705935
train,mask_pca,1095,0,0,14.40254552607525,16.823523563071106
train,mask_pca,1095,0,1,9.23779196642102,0.30976153922244604
train,cej_int_midpoint,1095,0,0,14.516750066391445,16.338745289250696
train,cej_int_midpoint,1095,0,1,9.226699163178072,100.0
train,paper_eq1,1095,1,1,19.97113909554028,19.637026029586348
train,mask_pca,1095,1,1,20.025219686853724,19.954637725732795
train,cej_int_midpoint,1095,1,1,19.292869892969108,20.454658620894136
train,paper_eq1,1095,2,1,10.316621792747002,7.853166000463934
train,mask_pca,1095,2,1,10.624487223078631,8.103690001605056
train,cej_int_midpoint,1095,2,1,10.603991002412672,8.158722159985702
train,paper_eq1,1095,3,0,1.5597470628045753,3.1647753538077263
train,paper_eq1,1095,3,1,7.5917635857747605,99.49912533627618
train,mask_pca,1095,3,0,1.5882558970330498,3.2150763584668147
train,mask_pca,1095,3,1,10.339699947182828,5.970435233989649
train,cej_int_midpoint,1095,3,0,1.4839047774673113,6.284060909570314
train,cej_int_midpoint,1095,3,1,18.72867726250491,79.61919903287055
train,paper_eq1,1096,0,1,6.477239655498732,5.7448592523313895
train,mask_pca,1096,0,1,6.814871954805415,5.877600252655789
train,cej_int_midpoint,1096,0,1,6.997028104574536,5.8601866785829975
train,paper_eq1,1096,1,1,4.520989278694993,5.172841048922589
train,mask_pca,1096,1,1,4.811284634056791,5.410148236299912
train,cej_int_midpoint,1096,1,1,4.819067243415233,5.3104887458437045
train,paper_eq1,1099,0,0,5.114470017804567,4.115161595097671
train,paper_eq1,1099,0,1,4.481947236845672,1.834677208397537
train,mask_pca,1099,0,0,5.178762924845488,4.217459761920582
train,mask_pca,1099,0,1,4.530375217907833,1.9177516025568762
train,cej_int_midpoint,1099,0,0,5.187853062323953,4.219009714910764
train,cej_int_midpoint,1099,0,1,4.524429196041539,1.9166037335264636
train,mask_pca,1099,1,1,4.687822804564755,5.807502861481069
train,paper_eq1,1099,3,1,3.6750891478858807,4.1881228664035905
train,mask_pca,1099,3,1,3.627115484846557,4.20715528666606
train,cej_int_midpoint,1099,3,1,3.7354824741093777,4.23235683095269
train,paper_eq1,110,0,1,30.360161941899623,25.674842109509882
train,mask_pca,110,0,1,30.950065295023617,26.484026765667007
train,cej_int_midpoint,110,0,1,31.161065873488404,26.61708474355096
train,paper_eq1,110,1,1,45.77055379697229,44.77825082442472
train,mask_pca,110,1,1,47.50485808817791,46.627765959724194
train,cej_int_midpoint,110,1,1,47.71176472783748,46.744853073062345
train,paper_eq1,110,2,0,47.67629072003827,66.86352290830439
train,paper_eq1,110,2,1,40.827855166059884,35.50078702867761
train,mask_pca,110,2,0,48.08111182965009,67.92594028529196
train,mask_pca,110,2,1,41.7419423679357,36.328278113866006
train,cej_int_midpoint,110,2,0,47.860596856740926,67.0604617641551
train,cej_int_midpoint,110,2,1,42.438500024795104,37.12739457976038
train,paper_eq1,110,3,1,21.26307100973742,20.691537835970493
train,mask_pca,110,3,1,22.429270928451032,21.654514996129034
train,cej_int_midpoint,110,3,1,22.67997241610302,21.95472981516469
train,paper_eq1,110,4,1,32.15947226467376,22.348175734618593
train,mask_pca,110,4,1,32.96134827239946,18.0014644450594
train,cej_int_midpoint,110,4,1,32.81741845935375,37.885890139667744
train,paper_eq1,1100,1,0,0.48008069025389477,3.959207657161088
train,paper_eq1,1100,1,1,1.0355548069490266,1.655801808220848
train,mask_pca,1100,1,0,0.3892770040857194,4.066535772473995
train,mask_pca,1100,1,1,0.9241869610190245,1.7459146281429072
train,cej_int_midpoint,1100,1,0,2.5560064574918306,4.047613149230158
train,cej_int_midpoint,1100,1,1,1.9493257521674883,1.7622172344276328
train,paper_eq1,1100,2,0,1.0540894264949947,2.1324459235566846
train,mask_pca,1100,2,0,1.0284074317157252,2.080976776663026
train,mask_pca,1100,2,1,3.1936109896547764,6.416677673199644
train,cej_int_midpoint,1100,2,0,0.9263468030427192,3.3480981201189675
train,paper_eq1,1104,0,1,4.5849790056845325,4.240277840243327
train,mask_pca,1104,0,1,4.603304950038716,4.258035033673164
train,cej_int_midpoint,1104,0,1,4.687835372101853,4.29525430893142
train,paper_eq1,1104,1,1,7.922705323359478,6.764517070483469
train,mask_pca,1104,1,1,7.786613170010166,6.637097881111774
train,cej_int_midpoint,1104,1,1,7.912424950328094,6.797416812136313
train,paper_eq1,1104,2,0,13.142863536915117,13.48440362305757
train,paper_eq1,1104,2,1,12.46592364345035,9.22990367126008
train,mask_pca,1104,2,0,14.464770902590713,14.895315568997585
train,mask_pca,1104,2,1,12.364609857479975,8.985112248005724
train,cej_int_midpoint,1104,2,0,15.480505199831645,16.369346451720176
train,cej_int_midpoint,1104,2,1,12.418926251638071,9.149914650873637
train,paper_eq1,1104,3,0,14.23364342632301,7.675304215685062
train,paper_eq1,1104,3,1,21.01905523794019,20.956737028494825
train,mask_pca,1104,3,0,15.087581607693288,8.313653603818775
train,mask_pca,1104,3,1,22.048648099011544,21.84922847397579
train,cej_int_midpoint,1104,3,0,15.240666903192723,8.512443093384938
train,cej_int_midpoint,1104,3,1,21.872368845923624,21.56492826873804
train,paper_eq1,1105,1,1,7.8213252249941645,10.42319372351339
train,mask_pca,1105,1,1,7.8749135410512565,10.440110841849352
train,cej_int_midpoint,1105,1,1,7.872409234812094,10.440009875628041
train,paper_eq1,1105,2,1,7.700738686959953,13.319240785897508
train,mask_pca,1105,2,1,7.726476593325941,15.048805053258096
train,cej_int_midpoint,1105,2,1,7.346159352801412,14.897071542327364
train,paper_eq1,1105,3,0,4.294679491681106,8.036424776688694
train,paper_eq1,1105,3,1,2.3285986348061707,8.114131884018548
train,mask_pca,1105,3,0,4.466631652786994,8.09010656544142
train,mask_pca,1105,3,1,2.4995980096966095,8.438252066868747
train,cej_int_midpoint,1105,3,0,4.445042557919086,8.077902852349036
train,cej_int_midpoint,1105,3,1,2.518020278429823,8.495656634044854
train,paper_eq1,1107,1,1,14.495194092272948,13.144032015543013
train,mask_pca,1107,1,1,15.08411821893311,13.886200120125961
train,cej_int_midpoint,1107,1,1,15.098764361329255,13.996085244115452
train,mask_pca,1107,2,1,2.8288456617042557,13.265257698193844
train,paper_eq1,1107,3,1,1.3455492233234374,0.010469664378307384
train,mask_pca,1107,3,1,1.182014824704373,0.3118383485927204
train,cej_int_midpoint,1107,3,1,1.0664669722828388,0.45948296895356405
train,paper_eq1,1108,0,1,16.089114207502732,16.840678673561843
train,mask_pca,1108,0,1,16.199358882909575,16.93670726288297
train,cej_int_midpoint,1108,0,1,16.21247381238894,16.91337490484523
train,paper_eq1,1108,1,1,13.769369960133243,12.686243455178486
train,mask_pca,1108,1,1,13.812571550457273,12.76283001088096
train,cej_int_midpoint,1108,1,1,13.809792128476332,12.764213619441794
train,paper_eq1,1108,2,1,7.784090517773046,3.9843663121426363
train,mask_pca,1108,2,1,7.680389715150633,3.9678656294686867
train,cej_int_midpoint,1108,2,1,7.683097093753203,3.964678381255735
train,paper_eq1,1109,0,0,12.205209655161662,13.325576545630986
train,paper_eq1,1109,0,1,30.44737304965983,27.068295614278014
train,mask_pca,1109,0,0,13.042332264366138,14.285196467047664
train,mask_pca,1109,0,1,30.17107189347175,27.207197519589876
train,cej_int_midpoint,1109,0,0,13.550502740454986,14.705305568643325
train,cej_int_midpoint,1109,0,1,30.401612624732827,27.133683820194104
train,paper_eq1,1109,1,1,78.11307661267722,79.7423402460893
train,mask_pca,1109,1,1,32.200979724298584,30.921727826319728
train,cej_int_midpoint,1109,1,1,65.46663987560703,66.52522066106664
train,paper_eq1,1109,2,0,14.50780756988524,12.860702438850838
train,paper_eq1,1109,2,1,17.489613534500254,18.17466940461957
train,mask_pca,1109,2,0,15.214665245578484,13.287898237158496
train,mask_pca,1109,2,1,17.53608248595943,18.219578730519636
train,cej_int_midpoint,1109,2,0,15.335758628511865,13.288688957624242
train,cej_int_midpoint,1109,2,1,17.512368272730995,18.21926020866825
train,paper_eq1,1109,3,1,12.490768672226656,12.937984378406057
train,mask_pca,1109,3,1,12.498892520252605,12.95866754118572
train,cej_int_midpoint,1109,3,1,12.494325229022436,12.999056212709304
train,paper_eq1,1111,0,1,11.399406453008366,11.151332852992564
train,mask_pca,1111,0,1,30.975538291203197,31.093402752514255
train,paper_eq1,1111,1,0,6.227009122822712,10.119343639454826
train,paper_eq1,1111,1,1,6.474996152225277,3.4902234618836756
train,mask_pca,1111,1,0,7.116046072959889,10.43567598814028
train,mask_pca,1111,1,1,6.46363830037495,3.463331027303655
train,cej_int_midpoint,1111,1,0,9.24463571914739,10.774751883316549
train,cej_int_midpoint,1111,1,1,7.931928429685499,3.6271985538558176
train,paper_eq1,1111,2,0,3.1946375543983816,8.148020123132959
train,mask_pca,1111,2,0,3.648936799785537,8.319688284612651
train,mask_pca,1111,2,1,48.205413682579255,0.14139448430785892
train,paper_eq1,1114,0,1,15.834191193137737,15.86630009503533
train,mask_pca,1114,0,1,15.849621952643444,15.869931602746837
train,cej_int_midpoint,1114,0,1,15.848272055126872,15.868923898032294
train,paper_eq1,1114,2,1,11.480872746066757,13.820794217048308
train,mask_pca,1114,2,1,11.48563508534483,13.825317542686319
train,cej_int_midpoint,1114,2,1,11.308104779805916,13.822382412273324
train,paper_eq1,1114,4,1,11.191315242191193,11.275920133609679
train,mask_pca,1114,4,1,11.205746370493735,11.283673147147901
train,cej_int_midpoint,1114,4,1,11.26726207335335,11.305667920238703
train,paper_eq1,1115,0,1,11.47754282252519,9.995211805815545
train,mask_pca,1115,0,1,11.691486180654605,10.092286673633135
train,cej_int_midpoint,1115,0,1,12.025615691653888,10.18869969390898
train,paper_eq1,1115,1,0,15.096863053256785,10.496436932059206
train,paper_eq1,1115,1,1,14.491545841327518,13.19325398537519
train,mask_pca,1115,1,0,14.825045931121519,10.653649138979848
train,mask_pca,1115,1,1,15.192991392161836,13.719531120456447
train,cej_int_midpoint,1115,1,0,14.983117172700897,10.593776899463036
train,cej_int_midpoint,1115,1,1,15.765229674284031,14.073146537416456
train,paper_eq1,1115,2,1,11.507012817392662,10.074396370617174
train,mask_pca,1115,2,1,18.418064785142125,15.980511176725386
train,cej_int_midpoint,1115,2,1,48.78926701570671,47.90825902467091
train,paper_eq1,1115,3,1,14.018554250190753,11.971812398525666
train,mask_pca,1115,3,1,14.476765098108906,12.19480668824739
train,cej_int_midpoint,1115,3,1,12.412557525859071,12.229858503882216
train,paper_eq1,1116,2,0,3.0398109118915726,0.963869869484155
train,paper_eq1,1116,2,1,4.668329348860468,2.0818861970062232
train,mask_pca,1116,2,0,2.9693371459641593,0.9461804513042735
train,mask_pca,1116,2,1,4.880535530794053,2.2211123151567493
train,cej_int_midpoint,1116,2,0,3.211604276075701,0.998149603275644
train,cej_int_midpoint,1116,2,1,5.0739956960825925,2.364626753587893
train,paper_eq1,1116,3,1,7.409398056106976,9.687215131174204
train,mask_pca,1116,3,1,7.49416406085034,9.68357256943959
train,cej_int_midpoint,1116,3,1,7.502282794240359,9.688430151702326
train,paper_eq1,1117,0,1,17.382952705313688,16.11101225559607
train,mask_pca,1117,0,1,17.666696389900284,16.487363144759595
train,cej_int_midpoint,1117,0,1,17.622859319192962,16.425705302969057
train,mask_pca,1117,1,1,8.04232989988983,7.398863379160549
train,cej_int_midpoint,1117,1,1,77.3207364116941,97.58608931076127
train,paper_eq1,1118,0,1,3.3361379306662697,0.5460099807328139
train,mask_pca,1118,0,1,3.227060012794203,0.470903710076221
train,cej_int_midpoint,1118,0,1,3.1708043995482327,0.4958083114676907
train,paper_eq1,1118,1,1,1.9402851097125726,1.8296940649356497
train,mask_pca,1118,1,1,1.9845970883743453,1.849275998301239
train,cej_int_midpoint,1118,1,1,1.939137496983688,1.8307487891143208
train,paper_eq1,1118,2,1,39.251179024320635,8.486239186730273
train,mask_pca,1118,2,1,6.655035673733504,8.446730122466176
train,paper_eq1,1119,0,1,27.68725460115234,25.69859128375495
train,mask_pca,1119,0,1,27.59359890862348,25.575125688620926
train,cej_int_midpoint,1119,0,1,27.59216176428008,25.569830141664866
train,paper_eq1,1119,1,0,27.594826394058668,31.208242796738766
train,paper_eq1,1119,1,1,4.288074224675517,3.960742757172711
train,mask_pca,1119,1,0,27.393938587969995,31.602572681418874
train,mask_pca,1119,1,1,4.426570511331613,4.137400462034887
train,cej_int_midpoint,1119,1,0,27.551391357888843,31.31937011940632
train,cej_int_midpoint,1119,1,1,4.570112413077755,4.358585078594602
train,paper_eq1,1119,2,1,7.511326748701556,7.606767160408137
train,mask_pca,1119,2,1,7.721933987215681,8.144994836751785
train,cej_int_midpoint,1119,2,1,7.76701413391141,8.192166090710176
train,paper_eq1,1119,3,1,18.695498063856142,16.385980014086996
train,mask_pca,1119,3,1,19.15856936582426,16.69214153671851
train,cej_int_midpoint,1119,3,1,19.058993628632127,16.616852288437745
train,paper_eq1,112,0,1,14.766036778379533,15.989395610740557
train,mask_pca,112,0,1,15.164053773664143,16.447040961174693
train,cej_int_midpoint,112,0,1,15.299086881103047,16.653725428286926
train,paper_eq1,112,1,0,12.08393054371637,6.324571738386066
train,paper_eq1,112,1,1,14.685559713583917,14.147266409282627
train,mask_pca,112,1,0,12.17250999116182,6.443396071628109
train,mask_pca,112,1,1,15.421171894054469,14.902325633490362
train,cej_int_midpoint,112,1,0,12.316315940059487,6.410525244475456
train,cej_int_midpoint,112,1,1,15.608370914701464,15.165692784594997
train,paper_eq1,112,2,1,13.580648178137944,14.301318526920232
train,mask_pca,112,2,1,14.061080603799955,14.526514324702994
train,cej_int_midpoint,112,2,1,14.238939072279011,14.547159218306188
train,paper_eq1,112,3,1,24.773733460569336,21.140836776416837
train,mask_pca,112,3,1,24.81346201807242,21.39119559500737
train,cej_int_midpoint,112,3,1,24.786106612982433,21.2995825993334
train,paper_eq1,112,4,1,18.30750344614545,17.843990944842965
train,mask_pca,112,4,1,18.181295558553902,18.808742751356146
train,cej_int_midpoint,112,4,1,18.307503446145482,18.543243460436283
train,paper_eq1,1122,0,1,4.82357463056975,4.9725449289405095
train,mask_pca,1122,0,1,4.869426236145234,4.98395362970298
train,cej_int_midpoint,1122,0,1,4.807201955912565,4.962700080367984
train,paper_eq1,1122,1,1,96.61620985466955,100.0
train,mask_pca,1122,1,1,7.740486698273669,6.966710611147242
train,cej_int_midpoint,1122,1,1,80.53157742235398,85.38268647476745
train,paper_eq1,1122,2,0,8.799977645814034,5.674360355670284
train,paper_eq1,1122,2,1,2.2052002138643987,0.6491813006304615
train,mask_pca,1122,2,0,8.974382532557653,5.847657161332543
train,mask_pca,1122,2,1,2.580956228613099,1.0347048602109572
train,cej_int_midpoint,1122,2,0,8.833875108331444,5.701788585338761
train,cej_int_midpoint,1122,2,1,2.774470552538705,1.2339035742207178
train,paper_eq1,1122,3,1,15.325570892641005,16.726587941086247
train,mask_pca,1122,3,1,16.197267737172176,16.96645700375179
train,cej_int_midpoint,1122,3,1,15.738384916876663,16.78523253909372
train,paper_eq1,1125,1,0,3.874361072477258,4.775333087175298
train,paper_eq1,1125,1,1,0.30503572080294095,3.9491925884178074
train,mask_pca,1125,1,0,4.161795149399447,4.857235535739664
train,mask_pca,1125,1,1,0.36000398888382323,3.9789246636414157
train,cej_int_midpoint,1125,1,0,5.5110993191669655,5.014107651029198
train,cej_int_midpoint,1125,1,1,1.150233824738158,4.265291661848137
train,paper_eq1,1126,0,1,7.666335291843571,1.0227054507875437
train,mask_pca,1126,0,1,7.831066150840278,0.9995671132120428
train,cej_int_midpoint,1126,0,1,7.932591662180763,0.9843695992294276
train,paper_eq1,1126,1,1,7.825416841810289,8.427945252360294
train,mask_pca,1126,1,1,7.962946577364842,8.485180183604726
train,cej_int_midpoint,1126,1,1,7.855147216849345,8.47414701772102
train,paper_eq1,1126,2,1,14.27718221267979,12.97006612703825
train,mask_pca,1126,2,1,14.20348638282645,12.959606341551241
train,cej_int_midpoint,1126,2,1,14.261410788381742,12.96416836847384
train,paper_eq1,1128,0,1,5.768006741233907,4.869116210279975
train,mask_pca,1128,0,1,5.969177287791492,5.005805202588218
train,cej_int_midpoint,1128,0,1,3.6611734766152697,4.952436213127834
train,mask_pca,1128,1,1,1.450669429267731,3.657809480021426
train,paper_eq1,1128,2,1,17.25926047406495,15.9496610535053
train,mask_pca,1128,2,1,18.03830628257613,16.301001391011983
train,cej_int_midpoint,1128,2,1,18.220633717967974,16.4095115478094
train,paper_eq1,1129,1,1,3.0746194871375234,4.896516086767049
train,mask_pca,1129,1,1,3.091688534908769,4.845318142050265
train,cej_int_midpoint,1129,1,1,3.0769992888197004,4.852727469569099
train,paper_eq1,1129,2,1,4.692003153623143,7.4276713611718534
train,mask_pca,1129,2,1,4.630864153651329,7.3845837729390285
train,cej_int_midpoint,1129,2,1,4.680906994248962,7.542664938790406
train,paper_eq1,1129,3,0,2.743110621885513,0.543391210502993
train,paper_eq1,1129,3,1,7.897330141108975,9.711263377246476
train,mask_pca,1129,3,0,2.775322404938806,0.18542744127004238
train,mask_pca,1129,3,1,6.981182707430449,9.731439106823924
train,cej_int_midpoint,1129,3,0,2.9372239113230965,0.2687452757079381
train,cej_int_midpoint,1129,3,1,8.762307238110239,9.695112502070376
train,paper_eq1,1130,0,1,6.945130468651274,8.03776691763244
train,mask_pca,1130,0,1,6.944619926563927,7.98399435959221
train,cej_int_midpoint,1130,0,1,6.94497016360604,8.031381031438054
train,paper_eq1,1130,1,0,9.029583133958473,8.002933121419693
train,paper_eq1,1130,1,1,6.509455919095824,7.378113612515258
train,mask_pca,1130,1,0,8.99975037615128,8.013475497093053
train,mask_pca,1130,1,1,6.530479608346569,7.496334074519301
train,cej_int_midpoint,1130,1,0,9.05331442236142,8.020716372504056
train,cej_int_midpoint,1130,1,1,6.50686946131056,7.545893792273504
train,mask_pca,1130,2,1,3.6515789627039044,4.752631826422188
train,paper_eq1,1130,4,1,11.036349745662998,8.991210735322012
train,mask_pca,1130,4,1,11.072392339068264,9.010802611935901
train,cej_int_midpoint,1130,4,1,11.119672280411477,9.017167036765649
train,paper_eq1,1131,0,1,11.243150034664582,11.703355810083078
train,mask_pca,1131,0,1,11.331539820603068,11.714913181371996
train,cej_int_midpoint,1131,0,1,11.304690377478652,11.705827345017713
train,paper_eq1,1131,1,1,10.24925632299674,13.517512578411395
train,mask_pca,1131,1,1,10.361695621080754,13.58912690820456
train,cej_int_midpoint,1131,1,1,10.418408240624528,13.582458014110443
train,paper_eq1,1131,2,1,17.493340008594032,45.18464862807539
train,mask_pca,1131,2,1,17.982111199232513,24.7114627230875
train,cej_int_midpoint,1131,2,1,18.072308507928486,37.589023042162744
train,paper_eq1,1132,0,0,8.07492581949229,11.0040590838664
train,paper_eq1,1132,0,1,4.5555152589059675,5.083589353781429
train,mask_pca,1132,0,0,7.910534179056003,11.338142156885025
train,mask_pca,1132,0,1,5.2941362457854915,5.240503888753904
train,cej_int_midpoint,1132,0,0,8.094678279289113,11.285955017395388
train,cej_int_midpoint,1132,0,1,5.988742853471648,5.26309870219018
train,paper_eq1,1132,1,0,5.980397592310494,5.858968186549799
train,paper_eq1,1132,1,1,8.374886843131234,7.296663336614693
train,mask_pca,1132,1,0,6.005557922033168,5.741968517768253
train,mask_pca,1132,1,1,8.559113523220878,7.476920717487473
train,cej_int_midpoint,1132,1,0,5.984523383095213,5.946900084482614
train,cej_int_midpoint,1132,1,1,8.699529938783064,7.837565585555652
train,paper_eq1,1132,3,1,9.695680187933082,10.996281324182034
train,mask_pca,1132,3,1,10.460038531924521,11.567567076709247
train,cej_int_midpoint,1132,3,1,10.937335606189778,11.71549145475096
train,paper_eq1,1133,0,0,18.697682021004844,18.11163889539444
train,paper_eq1,1133,0,1,11.531638705040452,10.227953714151289
train,mask_pca,1133,0,0,18.690329007839313,18.129710170780875
train,mask_pca,1133,0,1,12.240915614146033,14.119288558451967
train,cej_int_midpoint,1133,0,0,18.691474125932295,18.117800357039812
train,cej_int_midpoint,1133,0,1,12.268014323710133,14.72076303810424
train,paper_eq1,1133,1,0,8.771670992301397,11.4677882212066
train,paper_eq1,1133,1,1,8.504982113112119,8.510929886499948
train,mask_pca,1133,1,0,8.72166714267916,11.372277984605853
train,mask_pca,1133,1,1,9.0152291135041,11.081513372304112
train,cej_int_midpoint,1133,1,0,8.771838849051598,11.479655238577925
train,cej_int_midpoint,1133,1,1,9.316886559063093,12.22268645462551
train,paper_eq1,1134,1,1,8.63185052050212,8.336164382760987
train,mask_pca,1134,1,1,9.038403460711192,8.47013069014028
train,cej_int_midpoint,1134,1,1,8.875301515993376,8.418079290004739
train,paper_eq1,1134,2,1,14.16724507965752,10.805783789649766
train,mask_pca,1134,2,1,14.172723482033822,10.815953487908184
train,cej_int_midpoint,1134,2,1,15.08609757542574,10.851657065504524
train,paper_eq1,1134,3,1,11.62227656124898,9.84184939278667
train,mask_pca,1134,3,1,12.492215594846934,10.612116172885498
train,cej_int_midpoint,1134,3,1,12.978967547856431,10.901069389138378
train,paper_eq1,1135,0,0,7.171550341667128,8.391320177555386
train,paper_eq1,1135,0,1,7.553893771154422,9.501584953262714
train,mask_pca,1135,0,0,7.187102389178938,8.366547439290983
train,mask_pca,1135,0,1,7.627581705671774,9.83903801347472
train,cej_int_midpoint,1135,0,0,7.189855451447073,8.401393352288325
train,cej_int_midpoint,1135,0,1,7.621022670236856,10.056791659845707
train,paper_eq1,1135,1,1,8.666637012357528,6.398617401087855
train,mask_pca,1135,1,1,8.851405666025142,6.425764605283296
train,cej_int_midpoint,1135,1,1,8.825747145919149,6.409392478038617
train,paper_eq1,1135,2,1,88.37273278590324,14.292902468276909
train,mask_pca,1135,2,1,17.389424720121205,14.446649078554946
train,cej_int_midpoint,1135,2,1,62.567438656224375,14.473831664706319
train,paper_eq1,1136,1,1,4.299760210940781,7.819560741592109
train,mask_pca,1136,1,1,4.294334102325551,8.167035645441995
train,cej_int_midpoint,1136,1,1,4.298488894486445,8.065050701467005
train,paper_eq1,1136,2,1,13.069954185864702,11.789568458456259
train,mask_pca,1136,2,1,13.067516692966558,12.002420555929225
train,cej_int_midpoint,1136,2,1,13.071415190568949,12.147380159200688
train,paper_eq1,1139,0,0,14.736279458415504,12.00184730348867
train,paper_eq1,1139,0,1,16.301892692514325,14.480141236895458
train,mask_pca,1139,0,0,14.892334673644218,13.075025510716673
train,mask_pca,1139,0,1,16.906145519308414,15.128661579780786
train,cej_int_midpoint,1139,0,0,14.872039571850348,12.932190091066161
train,cej_int_midpoint,1139,0,1,16.964225302818384,15.277966279631276
train,paper_eq1,1139,1,1,95.78072284067196,92.95748060185383
train,mask_pca,1139,1,1,12.775008081813056,11.34032594704838
train,cej_int_midpoint,1139,1,1,83.71074987141918,78.781476028259
train,paper_eq1,1139,2,1,14.059880265021036,13.85009131221632
train,mask_pca,1139,2,1,14.66345999635269,14.384717631167371
train,cej_int_midpoint,1139,2,1,14.904884828644024,14.545048513427458
train,paper_eq1,114,0,1,32.86330955700887,32.92358062276621
train,mask_pca,114,0,1,34.25359606965802,34.04826589333008
train,cej_int_midpoint,114,0,1,34.46261567456776,34.24392783953032
train,paper_eq1,114,1,1,53.65519038005859,73.65403808465074
train,mask_pca,114,1,1,55.76339797506007,74.46547834773013
train,cej_int_midpoint,114,1,1,56.041753822872465,74.45480510666769
train,paper_eq1,114,2,1,59.152771153633886,49.23557052260693
train,mask_pca,114,2,1,60.656293503637656,50.45768213436834
train,cej_int_midpoint,114,2,1,60.306576681890654,50.25877494830344
train,paper_eq1,1142,1,1,10.232251169736935,13.653453009182915
train,mask_pca,1142,1,1,10.386767607692766,13.715642409119072
train,cej_int_midpoint,1142,1,1,10.328221249257238,13.66199110363707
train,paper_eq1,1142,2,1,3.613198087365519,3.944758672494591
train,mask_pca,1142,2,1,3.979213961805906,4.175799200333498
train,cej_int_midpoint,1142,2,1,4.670050244787461,4.237973858444134
train,paper_eq1,1142,3,0,4.275243002755699,5.905507113347537
train,paper_eq1,1142,3,1,6.127612428646694,5.86153239150616
train,mask_pca,1142,3,0,4.463845049182036,6.304615611069209
train,mask_pca,1142,3,1,6.011120023589107,5.917616146608841
train,cej_int_midpoint,1142,3,0,4.497506577586821,6.289004546918386
train,cej_int_midpoint,1142,3,1,6.039735111336793,5.923684350872167
train,mask_pca,1142,4,1,5.986836313485654,4.830757379640512
train,paper_eq1,1145,0,1,6.0605719272312575,6.68631342255056
train,mask_pca,1145,0,1,5.98379559949052,6.6670895870853135
train,cej_int_midpoint,1145,0,1,6.117451888337287,6.685810592378573
train,paper_eq1,1145,1,1,2.164954299700548,0.8080527317113314
train,mask_pca,1145,1,1,2.7629765976725325,1.1086939948472576
train,cej_int_midpoint,1145,1,1,4.071635387701705,1.709273789803572
train,paper_eq1,1149,2,1,4.098228747022855,5.0366541189535665
train,mask_pca,1149,2,1,4.210348612024487,5.5168926804213925
train,cej_int_midpoint,1149,2,1,4.379872776196931,10.11472948980797
train,paper_eq1,115,0,0,21.408448827850105,22.006083346616357
train,paper_eq1,115,0,1,14.443660215750558,13.243837759710841
train,mask_pca,115,0,0,21.010055351076698,21.545231170416994
train,mask_pca,115,0,1,14.975506183473527,13.652343528397573
train,cej_int_midpoint,115,0,0,21.26711425422358,21.876591705923083
train,cej_int_midpoint,115,0,1,15.187951133077924,13.888618547810601
train,paper_eq1,1150,1,1,11.678708527754722,11.111052757465846
train,mask_pca,1150,1,1,11.690365705306352,11.085666629615442
train,cej_int_midpoint,1150,1,1,11.68652516227634,11.100680335719536
train,paper_eq1,1150,2,0,5.566461266980971,6.667803591598711
train,paper_eq1,1150,2,1,10.998553632479442,9.22661761441751
train,mask_pca,1150,2,0,5.701627861581377,6.683752984748345
train,mask_pca,1150,2,1,11.06538695350913,9.58372228219235
train,cej_int_midpoint,1150,2,0,5.7960884898512885,6.685725259122398
train,cej_int_midpoint,1150,2,1,11.032158015673742,9.557813250423505
train,paper_eq1,1151,0,1,24.339033298740162,24.87530291393643
train,mask_pca,1151,0,1,24.281502266403805,24.906519810842983
train,cej_int_midpoint,1151,0,1,24.275437083910244,24.908277317367087
train,paper_eq1,1151,1,1,23.465277593255387,19.907784313889092
train,mask_pca,1151,1,1,22.504374223276997,19.882431865338265
train,cej_int_midpoint,1151,1,1,22.677402120614982,19.881220213249666
train,paper_eq1,1151,2,1,24.38903351418866,23.65165838408614
train,mask_pca,1151,2,1,25.01852106605169,24.42903716936146
train,cej_int_midpoint,1151,2,1,23.529960700593595,24.71960411818816
train,paper_eq1,1151,3,1,14.577787006341536,14.90775049519734
train,mask_pca,1151,3,1,14.867035882048848,14.858179998844049
train,cej_int_midpoint,1151,3,1,18.77363487075519,14.695022775961169
train,paper_eq1,1151,4,1,14.863521525210647,22.448516486460754
train,mask_pca,1151,4,1,16.361981731162327,24.033510999877247
train,cej_int_midpoint,1151,4,1,16.977277303545,24.349867037290014
train,paper_eq1,1152,0,1,69.46323803281015,84.64854664614595
train,mask_pca,1152,0,1,69.60525110165491,85.04027645098034
train,cej_int_midpoint,1152,0,1,69.96746291609668,85.31651854805932
train,paper_eq1,1152,1,1,56.19406616454182,55.970670231730615
train,mask_pca,1152,1,1,56.00344287006378,55.99475058508272
train,cej_int_midpoint,1152,1,1,56.08886274348177,55.9890014440667
train,paper_eq1,1152,2,1,66.23888245165894,59.94562473801983
train,mask_pca,1152,2,1,66.8693564869442,60.37894663851727
train,cej_int_midpoint,1152,2,1,66.945425117663,60.38469853118686
train,paper_eq1,1152,3,1,62.788771650307176,42.80904175571108
train,mask_pca,1152,3,1,74.70745626843033,53.26807265544379
train,cej_int_midpoint,1152,3,1,79.01902112995145,60.86313566308071
train,mask_pca,1154,1,1,2.5359795292846226,6.507638318660656
train,paper_eq1,1154,2,1,9.385550693087344,9.88912892166132
train,mask_pca,1154,2,1,9.75054253474466,10.141183745112654
train,cej_int_midpoint,1154,2,1,9.848632234097817,10.177105336454115
train,paper_eq1,1156,0,1,52.25268612996514,57.13081893310375
train,mask_pca,1156,0,1,54.15581905531207,58.81390402025638
train,cej_int_midpoint,1156,0,1,54.19056338399296,58.664156918638845
train,paper_eq1,1156,1,1,74.0275514631386,75.42416947226951
train,mask_pca,1156,1,1,75.97842529632908,83.90650743883059
train,cej_int_midpoint,1156,1,1,74.64118758993664,82.02789287815118
train,paper_eq1,1156,3,1,60.95268585108498,39.283961890008214
train,mask_pca,1156,3,1,41.84532026467105,40.22949767775252
train,cej_int_midpoint,1156,3,1,51.79205349180717,40.16759151317837
train,mask_pca,1157,0,1,17.25650178780061,15.761323039439121
train,paper_eq1,1157,1,1,3.564472985124402,6.3943356104209315
train,mask_pca,1157,1,1,3.5957765434038036,6.378759410451266
train,cej_int_midpoint,1157,1,1,3.7480817961767885,6.423750931005369
train,paper_eq1,1157,2,0,7.700635474399571,9.29317015031519
train,paper_eq1,1157,2,1,70.5511625010384,85.54143486152942
train,mask_pca,1157,2,0,8.04700398526943,9.741671554461163
train,mask_pca,1157,2,1,68.88606037131791,83.24300564250532
train,cej_int_midpoint,1157,2,0,7.804508196024298,9.435271811509079
train,cej_int_midpoint,1157,2,1,70.33233454654574,85.25943842025569
train,paper_eq1,1158,2,1,64.50253321800403,56.77532402922153
train,mask_pca,1158,2,1,64.60227763737431,56.85359298333126
train,cej_int_midpoint,1158,2,1,64.60175985852902,56.8530498248204
train,paper_eq1,1159,0,1,34.55306400967687,34.66223566496334
train,mask_pca,1159,0,1,35.30334151166018,35.496224050432595
train,cej_int_midpoint,1159,0,1,33.43350124887999,35.592368298651266
train,paper_eq1,1159,1,1,68.3242877076754,69.0660499392623
train,mask_pca,1159,1,1,50.612700051693196,52.8067996927745
train,cej_int_midpoint,1159,1,1,62.525968550239675,62.70762764682406
train,paper_eq1,1160,1,1,19.076944479383233,19.925156319746225
train,mask_pca,1160,1,1,19.216149306171197,20.0726208255802
train,cej_int_midpoint,1160,1,1,18.71231659612502,20.14064339846852
train,paper_eq1,1160,2,1,51.87526892904635,52.501453415779785
train,mask_pca,1160,2,1,19.271042281008786,20.080521954300163
train,cej_int_midpoint,1160,2,1,37.865705826119694,37.856490367913
train,paper_eq1,1161,0,1,3.446173694928092,5.844474399945568
train,mask_pca,1161,0,1,4.055532484435387,5.950818184118257
train,cej_int_midpoint,1161,0,1,2.9076243804530773,5.907645027059475
train,paper_eq1,1161,1,0,12.696598146358346,11.067895721088835
train,paper_eq1,1161,1,1,9.474688313236708,10.023580950295363
train,mask_pca,1161,1,0,12.551486314653765,10.771326593949752
train,mask_pca,1161,1,1,9.580115197480875,10.072022873494044
train,cej_int_midpoint,1161,1,0,12.687709289749503,11.08516983364493
train,cej_int_midpoint,1161,1,1,9.695769971728875,10.135819192336278
train,paper_eq1,1161,2,0,8.151405360861421,19.081638502059057
train,paper_eq1,1161,2,1,40.035461159647284,23.766960231501443
train,mask_pca,1161,2,0,8.23381829743745,19.124731375496243
train,mask_pca,1161,2,1,44.06049810285953,44.356036750716875
train,cej_int_midpoint,1161,2,0,8.36229035406333,19.21111998867383
train,cej_int_midpoint,1161,2,1,43.774549664297545,46.25400288478093
train,paper_eq1,1163,0,1,22.467614759939,24.84506334684381
train,mask_pca,1163,0,1,22.813286469782142,25.05027751224846
train,cej_int_midpoint,1163,0,1,22.727979319622563,24.929279166580866
train,paper_eq1,1163,1,1,40.958284416403714,40.51569533763085
train,mask_pca,1163,1,1,41.06445844813267,40.59295237680285
train,cej_int_midpoint,1163,1,1,40.81839155686352,40.560454597433534
train,paper_eq1,1163,2,1,38.60499805542404,42.45429940225324
train,mask_pca,1163,2,1,38.81790396018078,42.75147222037805
train,cej_int_midpoint,1163,2,1,38.83681188259467,42.731868230655955
train,paper_eq1,1163,3,1,27.33306400537015,30.379033093341217
train,mask_pca,1163,3,1,27.474858026208054,30.45200652053925
train,cej_int_midpoint,1163,3,1,27.500651463492126,30.40296913953594
train,paper_eq1,1165,1,1,22.398693028263455,24.91862832700815
train,mask_pca,1165,1,1,23.214360249165512,25.947958226182514
train,cej_int_midpoint,1165,1,1,26.23017712932147,26.382243299221724
train,paper_eq1,1165,2,1,25.344856026887065,30.968458198755606
train,mask_pca,1165,2,1,26.344845919167,32.373723818377584
train,cej_int_midpoint,1165,2,1,24.196242641985883,32.53495761901787
train,paper_eq1,1165,3,1,24.949671101808903,25.877392224604666
train,mask_pca,1165,3,1,25.308117886428192,26.276358233436408
train,cej_int_midpoint,1165,3,1,25.24378050016524,26.145937641627658
train,paper_eq1,1165,4,1,7.816529678944151,7.209218225298687
train,mask_pca,1165,4,1,8.366565399426376,7.651045730745159
train,cej_int_midpoint,1165,4,1,8.481605237993556,7.8137516066947725
train,paper_eq1,1167,1,1,31.87090716946117,32.347784932645574
train,mask_pca,1167,1,1,17.95912642083619,19.899311872473145
train,cej_int_midpoint,1167,1,1,70.46426049128762,69.68572848003181
train,paper_eq1,1167,2,1,49.59650236221395,48.501640083976824
train,mask_pca,1167,2,1,51.32988015407519,50.342988751012875
train,cej_int_midpoint,1167,2,1,51.24799966081029,50.224676789177146
train,paper_eq1,1168,0,1,16.373006961946633,11.957122672103853
train,mask_pca,1168,0,1,16.43708296197788,11.964562875128031
train,cej_int_midpoint,1168,0,1,16.414294100887965,11.961603422224206
train,paper_eq1,1168,1,1,8.07124745426276,9.158295142456135
train,mask_pca,1168,1,1,8.54778185713604,9.730532150431051
train,cej_int_midpoint,1168,1,1,8.621688732277738,9.83598243525704
train,paper_eq1,1169,0,1,8.350948693498585,9.911315750196929
train,mask_pca,1169,0,1,8.470442532407349,10.067776655436106
train,cej_int_midpoint,1169,0,1,8.417676853788203,9.951649504391638
train,paper_eq1,1169,1,1,8.612238454860947,8.139809368953687
train,mask_pca,1169,1,1,10.023987892662067,9.385271526261386
train,cej_int_midpoint,1169,1,1,10.16356391287466,9.316667584301157
train,mask_pca,1170,0,1,23.46600550042577,29.489846495141553
train,paper_eq1,1170,1,1,25.188953761024045,25.98015280848733
train,mask_pca,1170,1,1,25.930710110719946,26.90272747727025
train,cej_int_midpoint,1170,1,1,26.33832296677165,27.415432873610502
train,paper_eq1,1170,2,1,12.454288922491397,67.34770503569595
train,mask_pca,1170,2,1,12.355913269637657,67.70362549365753
train,cej_int_midpoint,1170,2,1,12.376879672455745,67.86565820862197
train,paper_eq1,1170,3,1,11.542375231878317,10.77526535332133
train,mask_pca,1170,3,1,12.186871681543773,11.125003388047485
train,cej_int_midpoint,1170,3,1,12.659800312020339,11.283134733921814
train,paper_eq1,1171,0,0,51.471523876044586,51.02990870137861
train,paper_eq1,1171,0,1,31.364071132676585,30.115061979724423
train,mask_pca,1171,0,0,51.01536150888158,53.81564827284806
train,mask_pca,1171,0,1,32.44867151697826,31.766233786552107
train,cej_int_midpoint,1171,0,0,51.57265294296395,51.99012088085364
train,cej_int_midpoint,1171,0,1,33.20506393103537,32.438376555565675
train,paper_eq1,1172,0,1,35.57821641698916,35.54064888046642
train,mask_pca,1172,0,1,36.80116493078281,36.54187476104852
train,cej_int_midpoint,1172,0,1,37.103225557827045,36.68311732323402
train,paper_eq1,1172,1,1,39.40943876511781,40.30399848284419
train,mask_pca,1172,1,1,40.30484585530726,41.04758436464615
train,cej_int_midpoint,1172,1,1,38.94292440655131,41.21726819081681
train,paper_eq1,1175,0,0,9.04036383745502,10.592392980393942
train,paper_eq1,1175,0,1,9.554398429698692,10.87231927129842
train,mask_pca,1175,0,0,9.27729955631172,10.821557370560463
train,mask_pca,1175,0,1,8.844543569064284,10.612261138295413
train,cej_int_midpoint,1175,0,0,9.515875909861563,10.883178079740222
train,cej_int_midpoint,1175,0,1,9.447792454323539,10.69342200128009
train,paper_eq1,1176,0,1,37.5960660186451,36.081052411018035
train,mask_pca,1176,0,1,38.24020862696032,36.77802100388614
train,cej_int_midpoint,1176,0,1,37.93256719060448,36.64489704557779
train,paper_eq1,1176,2,1,20.840830182028704,23.960939722128604
train,mask_pca,1176,2,1,21.365912006980658,24.48267540676185
train,cej_int_midpoint,1176,2,1,26.101991528392965,24.547298792860033
train,paper_eq1,1178,0,1,4.063183674608061,6.012358651304605
train,mask_pca,1178,0,1,4.063217710247146,6.210782382542463
train,cej_int_midpoint,1178,0,1,4.063208790985097,6.013567680458446
train,mask_pca,1178,1,1,5.746526444432506,6.935872300858513
train,paper_eq1,1178,2,1,6.256252409530861,7.514004419760596
train,mask_pca,1178,2,1,6.204971438124779,7.554545669870749
train,cej_int_midpoint,1178,2,1,6.575832362819592,7.548811714353438
train,paper_eq1,1178,3,1,9.5940961917917,11.133871752530682
train,mask_pca,1178,3,1,10.203841001619923,11.626342402958464
train,cej_int_midpoint,1178,3,1,6.958575247293537,11.375254023306358
train,paper_eq1,1179,0,1,32.64714446271281,30.229302942541736
train,mask_pca,1179,0,1,32.515555377838375,30.09279573718682
train,cej_int_midpoint,1179,0,1,32.815240262535994,30.38612968319785
train,paper_eq1,1179,1,1,32.638122718612436,33.996148066678735
train,mask_pca,1179,1,1,32.65084681841381,34.01202474749178
train,cej_int_midpoint,1179,1,1,32.64308958329614,34.00692363976033
train,paper_eq1,1181,1,1,1.2411366073613466,5.99179987404101
train,mask_pca,1181,1,1,1.1382361382720438,5.854115790018937
train,cej_int_midpoint,1181,1,1,1.0945493671998998,5.854808453158005
train,paper_eq1,1181,2,1,10.57463830800315,25.95063915197191
train,mask_pca,1181,2,1,10.590063381628129,26.269789222754802
train,cej_int_midpoint,1181,2,1,10.588311162554803,26.229352571218772
train,paper_eq1,1181,3,1,5.952057951475945,15.223604990612444
train,mask_pca,1181,3,1,7.476786212388499,15.267740495444487
train,cej_int_midpoint,1181,3,1,7.7919038067244095,15.293305133225726
train,paper_eq1,1183,1,1,14.820024969667134,17.228985696597157
train,mask_pca,1183,1,1,15.148480920907122,17.513681690145127
train,cej_int_midpoint,1183,1,1,14.962031324157573,17.509300970617094
train,paper_eq1,1183,2,1,27.969851586814265,29.370253381452194
train,mask_pca,1183,2,1,29.165196611966195,30.248259546398813
train,cej_int_midpoint,1183,2,1,29.269245799140286,30.410414684026332
train,paper_eq1,1183,3,1,24.310886740047337,27.20155083144605
train,mask_pca,1183,3,1,24.29509781520461,27.17983052913995
train,cej_int_midpoint,1183,3,1,24.283913850757223,27.189055580488837
train,paper_eq1,1183,4,1,17.26526375389243,20.40137722847985
train,mask_pca,1183,4,1,17.45348971089418,20.57979228983881
train,cej_int_midpoint,1183,4,1,17.35898557061653,20.46027926960512
train,paper_eq1,1184,0,1,33.60559606746429,33.15019692049791
train,mask_pca,1184,0,1,34.70906715525298,33.985787054034375
train,cej_int_midpoint,1184,0,1,32.7113332467604,34.26350383578215
train,paper_eq1,1184,1,1,31.488096736232983,28.763171871950057
train,mask_pca,1184,1,1,32.10186361876443,29.387062631676713
train,cej_int_midpoint,1184,1,1,31.712994143347224,29.055473874021597
train,paper_eq1,1185,0,1,50.61516613057147,56.54149383834195
train,mask_pca,1185,0,1,50.30492169496377,56.25961511377995
train,cej_int_midpoint,1185,0,1,50.568637275940354,56.45783748582757
train,paper_eq1,1185,1,0,11.224145949130076,14.637326703747396
train,paper_eq1,1185,1,1,14.559013796256922,16.430338670604314
train,mask_pca,1185,1,0,11.428100806098538,14.730691664126475
train,mask_pca,1185,1,1,14.49241461270358,16.581332325042045
train,cej_int_midpoint,1185,1,0,11.596682422995992,14.731643352412927
train,cej_int_midpoint,1185,1,1,14.528103542055398,16.579830969761687
train,paper_eq1,1185,3,1,14.302824524906892,14.175225804735495
train,mask_pca,1185,3,1,14.475263404323076,14.323610517300162
train,cej_int_midpoint,1185,3,1,12.954495912935391,14.312928961186678
train,paper_eq1,1186,0,1,66.37267393129747,62.37673181389486
train,mask_pca,1186,0,1,68.1650047807636,64.2894308071669
train,cej_int_midpoint,1186,0,1,68.12464965196959,64.30593440562261
train,paper_eq1,1186,1,1,45.28357948398942,47.129987906380464
train,mask_pca,1186,1,1,45.42566314583609,47.266028427945834
train,cej_int_midpoint,1186,1,1,45.41430738676443,47.268883797499576
train,paper_eq1,1186,2,1,40.50601851439857,37.627865739913254
train,mask_pca,1186,2,1,40.9594420861361,38.23998989736692
train,cej_int_midpoint,1186,2,1,40.78659275538609,38.04702408511492
train,paper_eq1,1186,4,1,32.05570141399897,34.14398355022122
train,mask_pca,1186,4,1,34.02768668592518,36.229790365928004
train,cej_int_midpoint,1186,4,1,34.44170562935143,36.86332357032226
train,paper_eq1,1187,0,1,64.29765797510697,64.39564185025273
train,mask_pca,1187,0,1,65.23014347746535,65.46892519612672
train,cej_int_midpoint,1187,0,1,65.20342702206015,65.3421456870608
train,paper_eq1,1187,1,1,21.2370805349617,25.557604001893612
train,mask_pca,1187,1,1,22.634985081507836,25.575315920838694
train,cej_int_midpoint,1187,1,1,22.80413973503431,25.650446037497133
train,paper_eq1,1187,2,1,52.051680053524215,38.68055655852844
train,mask_pca,1187,2,1,52.80932617817218,39.097965883231836
train,cej_int_midpoint,1187,2,1,52.736220361539345,39.06765600261719
train,paper_eq1,1187,3,1,21.62865481988946,20.515284302854337
train,mask_pca,1187,3,1,22.500308168109523,21.41514241995712
train,cej_int_midpoint,1187,3,1,22.614218896376368,21.663877847815304
train,paper_eq1,1188,1,1,13.077545025258036,13.645324027648936
train,mask_pca,1188,1,1,13.09000826370155,13.706961543863489
train,cej_int_midpoint,1188,1,1,13.081776839733944,13.710368286144087
train,paper_eq1,1188,3,1,11.282772000000085,18.25142358942508
train,mask_pca,1188,3,1,11.270193799781628,18.359945254801406
train,cej_int_midpoint,1188,3,1,11.276210507398268,18.332680073704935
train,mask_pca,1188,4,1,4.785008712840511,0.03571780963733582
train,cej_int_midpoint,1188,4,1,4.742477674719055,88.22846602049485
train,paper_eq1,1189,0,1,33.770740418835466,35.67248813346382
train,mask_pca,1189,0,1,35.856012456509355,36.95542906972995
train,cej_int_midpoint,1189,0,1,36.53626397046574,37.26664923750276
train,paper_eq1,1189,1,1,25.157240416335437,30.979423715768746
train,mask_pca,1189,1,1,26.76623563381514,32.23568441699622
train,cej_int_midpoint,1189,1,1,27.389593003448105,33.16129026028305
train,paper_eq1,1191,0,1,37.31834456613306,41.66413168631313
train,mask_pca,1191,0,1,39.33335573779965,44.636412546778
train,cej_int_midpoint,1191,0,1,39.74239074987248,46.445148467176445
train,paper_eq1,1191,1,1,73.91924292566847,74.14823777612288
train,mask_pca,1191,1,1,74.0310371991145,83.49940759848089
train,cej_int_midpoint,1191,1,1,74.14299719505121,85.01677595293877
train,paper_eq1,1191,2,1,50.59399874319238,32.87090663066717
train,mask_pca,1191,2,1,51.30192897538054,33.22364653930468
train,cej_int_midpoint,1191,2,1,51.44312957542721,33.287821465092804
train,paper_eq1,1191,3,1,84.25399901953662,40.33702200246946
train,mask_pca,1191,3,1,83.0212037784519,40.726751813032294
train,cej_int_midpoint,1191,3,1,83.41092484474605,40.77247490311945
train,paper_eq1,1191,4,1,33.240705031215455,35.504723700372345
train,mask_pca,1191,4,1,39.85571157585067,40.25504567222317
train,cej_int_midpoint,1191,4,1,53.95283387623746,48.86085458056827
train,paper_eq1,1193,0,1,17.768808474176204,17.573438012475133
train,mask_pca,1193,0,1,17.772273616055397,17.659732860567406
train,cej_int_midpoint,1193,0,1,17.770574884394982,17.59924346037771
train,paper_eq1,1193,1,1,53.661723003674325,49.89748670592171
train,mask_pca,1193,1,1,55.865704411937415,52.068788712235346
train,cej_int_midpoint,1193,1,1,55.91068266420876,52.09497694991862
train,paper_eq1,1195,0,1,26.94338947239272,26.971975913609832
train,mask_pca,1195,0,1,27.412820745280676,27.416676768947955
train,cej_int_midpoint,1195,0,1,27.351631618016274,26.843180802162653
train,paper_eq1,1195,2,1,32.93015096792274,30.155898655873024
train,mask_pca,1195,2,1,32.879258220912604,30.228083012857258
train,cej_int_midpoint,1195,2,1,32.884568116002185,30.238870028065563
train,paper_eq1,1196,0,1,70.45861681803058,77.06956939953918
train,mask_pca,1196,0,1,71.3651737280424,78.31863794325723
train,cej_int_midpoint,1196,0,1,71.38370778641817,78.25934176780433
train,paper_eq1,1196,1,1,37.435111064845216,39.75179319740527
train,mask_pca,1196,1,1,38.02608284446603,40.28569440046842
train,cej_int_midpoint,1196,1,1,38.05221870511063,40.35836515541149
train,paper_eq1,1196,2,1,33.700599869719305,33.85673853267414
train,mask_pca,1196,2,1,33.53407314531131,33.51420439441898
train,cej_int_midpoint,1196,2,1,33.70059986971941,33.84029168128615
train,paper_eq1,1196,4,1,40.3446378266614,36.293181945389655
train,mask_pca,1196,4,1,42.00128261181979,38.328945965064115
train,cej_int_midpoint,1196,4,1,42.431699302289786,40.677952175930116
train,paper_eq1,1197,0,1,8.021218641286978,6.434219132428201
train,mask_pca,1197,0,1,8.306440154994469,6.488251297594926
train,cej_int_midpoint,1197,0,1,7.195652881610097,7.1757286908218045
train,paper_eq1,1197,1,0,9.232577619046658,9.205034163402807
train,paper_eq1,1197,1,1,6.028686471088536,1.7796991215456262
train,mask_pca,1197,1,0,8.799530676293845,9.27104440731872
train,mask_pca,1197,1,1,6.31611351007156,1.8507844065750376
train,cej_int_midpoint,1197,1,0,9.567370103780664,9.220238071920338
train,cej_int_midpoint,1197,1,1,6.956152077206775,1.9256251772098059
train,paper_eq1,1197,2,0,15.707629820350178,11.98453234861952
train,paper_eq1,1197,2,1,8.141646363068073,7.027991949240217
train,mask_pca,1197,2,0,15.60459258615856,15.763288939142159
train,mask_pca,1197,2,1,8.109205466416263,7.013472214015305
train,cej_int_midpoint,1197,2,0,15.735289647002126,15.467725361638132
train,cej_int_midpoint,1197,2,1,8.06131163129875,7.003177938859031
train,paper_eq1,1198,0,0,7.860003808005427,6.112490456550464
train,paper_eq1,1198,0,1,19.452691578629526,17.019118593990008
train,mask_pca,1198,0,0,8.241655064578172,6.138119102180025
train,mask_pca,1198,0,1,21.690942271865882,19.285217331114364
train,cej_int_midpoint,1198,0,0,8.110953048001033,6.125186807178746
train,cej_int_midpoint,1198,0,1,22.468474255681876,20.368278361804272
train,paper_eq1,1198,1,0,14.285855959403158,15.734467586545698
train,paper_eq1,1198,1,1,13.971345439758847,13.913228646164963
train,mask_pca,1198,1,0,14.129740115525005,15.543482856046293
train,mask_pca,1198,1,1,14.562991598559627,14.722556853272684
train,cej_int_midpoint,1198,1,0,14.229896371923717,15.697079072796017
train,cej_int_midpoint,1198,1,1,14.816638890523052,15.344152618310755
train,paper_eq1,1198,2,1,16.06684575443451,15.61800687330986
train,mask_pca,1198,2,1,16.80206663499346,16.131557144439043
train,cej_int_midpoint,1198,2,1,11.844820873638117,16.823761978672394
train,paper_eq1,1199,0,1,43.286650121391794,44.630279074799795
train,mask_pca,1199,0,1,43.396886198670174,44.958517199177784
train,cej_int_midpoint,1199,0,1,43.356836082926726,45.04451534499851
train,paper_eq1,1199,1,1,18.887626324071604,20.878030789517332
train,mask_pca,1199,1,1,19.475709321762277,21.07076534925371
train,cej_int_midpoint,1199,1,1,19.62890963801488,21.062736723455256
train,paper_eq1,1199,2,1,36.05194838438931,38.830380983532535
train,mask_pca,1199,2,1,37.32731221187594,40.139035857160074
train,cej_int_midpoint,1199,2,1,34.90431084237081,40.30945529139794
train,paper_eq1,1199,4,1,26.34537655569548,27.918724681736762
train,mask_pca,1199,4,1,27.289792808614855,28.98497816144735
train,cej_int_midpoint,1199,4,1,27.256382773098746,29.154021526842794
train,paper_eq1,12,1,1,25.64815131772179,24.747327418857555
train,mask_pca,12,1,1,26.51127701684533,25.600080790280167
train,cej_int_midpoint,12,1,1,26.59045548787426,25.71326185144922
train,paper_eq1,12,2,1,33.32990880741336,32.50665248392936
train,mask_pca,12,2,1,34.23051886703685,33.46269964201921
train,cej_int_midpoint,12,2,1,34.22934591188475,33.55713138535346
train,paper_eq1,12,3,1,23.006569410771302,26.23986204867113
train,mask_pca,12,3,1,23.047576332282325,26.2751199255272
train,cej_int_midpoint,12,3,1,23.036362464621828,26.249051562386178
train,paper_eq1,1200,0,1,42.23137525912142,37.847374879707594
train,mask_pca,1200,0,1,42.77831992083891,38.35999478902893
train,cej_int_midpoint,1200,0,1,42.83157630427378,38.397669842289
train,paper_eq1,1200,1,1,40.85318591159285,36.55223013605557
train,mask_pca,1200,1,1,41.138473773120644,37.20537286965179
train,cej_int_midpoint,1200,1,1,41.01515685551507,37.150340708913575
train,paper_eq1,1202,0,1,20.596670593694256,20.725199035040358
train,mask_pca,1202,0,1,22.40970627946926,22.457830154093298
train,cej_int_midpoint,1202,0,1,23.285907982744256,22.87113925668855
train,paper_eq1,1202,1,0,12.988764866207445,12.404882623299448
train,paper_eq1,1202,1,1,26.937846967560112,29.55952692759716
train,mask_pca,1202,1,0,13.587247635329891,13.166018015001585
train,mask_pca,1202,1,1,26.51402859203617,29.03584247692753
train,cej_int_midpoint,1202,1,0,14.062762704417725,13.86017620057585
train,cej_int_midpoint,1202,1,1,26.863446411789084,29.51862238158982
train,paper_eq1,1202,2,0,25.282606865043256,23.303404307212407
train,paper_eq1,1202,2,1,24.666789958118507,26.008983612318882
train,mask_pca,1202,2,0,25.718717475073593,23.950285745228985
train,mask_pca,1202,2,1,25.353442583308006,25.93822442641807
train,cej_int_midpoint,1202,2,0,25.801843958884795,24.158118235710898
train,cej_int_midpoint,1202,2,1,25.26002322679959,25.96750606590875
train,paper_eq1,1203,1,1,17.247214948531248,22.71346915537072
train,mask_pca,1203,1,1,17.656759282072112,25.021647095145124
train,cej_int_midpoint,1203,1,1,17.844194044006382,33.993180312979796
train,paper_eq1,1203,2,1,42.00207738328433,47.71872181872319
train,mask_pca,1203,2,1,42.14662601142793,47.73728735224919
train,cej_int_midpoint,1203,2,1,42.12965037599022,47.73066420768918
train,paper_eq1,1203,3,1,82.54363155697146,81.70525093202365
train,mask_pca,1203,3,1,82.69711250455039,82.11392150394106
train,cej_int_midpoint,1203,3,1,82.5805999543662,81.90591630283362
train,paper_eq1,1204,0,0,15.327576118834472,16.501130517412175
train,paper_eq1,1204,0,1,1.0865882413474155,3.379027250757802
train,mask_pca,1204,0,0,16.640838028474477,17.52963617557029
train,mask_pca,1204,0,1,1.3730789492675666,2.7973371188612464
train,cej_int_midpoint,1204,0,0,16.197754077740804,16.705913692046124
train,cej_int_midpoint,1204,0,1,1.5277733238094096,2.305722345134855
train,paper_eq1,1206,0,1,60.019823952206664,41.69964002553073
train,mask_pca,1206,0,1,60.0181567099304,42.23368556907181
train,cej_int_midpoint,1206,0,1,60.01848821586403,42.27893931118834
train,paper_eq1,1206,1,1,34.398638065989054,32.13444786377833
train,mask_pca,1206,1,1,35.240315882418706,32.77157638211409
train,cej_int_midpoint,1206,1,1,35.382243673987055,32.9141585352496
train,paper_eq1,1206,2,1,51.718702849852114,50.731060130105256
train,mask_pca,1206,2,1,51.56895297243128,50.47549023003566
train,cej_int_midpoint,1206,2,1,51.718702849852086,50.33215254060332
train,paper_eq1,1212,0,1,5.244718127512219,3.474037687698807
train,mask_pca,1212,0,1,5.4642574637081625,3.4743072732315055
train,cej_int_midpoint,1212,0,1,5.480761190920692,3.474193731061734
train,paper_eq1,1212,1,1,1.88783065256753,1.352015121977819
train,mask_pca,1212,1,1,1.9305022814077442,1.3388056756837852
train,cej_int_midpoint,1212,1,1,2.016141695192037,1.358489459814889
train,paper_eq1,1212,2,0,5.623954902950672,7.870541475616542
train,paper_eq1,1212,2,1,5.065589297152362,6.859995268191057
train,mask_pca,1212,2,0,7.237556100946563,8.9775501351141
train,mask_pca,1212,2,1,5.133059494672787,6.8963425090888615
train,cej_int_midpoint,1212,2,0,8.68048663506316,9.033987178279652
train,cej_int_midpoint,1212,2,1,5.370372271660917,6.902956183537954
train,mask_pca,1212,3,1,5.7717891927600675,1.5241962761576915
train,paper_eq1,1213,0,1,56.55740009595428,52.855150031134926
train,mask_pca,1213,0,1,57.34451566926524,53.802057585775096
train,cej_int_midpoint,1213,0,1,57.342556908249854,53.79917674878806
train,paper_eq1,1213,1,1,35.76672632940288,37.08377583317197
train,mask_pca,1213,1,1,36.195869824235544,37.9900941103439
train,cej_int_midpoint,1213,1,1,36.189009470136824,37.94375760626944
train,paper_eq1,1213,2,1,41.611728374299766,37.26010319482481
train,mask_pca,1213,2,1,41.837288109735375,37.39031074630839
train,cej_int_midpoint,1213,2,1,41.23357473826215,37.41079164486895
train,paper_eq1,1213,3,1,35.45439419178655,32.32383928837517
train,mask_pca,1213,3,1,35.565616293089306,32.441495045324025
train,cej_int_midpoint,1213,3,1,35.48489173446063,32.342152041077604
train,paper_eq1,1214,0,1,61.201732460164784,63.31328563982155
train,mask_pca,1214,0,1,62.65027387353658,64.86827207748551
train,cej_int_midpoint,1214,0,1,62.280750245164285,64.5207652939478
train,paper_eq1,1214,1,1,63.587736591768596,64.09959253609856
train,mask_pca,1214,1,1,64.75859836378964,65.05062829964291
train,cej_int_midpoint,1214,1,1,64.63730110670956,64.99114313177691
train,paper_eq1,1214,2,1,6.2424924141373985,5.328677172986486
train,mask_pca,1214,2,1,6.466905575500063,5.5900635495342055
train,cej_int_midpoint,1214,2,1,6.437215033482797,5.665853559242363
train,paper_eq1,1215,0,1,44.5592223596663,46.72328481680587
train,mask_pca,1215,0,1,44.95239319501484,47.21209863234542
train,cej_int_midpoint,1215,0,1,44.839241960915224,47.096989851494754
train,paper_eq1,1215,1,1,28.028652100932394,27.722565004307757
train,mask_pca,1215,1,1,28.42725341740805,28.13556528879294
train,cej_int_midpoint,1215,1,1,28.52682838657946,28.212360442544032
train,paper_eq1,1215,2,1,20.844832360089026,22.56989641693282
train,mask_pca,1215,2,1,20.892363564580904,22.73309998169431
train,cej_int_midpoint,1215,2,1,20.85802755998101,22.686715190947446
train,paper_eq1,1217,0,0,7.066182515929993,5.86763471265605
train,paper_eq1,1217,0,1,16.119256335302403,16.855572823405073
train,mask_pca,1217,0,0,7.381590691408781,5.78150178511566
train,mask_pca,1217,0,1,17.54164565453447,19.098924428314522
train,cej_int_midpoint,1217,0,0,7.358634669991332,5.8264226482133346
train,cej_int_midpoint,1217,0,1,17.635470064276255,20.14656355449788
train,paper_eq1,1217,1,0,15.896317098905262,14.178993135799683
train,paper_eq1,1217,1,1,11.193316870579435,13.47349991013744
train,mask_pca,1217,1,0,15.820649687237232,13.977923075138632
train,mask_pca,1217,1,1,11.787399976387865,14.1270218854636
train,cej_int_midpoint,1217,1,0,15.877041615698515,14.143664685327764
train,cej_int_midpoint,1217,1,1,12.198716011554259,14.794824494917322
train,paper_eq1,1219,0,1,36.38826436378061,38.168332340347774
train,mask_pca,1219,0,1,36.95030272677722,38.622835202466064
train,cej_int_midpoint,1219,0,1,37.04175902296651,38.58438562398538
train,paper_eq1,1219,1,1,46.721596271993945,46.6216944842904
train,mask_pca,1219,1,1,47.184628799857286,47.010393864752906
train,cej_int_midpoint,1219,1,1,47.26339390989078,46.98889289756917
train,paper_eq1,1219,2,1,39.628196154111755,44.04603739118917
train,mask_pca,1219,2,1,39.6844619626499,44.04812518340864
train,cej_int_midpoint,1219,2,1,39.663981116519736,44.04735892482804
train,paper_eq1,1220,0,1,7.948092228099675,15.800354095319008
train,mask_pca,1220,0,1,8.004111462412205,16.82971441813297
train,cej_int_midpoint,1220,0,1,9.786845954312188,21.20362421939038
train,paper_eq1,1220,1,1,33.406046439100216,41.46029438629031
train,mask_pca,1220,1,1,33.40315855590736,41.64616580484015
train,cej_int_midpoint,1220,1,1,33.40373793414743,41.65728216360598
train,paper_eq1,1220,3,1,2.239521521981914,6.307872822928004
train,mask_pca,1220,3,1,2.501227910414909,6.571157754132666
train,cej_int_midpoint,1220,3,1,3.419412518783259,6.662571706924386
train,paper_eq1,1228,0,1,0.00014008142312615354,0.6794164144389071
train,mask_pca,1228,0,1,0.00013280944683110506,0.38455205325183306
train,cej_int_midpoint,1228,0,1,0.00011082745164255802,0.2577292654774272
train,paper_eq1,1228,1,0,29.13344938107862,26.5443841833298
train,mask_pca,1228,1,0,31.28763358277668,27.940262171451014
train,mask_pca,1228,1,1,71.8106896381122,10.023446943568704
train,cej_int_midpoint,1228,1,0,32.89382312203124,65.79076991958229
train,paper_eq1,123,0,1,34.253219352263415,30.893358608840828
train,mask_pca,123,0,1,35.09330568860112,31.55904833239729
train,cej_int_midpoint,123,0,1,35.40065495919302,31.818562436243162
train,paper_eq1,123,1,1,42.31954486298664,65.70087035206201
train,mask_pca,123,1,1,42.822908436701006,15.2985776438861
train,cej_int_midpoint,123,1,1,42.80128235683176,49.72078759500883
train,paper_eq1,123,2,1,51.45546766563348,52.14298091174566
train,mask_pca,123,2,1,52.4398915115444,53.24447099740269
train,cej_int_midpoint,123,2,1,51.981186882558596,52.73229468814391
train,paper_eq1,1230,0,0,10.61724862412374,11.389751875599972
train,paper_eq1,1230,0,1,19.31235191926178,22.238622052876003
train,mask_pca,1230,0,0,10.686014845806442,11.467483022200893
train,mask_pca,1230,0,1,19.59613228947386,22.605625043542855
train,cej_int_midpoint,1230,0,0,10.700734331613468,11.462393846238772
train,cej_int_midpoint,1230,0,1,19.545448404868953,22.63454250848655
train,paper_eq1,1230,1,1,12.452292824968975,10.433155947669539
train,mask_pca,1230,1,1,12.985258921965823,14.29628239814499
train,cej_int_midpoint,1230,1,1,9.363384065263167,16.510189270002094
train,paper_eq1,1230,2,1,10.680360733841582,11.89298942616422
train,mask_pca,1230,2,1,10.802672240456793,12.072676722901342
train,cej_int_midpoint,1230,2,1,10.74334578476889,11.996531908264924
train,paper_eq1,1232,0,1,3.4372616745570945,2.2229302830242306
train,mask_pca,1232,0,1,3.7177778129383596,2.357424497727435
train,cej_int_midpoint,1232,0,1,2.8698212546359856,1.038003324556838
train,paper_eq1,1232,1,1,8.492543523697519,8.17826679854003
train,mask_pca,1232,1,1,8.779703993325896,8.31886057076703
train,cej_int_midpoint,1232,1,1,8.834307186581835,8.252454113884527
train,paper_eq1,1232,2,1,10.880775286868701,9.152254803830902
train,mask_pca,1232,2,1,10.808092804020403,9.490207544688063
train,cej_int_midpoint,1232,2,1,11.243304132944418,9.617174621514508
train,paper_eq1,1235,0,1,32.16170341358683,35.40930908406816
train,mask_pca,1235,0,1,32.43527978365756,35.78837651972453
train,cej_int_midpoint,1235,0,1,32.48433021535727,35.408438498107095
train,paper_eq1,1235,1,1,52.916030624759195,55.364517994108596
train,mask_pca,1235,1,1,53.382947559919,56.10115051439515
train,cej_int_midpoint,1235,1,1,53.36110836045565,56.027925325805064
train,paper_eq1,1235,2,1,57.54597199962268,48.25199697775246
train,mask_pca,1235,2,1,36.57367641435705,49.34519800356863
train,cej_int_midpoint,1235,2,1,43.771407707225684,49.12305287417899
train,paper_eq1,1237,0,0,5.909683833441199,5.029115007875854
train,paper_eq1,1237,0,1,4.379000966864784,2.575780859765962
train,mask_pca,1237,0,0,6.027201919896983,5.189036240675563
train,mask_pca,1237,0,1,4.564544457927219,2.6443481381513707
train,cej_int_midpoint,1237,0,0,5.969551685845631,5.18681604569649
train,cej_int_midpoint,1237,0,1,4.673414744306199,2.645404570935676
train,paper_eq1,1237,2,1,3.680662759464675,5.258770720274838
train,mask_pca,1237,2,1,3.764147733093168,5.430984061900871
train,cej_int_midpoint,1237,2,1,3.052409063972344,4.903793214554466
train,paper_eq1,1237,3,1,4.575945301880502,4.243439425002856
train,mask_pca,1237,3,1,5.037076518676369,4.618370005868043
train,cej_int_midpoint,1237,3,1,5.98497076833209,4.961253309160326
train,paper_eq1,1238,1,1,5.641082003873478,7.088769792719845
train,mask_pca,1238,1,1,5.6434953410822875,7.263486659007194
train,cej_int_midpoint,1238,1,1,5.640888668411548,7.223546540769581
train,paper_eq1,1238,2,1,18.10459672743211,18.7031358988705
train,mask_pca,1238,2,1,18.189169212089293,18.785636898782982
train,cej_int_midpoint,1238,2,1,18.194303146100495,18.754755502906207
train,paper_eq1,1238,3,1,10.670059202371302,7.3306162734279585
train,mask_pca,1238,3,1,10.863256281802133,7.475923905771263
train,cej_int_midpoint,1238,3,1,11.20978731147488,7.727087306527906
train,paper_eq1,1239,0,0,17.355807802138568,13.222114320947261
train,paper_eq1,1239,0,1,6.5347993940247235,4.6889505450410205
train,mask_pca,1239,0,0,17.521836910435653,13.310504252658006
train,mask_pca,1239,0,1,6.710469241302909,7.45815543968646
train,cej_int_midpoint,1239,0,0,17.52714736166812,13.28331780616255
train,cej_int_midpoint,1239,0,1,6.706354908309839,7.593323562007501
train,paper_eq1,1239,1,0,5.544465428901384,4.146786826985034
train,paper_eq1,1239,1,1,15.151547805849477,13.318658410724863
train,mask_pca,1239,1,0,5.584075864831928,4.11051416591869
train,mask_pca,1239,1,1,13.993011663775205,13.092089420052556
train,cej_int_midpoint,1239,1,0,5.63644838918202,4.060446110268362
train,cej_int_midpoint,1239,1,1,14.6883573340058,13.324030087143985
train,paper_eq1,1239,2,1,9.251176152604797,9.513224858930608
train,mask_pca,1239,2,1,9.38919314567431,9.56558608533919
train,cej_int_midpoint,1239,2,1,9.318982730607857,9.552372649986172
train,paper_eq1,124,0,1,9.495736346693654,1.7907410232267162
train,mask_pca,124,0,1,9.451672410464878,1.8170985636065475
train,cej_int_midpoint,124,0,1,9.518083336397755,1.8152185121024476
train,paper_eq1,124,1,1,11.72294102451244,9.077131131516058
train,mask_pca,124,1,1,12.377406339257362,9.451159488937959
train,cej_int_midpoint,124,1,1,12.429101594776492,9.55696249476878
train,paper_eq1,124,2,1,12.072186578616806,10.541818300460303
train,mask_pca,124,2,1,13.574334916139378,11.270051899219267
train,cej_int_midpoint,124,2,1,14.262839980208946,11.4768832719838
train,paper_eq1,124,3,1,11.35427108511999,13.377437540636505
train,mask_pca,124,3,1,11.560749778749074,13.836544283878006
train,cej_int_midpoint,124,3,1,11.582746214685626,13.841899721031256
train,paper_eq1,1240,0,1,12.879486451385153,10.628069431787644
train,mask_pca,1240,0,1,12.927598859348382,10.59334493534575
train,cej_int_midpoint,1240,0,1,12.917030889338871,10.612756204582757
train,paper_eq1,1240,1,0,13.077432316843417,7.043696442914235
train,paper_eq1,1240,1,1,11.95928737427211,9.787800038098739
train,mask_pca,1240,1,0,13.27399839022378,7.338437280102933
train,mask_pca,1240,1,1,12.089826416602884,9.814189301676873
train,cej_int_midpoint,1240,1,0,13.367414564598295,7.718118868945896
train,cej_int_midpoint,1240,1,1,12.054198560240884,9.79155357516125
train,paper_eq1,1240,2,1,6.692665460800202,6.5480401707665195
train,mask_pca,1240,2,1,9.370257111491899,9.191608099417383
train,cej_int_midpoint,1240,2,1,13.144632982652075,12.661608220594662
train,paper_eq1,1240,3,1,65.59160811798935,82.42444266047868
train,mask_pca,1240,3,1,16.05909306382029,11.119718405960183
train,cej_int_midpoint,1240,3,1,65.59160811798937,44.80319628872464
train,paper_eq1,1243,1,1,4.822590105149953,5.528133195315542
train,mask_pca,1243,1,1,5.3432580559207725,6.459956731609287
train,cej_int_midpoint,1243,1,1,8.18296668893847,4.288887177988666
train,paper_eq1,1243,2,1,2.0830563745897166,7.598177330382404
train,mask_pca,1243,2,1,2.2039691126673624,7.7125826900873395
train,cej_int_midpoint,1243,2,1,0.5176802193548445,8.170200562914275
train,paper_eq1,1243,3,1,9.985275409452452,15.116720323446417
train,mask_pca,1243,3,1,10.49184373518654,15.932878170766553
train,cej_int_midpoint,1243,3,1,10.546278651742261,15.926136934492588
train,paper_eq1,1244,1,0,7.341141499285148,10.37498038278495
train,paper_eq1,1244,1,1,12.097314335211253,16.759320649220278
train,mask_pca,1244,1,0,7.658615152537504,10.537350999635052
train,mask_pca,1244,1,1,11.985523997682485,16.651605399802754
train,cej_int_midpoint,1244,1,0,8.138874714356268,10.864756297556557
train,cej_int_midpoint,1244,1,1,12.19052135917261,16.810722846361053
train,paper_eq1,1244,2,0,5.1248779611244775,12.627335501670805
train,mask_pca,1244,2,0,5.190081314600686,12.871176476720473
train,mask_pca,1244,2,1,6.806591500422256,2.2620373821157345
train,paper_eq1,1244,3,0,7.800426933211366,2.1627924087473622
train,paper_eq1,1246,0,1,1.274615384870636,0.9575307247718583
train,mask_pca,1246,0,1,1.4245975060589784,0.2847345572169551
train,cej_int_midpoint,1246,0,1,1.46441972188056,0.12355641522074548
train,paper_eq1,1246,1,0,2.476671800322403,5.3984842436110325
train,paper_eq1,1246,1,1,1.785668609664862,1.012349397824589
train,mask_pca,1246,1,0,2.4056162556642886,5.300191539557288
train,mask_pca,1246,1,1,1.7004170265773226,1.1087064959048696
train,cej_int_midpoint,1246,1,0,3.675184839225892,5.5288079663602
train,cej_int_midpoint,1246,1,1,1.4718579191507724,1.3084737625853538
train,paper_eq1,1246,2,0,1.0245779346607857,3.6577292191168826
train,paper_eq1,1246,2,1,4.124600024788462,6.068050467167469
train,mask_pca,1246,2,0,0.9776417270392724,3.6034144138729864
train,mask_pca,1246,2,1,4.083517651815697,6.517187484420778
train,cej_int_midpoint,1246,2,0,0.9220370596483013,3.704329893269115
train,cej_int_midpoint,1246,2,1,4.104458236835488,7.061926210609959
train,paper_eq1,1247,0,1,16.8430868344198,13.693849961044052
train,mask_pca,1247,0,1,16.85598867147545,13.65206240030722
train,cej_int_midpoint,1247,0,1,16.851152105242566,13.66907243427042
train,paper_eq1,1247,2,1,2.043186690367959,6.796416152807258
train,mask_pca,1247,2,1,2.5015977442431265,6.607975821593802
train,cej_int_midpoint,1247,2,1,2.656123877954259,6.841561660176711
train,paper_eq1,1247,3,1,8.851879914318129,12.873614555635973
train,mask_pca,1247,3,1,8.937049787613645,12.981981878476015
train,cej_int_midpoint,1247,3,1,8.914516165681047,12.997923076420367
train,paper_eq1,1249,0,1,3.62121285408255,5.40869197412902
train,mask_pca,1249,0,1,3.7097226067258453,5.626579664861739
train,cej_int_midpoint,1249,0,1,2.609010172757128,5.782794525872294
train,paper_eq1,1249,1,0,5.050666159318046,7.659719856597072
train,paper_eq1,1249,1,1,7.902617367786327,1.31024867430667
train,mask_pca,1249,1,0,4.443254232814239,7.4438236232956365
train,mask_pca,1249,1,1,7.552094958820871,0.8065994390954221
train,mask_pca,1249,2,1,5.106597367807817,6.22461574895898
train,paper_eq1,1249,3,1,6.658301132407927,8.142216576108881
train,mask_pca,1249,3,1,7.023107664793246,8.223204707158784
train,cej_int_midpoint,1249,3,1,2.9969493333866066,8.165307292631622
train,paper_eq1,1250,2,1,7.656301229085553,8.067302204115489
train,mask_pca,1250,2,1,7.725559841006738,8.32834304195639
train,cej_int_midpoint,1250,2,1,7.719578746381322,8.28837515506132
train,paper_eq1,1250,3,1,22.243917848041654,22.747055561121872
train,mask_pca,1250,3,1,17.622227412543833,18.58042172681508
train,cej_int_midpoint,1250,3,1,50.49198361756672,49.523389813922755
train,paper_eq1,1252,1,1,6.389728901056971,9.257807176353662
train,mask_pca,1252,1,1,6.45411095800321,9.38302406933578
train,cej_int_midpoint,1252,1,1,6.436441041591326,9.390907730379205
train,paper_eq1,1252,2,1,3.2634627787590813,7.67388467172017
train,mask_pca,1252,2,1,3.2752065338719714,7.71025421441843
train,cej_int_midpoint,1252,2,1,3.2736396387637043,7.694696203984261
train,paper_eq1,1252,3,1,0.498347246709108,0.07831459934869796
train,mask_pca,1252,3,1,0.4897508777473539,0.055964318934024995
train,cej_int_midpoint,1252,3,1,0.5133138570522642,0.04641457188210647
train,paper_eq1,1254,0,1,3.8429595312389813,7.931160871927371
train,mask_pca,1254,0,1,4.25347608089637,8.690349048045883
train,cej_int_midpoint,1254,0,1,3.96169121100552,8.868661090709157
train,paper_eq1,1254,1,0,8.00050156590522,9.584915957481087
train,paper_eq1,1254,1,1,6.616416031740495,9.533033697378936
train,mask_pca,1254,1,0,7.969539081197209,9.538847776437173
train,mask_pca,1254,1,1,6.828985617958729,9.709979649162385
train,cej_int_midpoint,1254,1,0,7.980298715119481,9.547918143932346
train,cej_int_midpoint,1254,1,1,6.916649652367364,9.748799581495021
train,mask_pca,1254,2,1,10.388945426620127,10.511786128617148
train,paper_eq1,1255,1,0,18.925896908167424,22.27534484323845
train,paper_eq1,1255,1,1,11.137019684657755,12.004427081389418
train,mask_pca,1255,1,0,18.893007626018285,23.204179305108863
train,mask_pca,1255,1,1,11.299798401395888,12.126939042303086
train,cej_int_midpoint,1255,1,0,18.89967719281202,22.913025982266905
train,cej_int_midpoint,1255,1,1,11.320319620749814,12.153425159015358
train,paper_eq1,1256,1,1,6.708439586098204,9.279339233137119
train,mask_pca,1256,1,1,6.852069020633684,9.452967692560716
train,cej_int_midpoint,1256,1,1,6.915318990370468,9.61793931380609
train,paper_eq1,1256,2,1,3.2444037385665805,7.028593730487949
train,mask_pca,1256,2,1,3.4181956987736517,7.158062884051737
train,cej_int_midpoint,1256,2,1,3.519901454421038,7.144689129835783
train,paper_eq1,1256,3,1,5.373657892458286,63.773136646276555
train,mask_pca,1256,3,1,5.348645695233597,13.646166394702503
train,cej_int_midpoint,1256,3,1,5.381914647631429,48.333232344157686
train,paper_eq1,1260,0,1,2.086499735029128,3.849618551152773
train,mask_pca,1260,0,1,2.0717710267391922,4.021842560080629
train,cej_int_midpoint,1260,0,1,2.0755148078564143,4.003693219327247
train,paper_eq1,1260,1,0,7.630332919014986,9.161028430739876
train,paper_eq1,1260,1,1,3.898329658111646,6.920235977313957
train,mask_pca,1260,1,0,7.867829425806476,9.377893603524482
train,mask_pca,1260,1,1,3.8422974103634906,6.85958572654736
train,cej_int_midpoint,1260,1,0,8.110852420206891,9.58700406960821
train,cej_int_midpoint,1260,1,1,3.954482087356507,6.987796404063454
train,paper_eq1,1260,2,0,7.780343849534941,0.8672974240098126
train,paper_eq1,1260,2,1,5.450598318037338,5.253179031597864
train,mask_pca,1260,2,0,7.9012780830735805,0.9959937701785095
train,mask_pca,1260,2,1,5.086468660975312,5.010208136354721
train,cej_int_midpoint,1260,2,0,6.843547600902834,1.5511221778708328
train,cej_int_midpoint,1260,2,1,2.6550848167263927,5.869524164612261
train,paper_eq1,1261,2,1,6.038352439536292,5.8600129034075685
train,mask_pca,1261,2,1,6.0344914996570695,5.9135469831011065
train,cej_int_midpoint,1261,2,1,6.036578302411246,5.890607937509506
train,paper_eq1,1261,3,0,11.238401988982297,10.400735512232925
train,paper_eq1,1261,3,1,27.92337079175059,34.52051394569189
train,mask_pca,1261,3,0,11.24241726032553,10.574583815159833
train,mask_pca,1261,3,1,27.843113344024477,35.064651070103565
train,cej_int_midpoint,1261,3,0,11.24373691205298,10.68925999464898
train,cej_int_midpoint,1261,3,1,27.898970113303186,34.89005951008634
train,paper_eq1,1263,0,1,1.917190223305432,3.4939510966824128
train,mask_pca,1263,0,1,1.808644735807385,3.832102603363724
train,cej_int_midpoint,1263,0,1,1.8393439315036124,3.7387826640979576
train,paper_eq1,1263,1,1,9.77803654125349,11.135265128641937
train,mask_pca,1263,1,1,9.88009303627257,11.258610323155903
train,cej_int_midpoint,1263,1,1,8.99616723800351,11.400233919309064
train,paper_eq1,1263,2,0,13.002490264396762,7.630420394140238
train,paper_eq1,1263,2,1,5.483193770504756,9.568994826732153
train,mask_pca,1263,2,0,13.011172128807067,11.03782558541591
train,mask_pca,1263,2,1,5.501737210196573,9.523440114633827
train,cej_int_midpoint,1263,2,0,13.152413004061003,10.3709067764806
train,cej_int_midpoint,1263,2,1,5.667250624558593,9.676659594784041
train,paper_eq1,1269,1,1,9.664737386752751,8.22869950840799
train,mask_pca,1269,1,1,10.117216994604268,9.129733145409753
train,mask_pca,1269,2,1,5.696819252200293,3.905128952326843
train,paper_eq1,1269,3,1,9.886957911192154,11.252301248089895
train,mask_pca,1269,3,1,10.079674034104121,11.416019938360918
train,cej_int_midpoint,1269,3,1,9.921790254175244,11.364226978713148
train,paper_eq1,127,0,0,12.391457535860328,13.389412881337165
train,paper_eq1,127,0,1,12.431102688415386,10.462057443283449
train,mask_pca,127,0,0,13.074180324793684,13.589187882477285
train,mask_pca,127,0,1,12.42469897626672,10.412380229296534
train,cej_int_midpoint,127,0,0,13.460887389235692,13.660809856560924
train,cej_int_midpoint,127,0,1,12.51113959416699,10.483336242768475
train,mask_pca,127,1,1,2.59371808707172,4.118801467646841
train,paper_eq1,127,2,1,3.8741528647908265,4.702248179386764
train,mask_pca,127,2,1,4.048380806349928,4.854392184525139
train,cej_int_midpoint,127,2,1,8.991538291633425,4.912549351479734
train,paper_eq1,1270,0,1,9.24956339324416,5.713458396830851
train,mask_pca,1270,0,1,10.102061353904949,6.186564935236074
train,cej_int_midpoint,1270,0,1,55.55745082349311,6.349143307413661
train,paper_eq1,1270,1,0,25.098481201706257,11.379667532072736
train,paper_eq1,1270,1,1,10.010264400215972,11.311709547757234
train,mask_pca,1270,1,0,25.009201580559058,11.294324116813844
train,mask_pca,1270,1,1,10.06087353408968,15.343756262218305
train,cej_int_midpoint,1270,1,0,25.135698541653174,11.314843262616932
train,cej_int_midpoint,1270,1,1,10.075087284750687,15.50570467916557
train,paper_eq1,1270,2,1,13.724499697354423,12.606064430512106
train,mask_pca,1270,2,1,18.20104934552056,15.681640819956167
train,cej_int_midpoint,1270,2,1,17.60177449705384,15.2949154172512
train,paper_eq1,1273,0,1,12.269488583987904,12.69628960354148
train,mask_pca,1273,0,1,12.487345474680662,12.93396421895702
train,cej_int_midpoint,1273,0,1,15.029428089863965,12.991528174369732
train,paper_eq1,1273,1,1,10.608868309921442,11.289476484496237
train,mask_pca,1273,1,1,10.543537581272593,11.361388985478968
train,cej_int_midpoint,1273,1,1,10.560981290418177,11.336616648706602
train,paper_eq1,1273,2,1,16.630432249412667,16.052651439786413
train,mask_pca,1273,2,1,17.230403968049604,16.632348092196903
train,cej_int_midpoint,1273,2,1,17.550963773510965,16.784007241905684
train,paper_eq1,1273,3,1,12.688556987380009,16.9818163867981
train,mask_pca,1273,3,1,13.354047547964113,17.902633468048162
train,cej_int_midpoint,1273,3,1,13.086854371827595,17.469099220805884
train,mask_pca,1273,4,1,5.941470062114073,6.695380420598301
train,cej_int_midpoint,1273,4,1,77.55695877169121,82.84088204332163
train,paper_eq1,1276,0,1,7.384898046620125,12.051531136748366
train,mask_pca,1276,0,1,7.355016047835529,12.121402762088259
train,cej_int_midpoint,1276,0,1,7.394325196416101,12.2029847094346
train,paper_eq1,1276,1,1,1.6792692489912786,6.692396083558603
train,mask_pca,1276,1,1,1.695051862754713,6.702725482237113
train,cej_int_midpoint,1276,1,1,1.699718543728163,6.7016394458068005
train,paper_eq1,1276,2,0,4.874323649926267,3.177169339839386
train,mask_pca,1276,2,0,4.916090732539978,3.138195105811554
train,cej_int_midpoint,1276,2,0,4.969469602211927,3.092763735010647
train,paper_eq1,1277,0,1,2.28461538828519,3.4644350766693894
train,mask_pca,1277,0,1,2.495066444735683,4.383889678438025
train,cej_int_midpoint,1277,0,1,2.382215802031336,4.4380970870037935
train,mask_pca,1277,1,1,2.0797747489271785,3.450010449010945
train,paper_eq1,1277,2,0,4.3099792870789395,6.823874830689659
train,paper_eq1,1277,2,1,2.8354167960428494,7.118299280487678
train,mask_pca,1277,2,0,4.173299793617727,6.572726674020866
train,mask_pca,1277,2,1,2.754519653254529,7.0716462878877255
train,cej_int_midpoint,1277,2,0,4.2882851479847135,6.686636557892527
train,cej_int_midpoint,1277,2,1,2.7136177992976824,7.050778806250635
train,paper_eq1,1281,0,1,7.500024671406565,11.100212287989148
train,mask_pca,1281,0,1,7.502211473290929,11.095343858530907
train,cej_int_midpoint,1281,0,1,7.506363055419693,11.19674071798743
train,paper_eq1,1281,1,1,71.17541349151894,68.8891821628762
train,mask_pca,1281,1,1,17.20251504031383,19.13394495437421
train,cej_int_midpoint,1281,1,1,53.75193104452859,52.29086906474125
train,paper_eq1,1281,2,0,4.689655160321374,6.987478159389663
train,paper_eq1,1281,2,1,5.889663638302716,8.104216282991894
train,mask_pca,1281,2,0,5.114253497762892,7.257915433219556
train,mask_pca,1281,2,1,5.942876889814538,8.110956456499077
train,cej_int_midpoint,1281,2,0,6.13279176047534,7.593934768131892
train,cej_int_midpoint,1281,2,1,5.786765944971712,8.100432942330391
train,paper_eq1,1281,3,1,2.95545935610108,3.3788809415360626
train,mask_pca,1281,3,1,3.051397380733881,4.930063137231618
train,cej_int_midpoint,1281,3,1,2.974832529788761,5.368508498472104
train,paper_eq1,1282,1,1,0.133156555606655,0.594062566984726
train,mask_pca,1282,1,1,0.3127358659104599,0.8419731969104052
train,cej_int_midpoint,1282,1,1,0.3750495569869249,0.9635273021396896
train,paper_eq1,1282,2,0,4.5551498622905395,8.586049597448856
train,paper_eq1,1282,2,1,19.40762352669685,17.929643639320176
train,mask_pca,1282,2,0,4.581619363758567,8.621246916855037
train,mask_pca,1282,2,1,19.24873201629225,18.283156144956344
train,cej_int_midpoint,1282,2,0,4.633586138994891,8.643597393574
train,cej_int_midpoint,1282,2,1,19.39427688766741,18.173571323265
train,paper_eq1,1284,0,1,4.651158986765571,6.191468882672617
train,mask_pca,1284,0,1,4.505168407827435,6.192334758215969
train,cej_int_midpoint,1284,0,1,4.582861533758406,6.1907819455507065
train,paper_eq1,1284,1,1,3.246035461227785,5.929180862222094
train,mask_pca,1284,1,1,3.1908887495806155,6.0438852043440745
train,cej_int_midpoint,1284,1,1,3.240624592942283,5.985450311926561
train,paper_eq1,1284,2,0,11.288642187965086,10.819096329859773
train,paper_eq1,1284,2,1,8.187515445818653,8.420728476904463
train,mask_pca,1284,2,0,11.304959629125849,10.835075356217533
train,mask_pca,1284,2,1,7.733516361557001,8.12138449592509
train,cej_int_midpoint,1284,2,0,11.365877905100763,11.093497426009696
train,cej_int_midpoint,1284,2,1,8.080445419847946,8.381733493310126
train,paper_eq1,1284,3,1,9.022470944995774,15.866194396706534
train,mask_pca,1284,3,1,9.111288385244002,16.490857321548948
train,cej_int_midpoint,1284,3,1,9.035843675517123,16.20294518607212
train,paper_eq1,1287,1,1,8.571335757780272,13.814237850396854
train,mask_pca,1287,1,1,10.158173702367836,13.902084732267406
train,cej_int_midpoint,1287,1,1,10.39343167535002,13.94145015390445
train,paper_eq1,1287,2,0,15.201952155577999,14.969720862630634
train,paper_eq1,1287,2,1,5.600771956600656,10.68089739297692
train,mask_pca,1287,2,0,15.151586635080037,18.287139521558853
train,mask_pca,1287,2,1,5.581199595455364,10.751798769594
train,cej_int_midpoint,1287,2,0,15.181074797215373,17.41290627272202
train,cej_int_midpoint,1287,2,1,5.566654788448048,10.87882373908262
train,paper_eq1,1288,0,1,8.82882669993288,7.184949181661287
train,mask_pca,1288,0,1,9.005316499465646,7.354931380620602
train,cej_int_midpoint,1288,0,1,59.96833275918988,7.404922272923131
train,paper_eq1,1288,2,1,3.778376120399355,7.417040994948623
train,mask_pca,1288,2,1,3.7192023197965405,7.39420872344419
train,cej_int_midpoint,1288,2,1,5.679675543397392,7.424917709035003
train,paper_eq1,1288,3,1,13.148390899706014,12.09703925270254
train,mask_pca,1288,3,1,13.420262621884302,12.398156224493754
train,cej_int_midpoint,1288,3,1,13.362957561415985,12.29256360386912
train,paper_eq1,1289,0,1,3.443053269160163,6.902898217214158
train,mask_pca,1289,0,1,3.6274821928250636,7.115493904483343
train,cej_int_midpoint,1289,0,1,68.15883555313252,7.124802692914837
train,mask_pca,1289,1,1,5.194218928012568,9.129868601082174
train,cej_int_midpoint,1289,1,1,89.89768419460758,65.32313979259747
train,paper_eq1,1289,2,1,3.450638780277832,4.037548881543216
train,mask_pca,1289,2,1,5.41534765777154,5.6248455764226835
train,cej_int_midpoint,1289,2,1,7.059675629587779,6.311279294133394
train,paper_eq1,1290,1,1,6.249615149438155,5.146776164191445
train,mask_pca,1290,1,1,7.323125235658891,5.461723985809943
train,cej_int_midpoint,1290,1,1,4.269173332818172,6.081348477512616
train,paper_eq1,1290,2,0,1.0766750930381799,3.320326124804361
train,paper_eq1,1290,2,1,3.0648722283845595,8.789013535064859
train,mask_pca,1290,2,0,1.1209986782569816,3.3004105127269296
train,mask_pca,1290,2,1,3.2357146454236125,9.358884777398286
train,cej_int_midpoint,1290,2,0,1.1114514766812613,3.313561751576234
train,cej_int_midpoint,1290,2,1,3.267846462235504,9.732621477225994
train,paper_eq1,1291,0,1,14.776032152250751,15.875955198184851
train,mask_pca,1291,0,1,14.81345484624188,15.920438272015783
train,cej_int_midpoint,1291,0,1,14.793435760200252,15.95554895868717
train,paper_eq1,1291,1,1,8.911875798842786,7.168695051789463
train,mask_pca,1291,1,1,8.840510227161758,7.111406017817582
train,cej_int_midpoint,1291,1,1,8.828871076261061,7.152908264349329
train,paper_eq1,1291,2,1,0.058097141204696674,0.2240639197447531
train,mask_pca,1291,2,1,0.22347894872148752,0.38158519856804846
train,cej_int_midpoint,1291,2,1,1.5469100766029085,0.8414271878702893
train,paper_eq1,1292,0,1,8.08319379760525,12.022498756182184
train,mask_pca,1292,0,1,8.044194977188392,11.092830824691813
train,cej_int_midpoint,1292,0,1,8.208020126830643,11.672968563115194
train,paper_eq1,1292,1,1,9.20439166456126,8.467312930707738
train,mask_pca,1292,1,1,9.222813697429155,8.52089861049229
train,cej_int_midpoint,1292,1,1,9.313442159857512,8.58641662052943
train,mask_pca,1292,2,1,3.4728050695094415,3.0494872759646734
train,paper_eq1,1292,3,0,1.1728448735215196,3.247143753913047
train,mask_pca,1292,3,0,1.2307298914813896,3.194684812780261
train,cej_int_midpoint,1292,3,0,1.406025613770258,3.143863733108359
train,paper_eq1,1293,0,1,2.377373623249335,4.272532616773032
train,mask_pca,1293,0,1,2.339382303126448,4.438500257774961
train,cej_int_midpoint,1293,0,1,2.4287946423570883,4.400011563365809
train,paper_eq1,1293,1,1,6.691793909611511,7.072631616678471
train,mask_pca,1293,1,1,6.025483583654148,6.823362766270264
train,cej_int_midpoint,1293,1,1,6.171783025570493,7.09970840011976
train,paper_eq1,1293,2,1,3.1918599406183876,5.074839531884632
train,mask_pca,1293,2,1,3.2025433324368553,5.296430576609115
train,cej_int_midpoint,1293,2,1,3.20394232339631,5.377918964060515
train,paper_eq1,1293,3,1,15.628477741213196,17.03878833169487
train,mask_pca,1293,3,1,16.008547728837282,18.065211488745163
train,cej_int_midpoint,1293,3,1,15.608755434148167,17.62181466651162
train,paper_eq1,13,1,1,47.22174818896193,43.153808400546296
train,mask_pca,13,1,1,47.78362809920367,43.58890010611927
train,cej_int_midpoint,13,1,1,48.777001564471966,43.51677383060865
train,paper_eq1,13,2,1,54.799346762334125,54.15361632937387
train,mask_pca,13,2,1,54.99244532139031,54.369332817809216
train,cej_int_midpoint,13,2,1,54.982823739355915,54.88003773640552
train,paper_eq1,13,3,1,42.78832400411727,47.0312011966284
train,mask_pca,13,3,1,46.097253175045964,49.9864794411776
train,cej_int_midpoint,13,3,1,50.57262301337606,54.04349547761851
train,paper_eq1,132,1,0,12.875170835890343,7.5254024378464335
train,paper_eq1,132,1,1,6.007128334713953,4.416320223779192
train,mask_pca,132,1,0,13.4867915366483,7.935022950776525
train,mask_pca,132,1,1,5.956476888273143,5.452123005631991
train,cej_int_midpoint,132,1,0,13.88057564513437,8.424051112538699
train,cej_int_midpoint,132,1,1,6.038639891806742,5.06205393309138
train,paper_eq1,132,2,1,3.8276046638845216,4.553556948033131
train,mask_pca,132,2,1,5.437973643448974,5.766646372709157
train,cej_int_midpoint,132,2,1,5.809564581861565,5.711197036444749
train,paper_eq1,135,1,1,5.817152174167322,3.4721839199610605
train,mask_pca,135,1,1,5.990106443181036,3.365937176935685
train,cej_int_midpoint,135,1,1,6.102321568261951,3.2604676922371754
train,paper_eq1,135,2,1,1.346545752555132,1.7888735307951578
train,mask_pca,135,2,1,1.3530286303198196,1.7964667544745496
train,cej_int_midpoint,135,2,1,1.5490535892050306,2.060233402769641
train,paper_eq1,136,0,0,20.70596198320597,4.514047136784505
train,paper_eq1,136,0,1,24.231848867612158,20.242512825806187
train,mask_pca,136,0,0,22.378701494260326,4.734126437085899
train,mask_pca,136,0,1,23.918574887309077,20.258356730189913
train,cej_int_midpoint,136,0,0,23.174618002914283,4.8572650863851665
train,cej_int_midpoint,136,0,1,24.237565453230207,20.246660490406224
train,mask_pca,136,1,1,15.43620537373955,12.546063803183504
train,paper_eq1,136,2,1,10.142172157134674,4.780196290741237
train,mask_pca,136,2,1,7.27402825767988,4.50421806368208
train,cej_int_midpoint,136,2,1,10.142172157134699,4.154620375563828
train,paper_eq1,14,0,1,59.136573726813324,47.81108110018949
train,mask_pca,14,0,1,60.542860286505686,48.32002848924977
train,cej_int_midpoint,14,0,1,60.93076281592849,49.008261010806216
train,paper_eq1,14,2,1,74.36657222633359,26.997706169877212
train,mask_pca,14,2,1,59.48584686513075,28.408385890830097
train,cej_int_midpoint,14,2,1,71.15554552825714,27.836354438311357
train,paper_eq1,140,0,1,2.7805765152500483,0.35095718813367816
train,mask_pca,140,0,1,5.459525316256072,0.11727637044009126
train,cej_int_midpoint,140,0,1,6.935340723113261,0.7131359277824608
train,paper_eq1,140,2,1,15.97481907417827,11.620824419009496
train,mask_pca,140,2,1,15.912108738662731,11.674353084238055
train,cej_int_midpoint,140,2,1,14.914597209201283,11.6028198691068
train,paper_eq1,141,0,0,4.839112761193523,3.6614697861102776
train,paper_eq1,141,0,1,16.312348666344132,16.7614069427439
train,mask_pca,141,0,0,4.9690054135134885,3.7638805507221735
train,mask_pca,141,0,1,16.425273222403106,16.764928321609425
train,cej_int_midpoint,141,0,0,5.10621641260031,3.8919175693750994
train,cej_int_midpoint,141,0,1,16.34030776606395,16.760987729088818
train,mask_pca,141,1,1,20.37945955143797,43.1288452336293
train,cej_int_midpoint,141,1,1,79.48557652997262,42.956182071284424
train,paper_eq1,141,2,1,14.642305216628307,9.97692988686893
train,mask_pca,141,2,1,16.092166998006267,11.18806501679188
train,paper_eq1,142,0,0,12.868143977204824,9.663721206109578
train,paper_eq1,142,0,1,13.15691552441127,14.841182271185794
train,mask_pca,142,0,0,13.102867650500944,9.934816769145192
train,mask_pca,142,0,1,14.040914642484742,15.517982255751736
train,cej_int_midpoint,142,0,0,13.128986865143172,9.973015623805317
train,cej_int_midpoint,142,0,1,13.977838261317563,15.435542581968601
train,paper_eq1,142,1,0,10.573008732389876,12.97268101313405
train,paper_eq1,142,1,1,20.964213301860205,16.703904559808873
train,mask_pca,142,1,0,10.51462857205227,12.911824238335706
train,mask_pca,142,1,1,21.34158754793309,16.969368308207084
train,cej_int_midpoint,142,1,0,10.514618162170198,12.927058973381921
train,cej_int_midpoint,142,1,1,21.341522000759113,17.042693721402365
train,paper_eq1,142,2,1,16.745367910398475,8.94605746605985
train,mask_pca,142,2,1,19.90058507027144,10.642886241118495
train,cej_int_midpoint,142,2,1,23.927266736347562,12.494028778919548
train,paper_eq1,145,0,1,11.063316391360738,6.966141781025781
train,mask_pca,145,0,1,12.020244033432801,7.802394661315231
train,cej_int_midpoint,145,0,1,11.59950979423439,0.9741404701307318
train,paper_eq1,145,1,0,6.836829189668975,7.153308021496331
train,paper_eq1,145,1,1,12.831761493147631,12.574091723337755
train,mask_pca,145,1,0,6.825388665489754,7.145822915973038
train,mask_pca,145,1,1,14.305029794928078,13.458052238397189
train,cej_int_midpoint,145,1,0,6.829544732265923,7.146872730854524
train,cej_int_midpoint,145,1,1,14.542465071037865,13.528440794087548
train,paper_eq1,145,2,0,6.106000475909289,7.5127730943623545
train,paper_eq1,145,2,1,7.3834217795796135,9.02295561699017
train,mask_pca,145,2,0,5.854353113619985,7.278599350599705
train,mask_pca,145,2,1,7.809574028532136,9.432661683844483
train,cej_int_midpoint,145,2,0,6.14875848608237,7.448978091590551
train,cej_int_midpoint,145,2,1,8.162027623421217,9.62092807255829
train,paper_eq1,146,0,1,24.345752260644016,24.534750614978723
train,mask_pca,146,0,1,25.42391736050167,25.09523501785625
train,cej_int_midpoint,146,0,1,28.797829662618458,25.222332339469872
train,paper_eq1,146,1,1,19.6473419492093,17.73540435515053
train,mask_pca,146,1,1,19.761815308559505,17.80077857935658
train,cej_int_midpoint,146,1,1,19.764840975261116,17.786847705806736
train,paper_eq1,146,2,1,21.8360472167953,19.412863809637017
train,mask_pca,146,2,1,21.92959292551675,19.611294901181378
train,cej_int_midpoint,146,2,1,21.893553133942138,19.64539189487502
train,paper_eq1,15,0,1,21.354701767354886,20.951563024217695
train,mask_pca,15,0,1,21.351817669475466,21.02703582804378
train,cej_int_midpoint,15,0,1,21.35397353153978,20.9387227178694
train,paper_eq1,15,1,1,21.561690277615988,22.453942290742663
train,mask_pca,15,1,1,22.037840924766723,22.935222174571877
train,cej_int_midpoint,15,1,1,22.03012209161153,22.70817006333371
train,mask_pca,15,2,1,11.099185316533571,9.456169326757303
train,paper_eq1,151,0,1,12.611739412129827,6.17756183880185
train,mask_pca,151,0,1,12.415003175804133,6.1780061352372515
train,cej_int_midpoint,151,0,1,12.793404465937257,6.176442287987649
train,paper_eq1,151,1,1,70.92955416952603,9.614116924256649
train,mask_pca,151,1,1,54.481340191137775,13.873025401870917
train,cej_int_midpoint,151,1,1,76.0198476925043,14.676148503450612
train,paper_eq1,151,2,1,13.915547844837292,5.747269282360743
train,mask_pca,151,2,1,13.620633062593711,5.568253440363317
train,cej_int_midpoint,151,2,1,15.717720961757117,5.358107800589992
train,paper_eq1,151,3,1,18.057714433281003,10.545130916932361
train,mask_pca,151,3,1,18.413410401220016,10.65341407382648
train,cej_int_midpoint,151,3,1,19.202195623789077,10.736294059623363
train,paper_eq1,155,0,0,6.059495105172564,6.1873219731246385
train,paper_eq1,155,0,1,2.5159508990006585,2.2868954992385384
train,mask_pca,155,0,0,6.488938066492279,6.415059960511606
train,mask_pca,155,0,1,2.2385929547697,2.3445993722713188
train,cej_int_midpoint,155,0,0,6.245057494879915,6.282688661692197
train,cej_int_midpoint,155,0,1,2.1247865756494457,2.3727029084829154
train,paper_eq1,155,1,0,4.519511028498716,4.406157306681199
train,paper_eq1,155,1,1,4.036956827515318,6.1434952283879225
train,mask_pca,155,1,0,4.493532651267525,4.347655123787347
train,mask_pca,155,1,1,3.932573905996326,6.159874587471259
train,cej_int_midpoint,155,1,0,4.47319290664882,4.3718110956753025
train,cej_int_midpoint,155,1,1,4.0109426128462635,6.169078073970914
train,paper_eq1,157,0,1,12.798724273092349,10.764338538920525
train,mask_pca,157,0,1,13.511950905320402,11.172150002250984
train,paper_eq1,157,1,0,12.607934639420062,7.12420222948226
train,paper_eq1,157,1,1,10.654270691978981,9.336132469399779
train,mask_pca,157,1,0,12.352425605774132,6.897082876719965
train,mask_pca,157,1,1,11.297350036526389,9.776138391166935
train,cej_int_midpoint,157,1,0,12.538456753462246,6.9917623720923086
train,cej_int_midpoint,157,1,1,11.774602030131666,9.944515207224452
train,paper_eq1,161,0,0,7.713044130864801,6.445891179663903
train,paper_eq1,161,0,1,7.148562709531997,8.012624403465365
train,mask_pca,161,0,0,7.902686574001269,6.460609130813035
train,mask_pca,161,0,1,8.064870681299128,8.67211129020796
train,cej_int_midpoint,161,0,0,7.777080167414016,6.450969930978784
train,cej_int_midpoint,161,0,1,8.63473690519325,9.201492766432684
train,paper_eq1,161,1,1,6.246152458790958,6.347586454229715
train,mask_pca,161,1,1,6.213799895954844,6.355635187749758
train,cej_int_midpoint,161,1,1,6.467706815483106,6.348802013860114
train,paper_eq1,162,0,1,5.952796413544611,6.966828840916051
train,mask_pca,162,0,1,5.764972355913027,6.869074067203582
train,cej_int_midpoint,162,0,1,6.1822451925642365,7.094135425908582
train,paper_eq1,162,1,0,4.554287141271321,4.688562296729917
train,paper_eq1,162,1,1,14.92937245780667,11.529101153567915
train,mask_pca,162,1,0,4.742370138729215,4.685286055377624
train,mask_pca,162,1,1,14.574152622027514,11.244943225828242
train,cej_int_midpoint,162,1,0,4.991150467863022,4.682699503752402
train,cej_int_midpoint,162,1,1,15.50385722367425,11.617760260855738
train,paper_eq1,162,2,0,7.3502794540241165,6.24928991490569
train,paper_eq1,162,2,1,6.895362494384499,6.859240238713209
train,mask_pca,162,2,0,7.5178126656573765,6.580000751713884
train,mask_pca,162,2,1,6.813282183818547,6.86419153418653
train,cej_int_midpoint,162,2,0,7.511808154283874,6.585673325999754
train,cej_int_midpoint,162,2,1,6.8062319864456695,6.863988929693768
train,paper_eq1,164,0,1,11.615540232096519,10.616564238232499
train,mask_pca,164,0,1,11.7273285879082,10.689530213946531
train,cej_int_midpoint,164,0,1,14.357953962979511,10.675689696136887
train,mask_pca,164,1,1,7.134527378559848,7.423201620463167
train,paper_eq1,165,0,1,7.507292344002886,8.086469295069513
train,mask_pca,165,0,1,7.506331375760652,8.116625547653431
train,cej_int_midpoint,165,0,1,7.506768035787944,8.102482395463335
train,paper_eq1,165,1,1,5.528968981285842,7.525822971614255
train,mask_pca,165,1,1,6.4917925790564,7.540824990900343
train,cej_int_midpoint,165,1,1,6.275704214361265,7.538254231746867
train,mask_pca,165,2,1,7.208700901927613,1.1313173312343867
train,paper_eq1,17,0,1,11.63536756963134,12.751214467217622
train,mask_pca,17,0,1,12.622478604594761,13.520017415525762
train,cej_int_midpoint,17,0,1,13.114601045582436,13.718336753603468
train,paper_eq1,17,1,1,67.91537488415497,68.13594206741963
train,mask_pca,17,1,1,27.81512839040069,25.05125138299478
train,cej_int_midpoint,17,1,1,57.176485248021166,53.794854552349335
train,paper_eq1,17,2,1,11.768745595650637,5.1698055353285834
train,mask_pca,17,2,1,11.867544923160402,5.221726467646053
train,cej_int_midpoint,17,2,1,11.823740764305454,5.506436656705926
train,paper_eq1,179,0,1,13.147930281453348,6.999207212649293
train,mask_pca,179,0,1,13.208150419420326,6.881009069131775
train,cej_int_midpoint,179,0,1,13.083334694119792,7.227095201719693
train,paper_eq1,179,1,1,8.074200444764546,6.807248131426519
train,mask_pca,179,1,1,8.204244176156482,6.8932595819206535
train,cej_int_midpoint,179,1,1,8.133283820614356,6.851502122098527
train,paper_eq1,179,2,0,16.79334099584683,16.092545253455594
train,paper_eq1,179,2,1,38.07706831842255,34.63273624698541
train,mask_pca,179,2,0,17.37177576918886,16.182731775404648
train,mask_pca,179,2,1,38.46955693594232,35.81317242373968
train,cej_int_midpoint,179,2,0,17.93644569201936,16.243326299022655
train,cej_int_midpoint,179,2,1,38.236817827667494,35.42927971987103
train,paper_eq1,180,0,0,4.2103720401787745,6.949650852209202
train,mask_pca,180,0,0,4.748722414975752,7.181024471257248
train,cej_int_midpoint,180,0,0,0.3812799289032961,2.148313231225024
train,paper_eq1,182,0,1,7.235998537059044,1.071352876857206
train,mask_pca,182,0,1,5.522393466391449,1.687471930891476
train,cej_int_midpoint,182,0,1,5.682897433148583,2.767355267104044
train,paper_eq1,182,1,0,13.605835117419932,10.20436012525865
train,paper_eq1,182,1,1,0.9873116303229348,0.6770920044441086
train,mask_pca,182,1,0,14.783530692674132,10.654354709630198
train,mask_pca,182,1,1,1.2979005159643602,1.2411918653552687
train,cej_int_midpoint,182,1,0,14.579875781991664,10.302367020106676
train,cej_int_midpoint,182,1,1,1.3499110341993543,1.6455745381046378
train,paper_eq1,182,2,1,4.584708708679008,5.254045279992868
train,mask_pca,182,2,1,6.619178667677902,7.537664654529158
train,cej_int_midpoint,182,2,1,7.0084376964551485,8.632416434230676
train,paper_eq1,185,0,1,10.346014836153133,7.495402206282274
train,mask_pca,185,0,1,10.414237832158484,7.467473527287999
train,cej_int_midpoint,185,0,1,10.37980686463663,7.522830317110099
train,paper_eq1,185,1,0,2.600826545862136,0.0884075865650507
train,paper_eq1,185,1,1,14.42029569267629,12.246145038315168
train,mask_pca,185,1,0,2.716392075623155,0.0061002052864787895
train,mask_pca,185,1,1,14.361836349185817,12.283756282771199
train,cej_int_midpoint,185,1,0,2.897846875413246,0.1741532317032362
train,cej_int_midpoint,185,1,1,14.444009926295687,12.233420973786352
train,paper_eq1,189,0,0,10.733165471024162,9.082045038301976
train,paper_eq1,189,0,1,4.6486210330984905,4.29478634695839
train,mask_pca,189,0,0,11.085440540240793,9.277340684251339
train,mask_pca,189,0,1,4.830851337406681,4.682742957552385
train,cej_int_midpoint,189,0,0,10.660628977247205,8.824817025190434
train,cej_int_midpoint,189,0,1,4.997334291737976,5.4639250408839715
train,paper_eq1,189,1,0,4.374877619797147,4.518085895223854
train,paper_eq1,189,1,1,6.810554200114015,5.1136204825834115
train,mask_pca,189,1,0,4.737056962071159,4.5879802730877115
train,mask_pca,189,1,1,6.807636293042512,5.127935711673076
train,cej_int_midpoint,189,1,0,5.415264253975676,7.8143610440461515
train,cej_int_midpoint,189,1,1,6.8104099353331975,4.984249283196755
train,paper_eq1,189,2,0,5.340025484497281,6.4690732683268335
train,paper_eq1,189,2,1,4.525100362383648,3.4841209285020067
train,mask_pca,189,2,0,5.526469737583436,6.5358925456927
train,mask_pca,189,2,1,4.537820072852624,4.419191708142773
train,cej_int_midpoint,189,2,0,5.911578653441345,6.4918133277314825
train,cej_int_midpoint,189,2,1,4.523223464221478,4.671400174583025
train,paper_eq1,191,0,0,5.844720324904963,7.7120757834077995
train,paper_eq1,191,0,1,4.7482702511495685,6.681771587492645
train,mask_pca,191,0,0,5.992655852935665,7.868093571906646
train,mask_pca,191,0,1,4.792265240832675,6.693774053197327
train,cej_int_midpoint,191,0,0,6.0099686199693645,7.914912794880541
train,cej_int_midpoint,191,0,1,4.784056513879186,6.688893459886502
train,paper_eq1,191,1,1,12.939549667971614,9.592977515337685
train,mask_pca,191,1,1,13.983617055405304,9.612202843700711
train,cej_int_midpoint,191,1,1,13.399838155791672,9.529986126355741
train,mask_pca,191,2,1,16.317026560450437,2.547408826379832
train,paper_eq1,192,0,1,34.0265251692954,33.66047722404549
train,mask_pca,192,0,1,36.18214060697842,35.647826926691714
train,cej_int_midpoint,192,0,1,36.99079545028547,35.80809586747792
train,paper_eq1,192,1,1,67.66740372624275,77.23178155673065
train,mask_pca,192,1,1,41.224774007976556,24.04377876869954
train,cej_int_midpoint,192,1,1,55.1756387027026,46.77523411767527
train,paper_eq1,193,0,0,3.47917479158602,1.0915399165327557
train,paper_eq1,193,0,1,0.9542816463060377,2.496298870863485
train,mask_pca,193,0,0,3.201517528462309,1.2190465664941548
train,mask_pca,193,0,1,0.9928504461579309,2.5830080375975313
train,cej_int_midpoint,193,0,0,5.1590810438487695,1.4574737136304452
train,cej_int_midpoint,193,0,1,1.5278634330869258,2.4416163681577197
train,paper_eq1,193,1,1,47.89466820105126,48.32364007283562
train,mask_pca,193,1,1,7.169716474853825,8.591923311308895
train,paper_eq1,199,1,1,31.499224254969604,32.4793996989536
train,mask_pca,199,1,1,32.652725308746334,32.93471441411877
train,cej_int_midpoint,199,1,1,40.57413720063762,32.96382401769616
train,paper_eq1,199,2,1,5.753639225247483,6.719761833318441
train,mask_pca,199,2,1,5.710372124420255,7.00524212125353
train,cej_int_midpoint,199,2,1,5.823672529646656,7.122426007563021
train,paper_eq1,2,0,0,14.018562349398703,7.9315550262203995
train,paper_eq1,2,0,1,8.808207160531412,9.164122949762325
train,mask_pca,2,0,0,14.431108820177588,8.0971909132195
train,mask_pca,2,0,1,8.705019584046008,8.993505390990308
train,cej_int_midpoint,2,0,0,14.625017349110378,8.212457919793676
train,cej_int_midpoint,2,0,1,8.766337694700155,9.139639336668063
train,paper_eq1,2,1,0,9.222482908164235,9.06355215714012
train,mask_pca,2,1,0,10.229374129450981,9.591814007550685
train,mask_pca,2,1,1,12.312468292939908,1.9318417691062042
train,cej_int_midpoint,2,1,0,11.017063266305392,7.122737737971291
train,paper_eq1,2,2,1,5.790633055428006,5.693899988664962
train,mask_pca,2,2,1,5.744309398809844,5.733013403942526
train,cej_int_midpoint,2,2,1,5.83850587551688,5.845562422418024
train,paper_eq1,206,0,1,31.664623174813666,15.57063557305841
train,mask_pca,206,0,1,32.50416373846061,16.01295535434229
train,cej_int_midpoint,206,0,1,32.63459296435831,16.23623410396075
train,paper_eq1,206,1,1,56.84567001057099,55.50796242145606
train,mask_pca,206,1,1,22.56329813101368,22.242340723017563
train,cej_int_midpoint,206,1,1,42.40904402939536,42.61127573261532
train,paper_eq1,21,0,1,31.75462991005101,23.905131169894915
train,mask_pca,21,0,1,31.96931277847944,24.350393680128892
train,cej_int_midpoint,21,0,1,31.843612675520987,24.1895589810776
train,mask_pca,21,1,1,41.503852443703856,38.722553985026494
train,cej_int_midpoint,21,1,1,94.52660989329368,100.0
train,paper_eq1,21,3,1,29.158381057128384,33.28309782624528
train,mask_pca,21,3,1,29.152609763207387,33.307062008841456
train,cej_int_midpoint,21,3,1,29.169224958151084,33.28575534635471
train,paper_eq1,210,0,0,26.660997323215476,31.330617574430192
train,paper_eq1,210,0,1,23.488615566936627,13.002222437295435
train,mask_pca,210,0,0,28.608708511948866,33.75971219823838
train,mask_pca,210,0,1,24.860025314844876,19.154269395974946
train,cej_int_midpoint,210,0,0,28.174876934204697,33.01816227340414
train,cej_int_midpoint,210,0,1,25.302543270359962,20.681928755178
train,paper_eq1,210,1,1,27.729671361392285,26.87583186380121
train,mask_pca,210,1,1,28.210571179353792,27.2950799712545
train,cej_int_midpoint,210,1,1,25.816070344706933,27.50557883955689
train,paper_eq1,213,1,0,5.802642743862964,8.200171919337116
train,paper_eq1,213,1,1,2.996701389854315,0.8952311045509377
train,mask_pca,213,1,0,5.935523088590379,8.336826869280799
train,mask_pca,213,1,1,2.877576585979568,0.9627918888256655
train,cej_int_midpoint,213,1,0,5.639452652645049,8.247543895671308
train,cej_int_midpoint,213,1,1,2.4508136325947065,1.0300317145761189
train,paper_eq1,213,2,1,18.1569658051465,16.33135387881822
train,mask_pca,213,2,1,18.914980486224078,17.150904399269898
train,cej_int_midpoint,213,2,1,18.72306784140781,17.055675356264512
train,paper_eq1,213,3,1,14.581162182619648,22.54248740190495
train,mask_pca,213,3,1,15.333945115508365,23.13204289044049
train,cej_int_midpoint,213,3,1,15.212389862987031,22.74035584204778
train,mask_pca,214,0,1,8.81036474218904,11.807588677999966
train,paper_eq1,214,1,1,1.1983259825169104,1.8208697463650652
train,mask_pca,214,1,1,1.496916563840055,1.9571986951496418
train,cej_int_midpoint,214,1,1,2.4138496780506147,2.075566521430111
train,paper_eq1,216,0,1,25.43123173036626,23.543339902544325
train,mask_pca,216,0,1,25.86525087525835,23.940858576108266
train,cej_int_midpoint,216,0,1,25.81883277865977,24.010747716776002
train,paper_eq1,216,1,1,38.27273907685082,35.452728198153125
train,mask_pca,216,1,1,38.573611935436574,35.70624952118596
train,cej_int_midpoint,216,1,1,37.91152099667421,35.698414911944894
train,paper_eq1,216,2,1,64.42149037039673,39.74027287132391
train,mask_pca,216,2,1,65.66775502426604,40.57264013127055
train,cej_int_midpoint,216,2,1,65.59843474615028,40.582600909195925
train,paper_eq1,216,3,1,75.02819149281844,61.2775913294425
train,mask_pca,216,3,1,75.22724108625135,61.37904473439411
train,cej_int_midpoint,216,3,1,75.02819149281841,61.24081287691806
train,paper_eq1,217,0,1,10.412731016924328,9.242271047913587
train,mask_pca,217,0,1,10.840662885627388,9.999349574542787
train,paper_eq1,217,1,1,12.760723671463179,10.96276789024395
train,mask_pca,217,1,1,12.64361969609177,10.81332284351333
train,cej_int_midpoint,217,1,1,12.885401042144034,11.127355204250563
train,paper_eq1,221,0,1,8.907029172158978,8.956582084939393
train,mask_pca,221,0,1,9.129208536142968,9.131160173042845
train,cej_int_midpoint,221,0,1,9.095650579631387,9.110036653211905
train,paper_eq1,221,1,1,24.535936388681247,28.619060184558307
train,mask_pca,221,1,1,24.363594755973725,28.62707050826998
train,cej_int_midpoint,221,1,1,24.490299312198076,28.62110754454094
train,paper_eq1,221,2,1,10.922987226843635,7.559441303367276
train,mask_pca,221,2,1,11.592363586634939,8.073932847099591
train,cej_int_midpoint,221,2,1,11.208593108874156,7.800532820188831
train,paper_eq1,226,1,1,4.775773197622257,1.9515646716177817
train,mask_pca,226,1,1,5.135548834266461,1.8904475547573112
train,cej_int_midpoint,226,1,1,5.117557588801961,1.924786198645207
train,paper_eq1,226,2,0,0.518306155236886,0.9759725294102253
train,paper_eq1,226,2,1,3.7489442204085655,1.768838745274678
train,mask_pca,226,2,0,0.02041040905630813,1.3032206383142941
train,mask_pca,226,2,1,3.7594038295943664,1.8045517603547008
train,cej_int_midpoint,226,2,0,2.1581766710006622,4.229447174006575
train,cej_int_midpoint,226,2,1,3.8235856157496744,0.07942185052216409
train,paper_eq1,226,3,1,4.092649481595015,13.16102170556252
train,mask_pca,226,3,1,4.444484767378266,13.011065049759395
train,cej_int_midpoint,226,3,1,5.44027326267593,14.907673608269837
train,paper_eq1,229,0,1,26.30068495812827,10.586521578432706
train,mask_pca,229,0,1,26.33558753266379,10.584532365438221
train,cej_int_midpoint,229,0,1,24.967574084073366,10.587706438758069
train,paper_eq1,23,0,0,38.19179923141064,37.70951749740498
train,mask_pca,23,0,0,39.962417949731574,39.844329128681395
train,mask_pca,23,0,1,63.184942782858535,48.70470590455777
train,cej_int_midpoint,23,0,0,39.823832041627284,49.66502944432842
train,cej_int_midpoint,23,0,1,63.257122177486,100.0
train,paper_eq1,23,1,0,58.986651925106045,58.21433417810176
train,paper_eq1,23,1,1,74.27059389722226,38.37293506559366
train,mask_pca,23,1,0,60.314357401699205,59.73278737879338
train,mask_pca,23,1,1,75.27106178997958,51.0661481149638
train,cej_int_midpoint,23,1,0,60.417609785282465,62.04043608141573
train,cej_int_midpoint,23,1,1,75.18341209558965,58.80314052049462
train,paper_eq1,230,2,1,20.81475302997215,18.03776524775898
train,mask_pca,230,2,1,21.50370287069524,18.55959728586435
train,cej_int_midpoint,230,2,1,21.44112005289065,18.503666797688624
train,paper_eq1,230,3,1,3.1618138887157454,1.861885768944148
train,mask_pca,230,3,1,3.5573505797160765,2.088854871299727
train,cej_int_midpoint,230,3,1,4.239955645906478,2.761104939624936
train,paper_eq1,235,0,0,39.40797849150769,41.23146841750877
train,paper_eq1,235,0,1,22.65155534607907,23.07211816099546
train,mask_pca,235,0,0,41.15146885583537,43.07722545975695
train,mask_pca,235,0,1,23.853947579594614,23.972513838458838
train,cej_int_midpoint,235,0,0,41.06160450630919,43.03439864844385
train,cej_int_midpoint,235,0,1,23.906332887289388,23.992488248885234
train,paper_eq1,236,1,1,35.60932188722028,29.503053578760486
train,mask_pca,236,1,1,35.79847138380089,30.171284614848293
train,cej_int_midpoint,236,1,1,35.85138669075652,30.169566321716584
train,paper_eq1,236,2,1,43.95110446864603,42.293039863015224
train,mask_pca,236,2,1,44.24634019215597,40.186458328115684
train,cej_int_midpoint,236,2,1,44.1468969280111,45.04974678488359
train,paper_eq1,236,3,1,26.403522802651874,26.195100739357514
train,mask_pca,236,3,1,26.371872075974217,26.169829142795436
train,cej_int_midpoint,236,3,1,26.400844002025497,26.182884606107887
train,paper_eq1,236,4,1,51.33951415916964,54.14483713785825
train,mask_pca,236,4,1,35.49454782461369,39.800900812302835
train,cej_int_midpoint,236,4,1,45.032992310815686,48.55583676992366
train,paper_eq1,238,0,1,7.490981394777571,7.39419506796429
train,mask_pca,238,0,1,7.59089761088676,7.380633658677442
train,cej_int_midpoint,238,0,1,7.516171980030359,7.389853986186219
train,paper_eq1,238,1,1,12.783526873830443,14.447863694639349
train,mask_pca,238,1,1,12.988237419607609,14.637139052242945
train,cej_int_midpoint,238,1,1,12.948334721806692,14.588492867706373
train,paper_eq1,238,2,1,20.4371540363903,20.779419212155815
train,mask_pca,238,2,1,21.847210959080787,22.561374909738223
train,cej_int_midpoint,238,2,1,21.503603698716912,22.323534430043708
train,paper_eq1,24,0,1,28.666976972072504,28.68782520487131
train,mask_pca,24,0,1,30.214918079092634,30.38510277567077
train,cej_int_midpoint,24,0,1,30.970444189499545,31.34204024186215
train,paper_eq1,24,1,1,22.87012460677633,20.480894631982206
train,mask_pca,24,1,1,23.66936355917367,21.451244421157867
train,cej_int_midpoint,24,1,1,23.62540915129648,21.44687329086949
train,paper_eq1,242,0,1,21.348141501788064,20.29865455168048
train,mask_pca,242,0,1,22.50370087157303,21.28052728915982
train,cej_int_midpoint,242,0,1,22.47983028158868,21.29696087615473
train,paper_eq1,242,1,1,25.449541984000046,23.09347331148564
train,mask_pca,242,1,1,25.93512739078555,23.701932253144772
train,cej_int_midpoint,242,1,1,25.78146217601118,23.541798178235425
train,mask_pca,248,0,1,8.249999209410182,0.4298212837897463
train,paper_eq1,248,1,1,13.618165771210561,16.91031794995764
train,mask_pca,248,1,1,14.272992805644977,17.00770027508593
train,cej_int_midpoint,248,1,1,14.446666829064005,16.93671235455885
train,paper_eq1,25,0,0,14.408711685543102,14.161663913178602
train,paper_eq1,25,0,1,23.677919217814633,29.5125382387258
train,mask_pca,25,0,0,14.434227112055781,14.197351139457698
train,mask_pca,25,0,1,24.21727413770149,31.259205195922533
train,cej_int_midpoint,25,0,0,14.575500264538208,14.21170647910795
train,cej_int_midpoint,25,0,1,23.95632989702428,31.098819026199422
train,paper_eq1,25,1,1,11.71749850115862,13.148356924775095
train,mask_pca,25,1,1,11.782693368413266,13.337728172080707
train,cej_int_midpoint,25,1,1,13.423249829553875,13.35726315022035
train,paper_eq1,250,1,1,9.658053193157386,9.947218501207697
train,mask_pca,250,1,1,9.737336856929055,10.14250444374202
train,cej_int_midpoint,250,1,1,9.022073994099948,7.613462586434512
train,paper_eq1,250,2,0,5.7233818053177785,12.31649924873915
train,paper_eq1,250,2,1,13.029373450719564,12.798319772039438
train,mask_pca,250,2,0,6.29671380951137,12.380425867497049
train,mask_pca,250,2,1,12.989290435368972,12.535072339221415
train,cej_int_midpoint,250,2,0,6.802629698158561,12.950198272468306
train,cej_int_midpoint,250,2,1,13.055741257906709,12.949966283221626
train,paper_eq1,252,0,1,6.085252728930862,6.742219020870103
train,mask_pca,252,0,1,6.294233916636277,6.976931809086148
train,cej_int_midpoint,252,0,1,37.06450278370484,6.890926397297243
train,paper_eq1,252,2,1,4.1674717716607645,1.5642133617280174
train,mask_pca,252,2,1,4.330580168565545,1.6031976432800978
train,cej_int_midpoint,252,2,1,4.293713941345477,1.6037047791109225
train,paper_eq1,252,3,1,4.431293942967414,6.85191081898377
train,mask_pca,252,3,1,4.438717036424497,6.873434005745277
train,cej_int_midpoint,252,3,1,4.434749519514373,6.864844369172478
train,paper_eq1,254,1,1,51.56181619223608,52.641310813066745
train,mask_pca,254,1,1,51.46515260995122,52.55892453402746
train,cej_int_midpoint,254,1,1,51.488447067960905,52.5745944127868
train,paper_eq1,259,1,0,21.560235777393675,21.696766122785846
train,paper_eq1,259,1,1,10.527178288827296,7.978002644393103
train,mask_pca,259,1,0,21.585332176246148,21.902761821658917
train,mask_pca,259,1,1,10.588367762677466,9.840379566940188
train,cej_int_midpoint,259,1,0,21.57052286294973,21.84834844904711
train,cej_int_midpoint,259,1,1,10.644629897598444,10.019062471385475
train,paper_eq1,26,0,1,22.222667553383886,24.063856479777083
train,mask_pca,26,0,1,24.27778373056025,26.21715303862091
train,cej_int_midpoint,26,0,1,24.89421206790371,27.017092670164956
train,paper_eq1,26,1,1,45.792570271471924,43.43936381388469
train,mask_pca,26,1,1,46.968540327447315,44.793353340132306
train,cej_int_midpoint,26,1,1,46.79302651493131,44.81111924776393
train,paper_eq1,26,3,1,69.27462788916382,70.52310864186488
train,mask_pca,26,3,1,58.467220154112,60.21299018167957
train,cej_int_midpoint,26,3,1,63.500604686658335,64.79359754367499
train,paper_eq1,261,0,1,47.58338923470935,74.17689271440501
train,mask_pca,261,0,1,49.93119468006705,57.19627722183366
train,cej_int_midpoint,261,0,1,50.529799057052394,65.7204685705163
train,paper_eq1,261,1,1,45.70836283852262,47.25001303043651
train,mask_pca,261,1,1,48.3239164914263,49.07995221770345
train,cej_int_midpoint,261,1,1,48.55151362058248,49.04511843308588
train,paper_eq1,261,2,1,55.99345501416,59.36307296136425
train,mask_pca,261,2,1,58.14986854275516,62.75080627651587
train,cej_int_midpoint,261,2,1,57.849215910165796,62.303103362399725
train,paper_eq1,262,2,1,12.415706403217293,2.775092853513933
train,mask_pca,262,2,1,12.175242715290368,3.0487454194771724
train,cej_int_midpoint,262,2,1,11.857464771828196,2.951141363128804
train,paper_eq1,263,0,1,10.394136609683214,10.707474326129294
train,mask_pca,263,0,1,10.58008851485244,10.951944264122714
train,cej_int_midpoint,263,0,1,10.616145593699152,10.985448403824401
train,paper_eq1,263,1,1,57.890156100216494,61.15105707435933
train,mask_pca,263,1,1,31.79256311491666,29.17984933394706
train,cej_int_midpoint,263,1,1,51.02766600384895,52.814203645780125
train,paper_eq1,263,3,1,2.9879621250655384,2.8404673344809814
train,mask_pca,263,3,1,3.0324818242652474,2.7845499308758583
train,cej_int_midpoint,263,3,1,3.3113162047712716,3.2196005557722818
train,paper_eq1,267,0,1,16.716925523571042,11.743315889821389
train,mask_pca,267,0,1,17.40738826898724,12.35181400698526
train,cej_int_midpoint,267,0,1,35.740268499028176,13.069248659768121
train,paper_eq1,267,1,0,14.560701587913414,14.397165689128471
train,paper_eq1,267,1,1,14.957084386123848,11.017956200341047
train,mask_pca,267,1,0,14.241430437630385,14.199492005915573
train,mask_pca,267,1,1,16.118286424159834,11.842200932588554
train,cej_int_midpoint,267,1,0,14.597874829641553,14.406041443811048
train,cej_int_midpoint,267,1,1,16.913974431981206,12.394644867723843
train,paper_eq1,267,2,1,21.645719186242253,16.709997054586108
train,mask_pca,267,2,1,22.444359096319744,17.3083692279546
train,cej_int_midpoint,267,2,1,22.44889256461761,17.389401637297908
train,paper_eq1,268,0,1,16.60524197335752,17.45378118663046
train,mask_pca,268,0,1,16.79095266276875,17.61983047803193
train,cej_int_midpoint,268,0,1,16.760766154964216,17.622445115998495
train,paper_eq1,268,1,1,19.20122222894586,17.8745799257062
train,mask_pca,268,1,1,12.80931828234563,12.00827602233268
train,cej_int_midpoint,268,1,1,46.339888850828984,48.199602621700045
train,paper_eq1,268,2,0,15.632264412226204,9.37951726098892
train,paper_eq1,268,2,1,6.416850118399553,5.2332407800054215
train,mask_pca,268,2,0,16.247786892263573,9.88706491467939
train,mask_pca,268,2,1,6.400738821233233,5.417817257690242
train,cej_int_midpoint,268,2,0,16.11197863264133,9.991669198913907
train,cej_int_midpoint,268,2,1,6.3655236656372685,5.389083950243883
train,paper_eq1,268,3,1,2.3648387839003173,1.6836725723459338
train,mask_pca,268,3,1,3.0704168853183433,2.031765984384592
train,cej_int_midpoint,268,3,1,3.754206603544742,2.0179211231205736
train,paper_eq1,271,0,1,5.934631940903469,6.218443410018012
train,mask_pca,271,0,1,6.0278428197195835,6.418774512521059
train,cej_int_midpoint,271,0,1,5.941329272986177,6.342081996918308
train,paper_eq1,271,1,0,5.077978170811705,0.7187526094234269
train,paper_eq1,271,1,1,3.1722895184463686,3.150236803164766
train,mask_pca,271,1,0,5.180042834155002,0.6637703183571829
train,mask_pca,271,1,1,3.3809257243435122,3.3490165323865515
train,cej_int_midpoint,271,1,0,5.488358833299209,0.15915153033859897
train,cej_int_midpoint,271,1,1,3.2444625190251397,3.0781614598033613
train,paper_eq1,271,2,1,20.81067838396404,20.776374200426602
train,mask_pca,271,2,1,22.55567263913205,21.982577284303616
train,cej_int_midpoint,271,2,1,21.82446889385675,21.46304528844354
train,mask_pca,272,1,1,5.60328372475988,7.403715488474908
train,paper_eq1,272,2,1,10.934264006509279,10.663281514657806
train,mask_pca,272,2,1,11.39936658171056,10.681382009789733
train,cej_int_midpoint,272,2,1,11.444489139505794,10.669922058790636
train,paper_eq1,272,3,1,7.224838842530433,2.443195364323512
train,mask_pca,272,3,1,7.788291756717282,2.871956643615877
train,cej_int_midpoint,272,3,1,8.146470906795338,3.78717481357961
train,paper_eq1,273,1,1,16.939521234766218,17.406131999020257
train,mask_pca,273,1,1,17.57177745067465,18.018696950931815
train,cej_int_midpoint,273,1,1,17.66326744872195,18.111263232035814
train,paper_eq1,273,2,0,8.872724161293895,6.378505137453897
train,paper_eq1,273,2,1,19.242162759058854,17.438568263811533
train,mask_pca,273,2,0,8.85444242261761,6.352854702952038
train,mask_pca,273,2,1,20.679471847540523,24.43133462223375
train,cej_int_midpoint,273,2,0,8.986386483196679,6.37436703661262
train,cej_int_midpoint,273,2,1,21.46733703019278,25.880874743759268
train,paper_eq1,274,1,0,15.654230405332555,14.329988089179038
train,paper_eq1,274,1,1,21.407562352335745,17.633503550942297
train,mask_pca,274,1,0,15.857430621975308,14.433780590435447
train,mask_pca,274,1,1,21.892579353789095,17.887000798173656
train,cej_int_midpoint,274,1,0,15.823348289589948,14.408116356711954
train,cej_int_midpoint,274,1,1,21.98313389044686,17.97801564800345
train,paper_eq1,275,0,1,7.738506254916229,100.0
train,mask_pca,275,0,1,8.225971753399277,7.013106367467375
train,cej_int_midpoint,275,0,1,8.534045888656253,72.94277068869134
train,paper_eq1,275,1,1,11.208443142153426,9.512707695856582
train,mask_pca,275,1,1,11.302514944760272,9.597994568697226
train,cej_int_midpoint,275,1,1,11.274971517087264,9.577232528904082
train,paper_eq1,275,3,1,15.990758201112909,15.038976135378737
train,mask_pca,275,3,1,16.291626733454397,15.292559941407873
train,cej_int_midpoint,275,3,1,18.60934859768616,15.324188437040384
train,paper_eq1,276,0,1,18.874621023560707,17.963234489826014
train,mask_pca,276,0,1,22.832175087140584,21.783312089787433
train,paper_eq1,276,1,0,16.698024806266027,17.365804920963246
train,paper_eq1,276,1,1,16.47421168743702,13.847097844631131
train,mask_pca,276,1,0,16.637756204953256,17.198972885653415
train,mask_pca,276,1,1,16.684889674165188,13.99544744055015
train,cej_int_midpoint,276,1,0,16.71637135622855,17.556268851075394
train,cej_int_midpoint,276,1,1,17.033206772880778,14.432808365807457
train,paper_eq1,276,2,1,10.175409831028153,12.948276706250805
train,mask_pca,276,2,1,11.140049507746747,13.566650959324114
train,cej_int_midpoint,276,2,1,11.666181322515374,13.700188353091262
train,paper_eq1,276,3,1,11.654417637593294,11.426045405938765
train,mask_pca,276,3,1,11.646953895522543,11.473448216420373
train,cej_int_midpoint,276,3,1,11.65546351181389,11.441666978896281
train,paper_eq1,277,1,1,9.616684938290078,11.188803231846851
train,mask_pca,277,1,1,12.342497098481893,15.171772027100422
train,cej_int_midpoint,277,1,1,12.686489228144964,15.581387335926769
train,paper_eq1,277,2,1,8.8615326600645,10.155449193972766
train,mask_pca,277,2,1,9.695197014861968,10.904983764856226
train,cej_int_midpoint,277,2,1,9.374807805508151,10.941811170804424
train,paper_eq1,277,3,1,13.006459444099589,11.618553423055008
train,mask_pca,277,3,1,13.763680675424148,12.290472036823543
train,cej_int_midpoint,277,3,1,13.92445262350647,12.46319265990594
train,paper_eq1,278,0,1,6.355506685419451,5.243543051244138
train,mask_pca,278,0,1,6.516555249094782,5.424971324923888
train,cej_int_midpoint,278,0,1,14.832309914409805,5.578588141884707
train,paper_eq1,278,1,1,14.135992762540239,12.25434782720649
train,mask_pca,278,1,1,14.516473853416798,12.507933566809198
train,cej_int_midpoint,278,1,1,14.492469565512392,12.463547534785004
train,paper_eq1,278,2,1,58.498425244348255,16.709298870315465
train,mask_pca,278,2,1,20.55530873259207,16.910339677515598
train,cej_int_midpoint,278,2,1,45.19000763949359,16.828970366679957
train,paper_eq1,278,3,1,6.502685361245762,5.303077915110293
train,mask_pca,278,3,1,6.768181935143161,5.67701908665995
train,cej_int_midpoint,278,3,1,6.8902195223913845,6.15830995040429
train,paper_eq1,279,1,1,53.3667968753306,24.926355099261365
train,mask_pca,279,1,1,33.863885170423416,25.347667481453968
train,cej_int_midpoint,279,1,1,44.486993465974244,25.447738111231434
train,paper_eq1,279,2,1,41.76937302078941,36.37253096310037
train,mask_pca,279,2,1,42.200968470387956,36.50061032096531
train,cej_int_midpoint,279,2,1,42.20614036991254,36.49733977444011
train,paper_eq1,28,1,1,17.071643713244217,9.145278410277045
train,mask_pca,28,1,1,17.20155322289453,9.2361810513158
train,cej_int_midpoint,28,1,1,17.128675262406958,9.210411589457898
train,paper_eq1,28,2,1,30.098478092712718,21.474432314553425
train,mask_pca,28,2,1,31.33544731339747,22.026767926851218
train,cej_int_midpoint,28,2,1,31.33076598197008,21.907551937208197
train,paper_eq1,28,3,1,15.60540622883512,7.390436709798531
train,mask_pca,28,3,1,15.570988813942499,7.50820113624414
train,cej_int_midpoint,28,3,1,15.611072383349892,7.557250012832633
train,paper_eq1,280,1,1,0.13091160150502373,0.11684460209620122
train,mask_pca,280,1,1,0.38737028392919726,0.0009175873365117274
train,paper_eq1,280,2,1,10.473512071126024,7.900664176629387
train,mask_pca,280,2,1,10.72335553178233,8.125743688849646
train,cej_int_midpoint,280,2,1,10.559734824337099,7.871547519041619
train,paper_eq1,280,3,1,13.008675901754788,10.052858039638307
train,mask_pca,280,3,1,9.831041481284041,7.279668241484344
train,cej_int_midpoint,280,3,1,8.970060293992576,92.46243215437005
train,paper_eq1,280,4,1,12.240909748288985,6.982577751866055
train,mask_pca,280,4,1,12.487756785254616,7.363062860098769
train,cej_int_midpoint,280,4,1,12.637289400794508,7.619703037493506
train,paper_eq1,282,0,1,8.356097440365815,8.040935168035201
train,mask_pca,282,0,1,7.683226542799819,8.131362412579989
train,cej_int_midpoint,282,0,1,7.945543582195203,8.119550827575386
train,paper_eq1,282,1,1,37.90187436726601,38.94335141583887
train,mask_pca,282,1,1,14.5997981040179,18.463703849979385
train,cej_int_midpoint,282,1,1,76.91394781618162,68.92169092601378
train,paper_eq1,285,0,1,3.7962700623806427,4.460253288204825
train,mask_pca,285,0,1,4.286210879808676,4.490886923788161
train,cej_int_midpoint,285,0,1,4.239469863989581,4.515474285225927
train,paper_eq1,285,1,1,12.687795796023968,13.417729054393515
train,mask_pca,285,1,1,13.647255232677932,14.037968102776283
train,cej_int_midpoint,285,1,1,13.789433869134218,14.046784507819412
train,paper_eq1,285,2,1,15.215734632265637,15.849561196118744
train,mask_pca,285,2,1,16.611810257460956,16.896216853587987
train,cej_int_midpoint,285,2,1,12.935390158678805,17.343887541531014
train,paper_eq1,29,1,1,21.607446834622056,20.909285258286012
train,mask_pca,29,1,1,22.659319632260093,22.082691377836493
train,cej_int_midpoint,29,1,1,22.43995351362899,22.08005475809875
train,paper_eq1,29,2,0,7.472780396900452,8.278263866004005
train,paper_eq1,29,2,1,8.149952134767934,7.8561262923511705
train,mask_pca,29,2,0,7.38350729741107,8.137602089800563
train,mask_pca,29,2,1,8.35646398465654,8.276983478561773
train,cej_int_midpoint,29,2,0,7.439018939379602,8.28876049486621
train,cej_int_midpoint,29,2,1,8.563268677123878,8.9197106734453
train,mask_pca,291,2,1,16.419182037636055,0.10737644901030213
train,paper_eq1,292,0,1,36.50172194900039,51.71832417036275
train,mask_pca,292,0,1,23.05023798689057,24.67149686123355
train,paper_eq1,292,1,1,10.35086302510251,9.77858771148654
train,mask_pca,292,1,1,11.230219447570065,10.313373656767736
train,mask_pca,294,1,1,5.095704226032825,7.718002231707234
train,cej_int_midpoint,294,1,1,89.96100398127311,7.689393090095129
train,paper_eq1,294,2,1,2.090310795601514,6.0871092207007536
train,mask_pca,294,2,1,2.249918424879547,6.4082895244834015
train,cej_int_midpoint,294,2,1,2.4153691714824443,6.534830032848707
train,paper_eq1,297,1,1,23.610717882301408,24.611399792376435
train,mask_pca,297,1,1,23.845453931211647,24.930932277442245
train,cej_int_midpoint,297,1,1,24.609060308371863,24.907070848266883
train,paper_eq1,297,2,1,57.69591047273519,17.425465334968674
train,mask_pca,297,2,1,13.071711682048207,17.79633957964191
train,cej_int_midpoint,297,2,1,35.58685864919691,17.721257491355928
train,paper_eq1,299,0,1,36.64623748835575,30.789541189637585
train,mask_pca,299,0,1,36.70043426615937,30.90564873783969
train,cej_int_midpoint,299,0,1,36.75705893455189,35.21202270817343
train,paper_eq1,299,1,1,89.70883588651947,23.063532245419996
train,mask_pca,299,1,1,90.35045041826253,33.8614478448032
train,cej_int_midpoint,299,1,1,90.07468773340965,48.647872326373445
train,paper_eq1,299,3,1,38.31206793993649,35.649386749568066
train,mask_pca,299,3,1,39.04742219972287,36.6006166789911
train,cej_int_midpoint,299,3,1,38.724798457786434,36.378839674817996
train,paper_eq1,30,0,1,5.38034359891858,8.163766741859554
train,mask_pca,30,0,1,5.507486035576261,8.250232484921217
train,cej_int_midpoint,30,0,1,5.529508791431511,8.243657551737591
train,paper_eq1,30,1,0,10.846041906580549,11.680931253290565
train,paper_eq1,30,1,1,8.49849786196212,5.837818457952451
train,mask_pca,30,1,0,11.217988237977044,12.085826278031602
train,mask_pca,30,1,1,8.518407486110995,5.8272572101908935
train,cej_int_midpoint,30,1,0,11.238511155219138,12.06306252231811
train,cej_int_midpoint,30,1,1,8.516411828750874,5.8261289402821586
train,paper_eq1,30,2,0,1.0544403664107405,4.346811890335333
train,mask_pca,30,2,0,0.9611777124589832,4.386558720160719
train,mask_pca,30,2,1,6.208115305112156,2.504942265626401
train,cej_int_midpoint,30,2,0,0.9002834631991526,3.3650554772857317
train,paper_eq1,30,3,1,13.180365522449508,11.94641670377293
train,mask_pca,30,3,1,13.155710846023943,11.91248326879231
train,cej_int_midpoint,30,3,1,13.307104442259963,11.751823243952245
train,paper_eq1,302,0,1,1.202266860962501,48.87580597428096
train,mask_pca,302,0,1,1.1517713605945012,11.34319191413353
train,cej_int_midpoint,302,0,1,1.5747230557316076,38.152584787889985
train,paper_eq1,302,1,1,10.61701056029069,11.971532948436028
train,mask_pca,302,1,1,11.283666733177702,12.430031505016604
train,cej_int_midpoint,302,1,1,11.658665012261732,12.512303977338712
train,paper_eq1,302,2,1,10.12928575680844,11.715262701941946
train,mask_pca,302,2,1,10.506224657331636,11.94626965362161
train,cej_int_midpoint,302,2,1,11.191040405265552,12.050912684986631
train,paper_eq1,307,2,0,19.4118598127195,21.14263101152228
train,mask_pca,307,2,0,19.814615970400443,21.502153091028173
train,mask_pca,307,2,1,12.340041095475767,9.177858796649502
train,cej_int_midpoint,307,2,0,19.987060142572442,26.771540479417183
train,cej_int_midpoint,307,2,1,12.378861261215054,84.74571851320414
train,paper_eq1,310,1,1,13.605584066626083,15.36514068870782
train,mask_pca,310,1,1,13.847469529475994,15.618537110323484
train,cej_int_midpoint,310,1,1,19.004153148304688,15.662641312105885
train,paper_eq1,310,2,1,17.822903915033077,20.413779745137873
train,mask_pca,310,2,1,18.767167388875503,21.139199801659185
train,cej_int_midpoint,310,2,1,18.89949877305027,20.998727795304383
train,paper_eq1,310,3,1,8.509850690919128,5.383446311609865
train,mask_pca,310,3,1,8.875895858133397,5.549729784214588
train,cej_int_midpoint,310,3,1,9.00321240434916,5.547087898501528
train,paper_eq1,311,0,1,10.247699130477681,11.04091781747772
train,mask_pca,311,0,1,10.767391700061953,11.441778852582834
train,cej_int_midpoint,311,0,1,10.822350396696278,11.57382106851836
train,mask_pca,311,2,1,20.547858230622108,22.014162622747495
train,cej_int_midpoint,311,2,1,97.62703494998595,81.5977074131797
train,paper_eq1,311,3,1,15.184603046564913,15.291702897055812
train,mask_pca,311,3,1,15.357146733381391,15.487810167079061
train,cej_int_midpoint,311,3,1,15.321013796568758,15.354583328723692
train,paper_eq1,313,1,1,5.989415571926585,5.307987209646178
train,mask_pca,313,1,1,6.022156147102649,5.323357022126175
train,cej_int_midpoint,313,1,1,6.020455367098277,5.316539539501776
train,mask_pca,313,2,1,5.866214362746277,23.91506079763283
train,paper_eq1,314,0,1,5.881433359591481,0.6552007867852148
train,mask_pca,314,0,1,5.480948025516804,0.32356617907183854
train,paper_eq1,314,1,0,0.14249273721051328,0.9850686723921797
train,paper_eq1,314,1,1,7.254682008232215,5.6115408584222015
train,mask_pca,314,1,0,0.026759127679970133,0.983561423946577
train,mask_pca,314,1,1,8.077754327843806,6.003482171834616
train,cej_int_midpoint,314,1,0,0.34928707393765746,0.9871155716134398
train,cej_int_midpoint,314,1,1,9.151036613064385,6.562679465219914
train,paper_eq1,315,0,1,3.4325333514828027,0.6056056246814422
train,mask_pca,315,0,1,3.72696813939103,0.29806083719525805
train,cej_int_midpoint,315,0,1,4.047499575607385,0.1492331697798304
train,paper_eq1,315,1,0,0.9929489371228112,1.025847633173272
train,paper_eq1,315,1,1,7.390066055669277,5.640409288824847
train,mask_pca,315,1,0,1.22659378404644,1.0249305736269243
train,mask_pca,315,1,1,7.72632700446325,6.0311171991318275
train,cej_int_midpoint,315,1,0,1.3762096611952157,1.0270674940272886
train,cej_int_midpoint,315,1,1,7.57176068774221,6.5962831951856025
train,paper_eq1,315,2,1,8.63724323478702,8.442154923355188
train,mask_pca,315,2,1,8.79734566264932,8.580627053237949
train,cej_int_midpoint,315,2,1,8.83230204666155,8.567915722900072
train,paper_eq1,317,0,1,3.622355551409737,2.7490635748001306
train,mask_pca,317,0,1,3.7748345196744415,3.6694163200402996
train,cej_int_midpoint,317,0,1,3.7118601297437492,4.699250689058038
train,paper_eq1,317,1,1,13.570617792461077,14.3364266022247
train,mask_pca,317,1,1,13.575477709827943,14.29891960184905
train,cej_int_midpoint,317,1,1,13.57472043248401,14.318869861147594
train,paper_eq1,32,1,1,15.528609037199233,26.208349358987405
train,mask_pca,32,1,1,15.856119284592902,26.59101645341646
train,cej_int_midpoint,32,1,1,15.9136925448007,26.690078741992163
train,paper_eq1,32,2,1,35.68505052335111,65.56804197709818
train,mask_pca,32,2,1,36.20940053175626,67.33126588893089
train,cej_int_midpoint,32,2,1,36.05171597731406,67.1887233985344
train,paper_eq1,325,0,1,4.790554948289063,4.347579424653452
train,mask_pca,325,0,1,5.205841209342605,4.414388638355233
train,cej_int_midpoint,325,0,1,4.978997080236679,4.391898149759744
train,paper_eq1,325,1,0,6.4165912988302125,8.016959947321917
train,paper_eq1,325,1,1,16.282678609649082,11.087086477408095
train,mask_pca,325,1,0,7.207279540390554,8.421465372485624
train,mask_pca,325,1,1,16.272687181587955,11.102139478709935
train,cej_int_midpoint,325,1,0,7.795809341245651,8.652170906673614
train,cej_int_midpoint,325,1,1,16.336405381097595,11.242776916767042
train,paper_eq1,328,1,1,16.42532649894347,19.112599509502274
train,mask_pca,328,1,1,17.177265695430783,19.806099943327283
train,cej_int_midpoint,328,1,1,15.000466649923824,20.084969380872945
train,paper_eq1,328,2,1,22.091048060745205,24.256825749151275
train,mask_pca,328,2,1,22.171419240539038,24.272298978960784
train,cej_int_midpoint,328,2,1,20.17056256827645,24.521117863372492
train,paper_eq1,328,3,1,11.928651644220585,12.109669253646901
train,mask_pca,328,3,1,11.988190536023206,12.088972844657322
train,cej_int_midpoint,328,3,1,12.152774178568245,12.181868889708706
train,paper_eq1,33,0,1,13.011002897543323,18.37928824596889
train,mask_pca,33,0,1,13.09847125990418,29.12225998996029
train,cej_int_midpoint,33,0,1,13.086496509752656,29.204112205962613
train,paper_eq1,33,1,1,61.73746885502174,60.39081874301885
train,mask_pca,33,1,1,45.863276718542515,46.222992488174995
train,cej_int_midpoint,33,1,1,55.431372462524486,54.92649361330234
train,paper_eq1,33,2,1,61.76477696876817,57.45926313914288
train,mask_pca,33,2,1,47.810404608257485,43.78245342085095
train,cej_int_midpoint,33,2,1,61.76477696876817,56.55761751805217
train,paper_eq1,33,3,1,51.75653241009006,10.40466591439326
train,mask_pca,33,3,1,16.684539553671613,10.490870928800161
train,cej_int_midpoint,33,3,1,38.064588965844585,10.444817893975697
train,paper_eq1,33,4,1,7.8587991706733415,8.490142762899382
train,mask_pca,33,4,1,8.664957149153029,7.763061605656904
train,cej_int_midpoint,33,4,1,9.03745820931903,8.566549248165511
train,paper_eq1,33,5,1,6.420794555534242,3.7313863872610904
train,mask_pca,33,5,1,6.691140904442127,3.8074905640293197
train,cej_int_midpoint,33,5,1,6.708988632935966,3.8897173992312037
train,paper_eq1,332,0,1,17.50363245572321,22.529918734442326
train,mask_pca,332,0,1,17.875659272310276,22.88407070643646
train,cej_int_midpoint,332,0,1,18.023883175820828,22.829202290440584
train,paper_eq1,332,1,1,22.003475402080706,20.827179734738607
train,mask_pca,332,1,1,22.36979118837958,21.43320995367167
train,cej_int_midpoint,332,1,1,22.31403476471721,21.46984231526749
train,paper_eq1,332,2,1,17.871772805802788,50.86841108782758
train,mask_pca,332,2,1,17.835473444815403,24.53755794532411
train,cej_int_midpoint,332,2,1,17.874378473959638,41.14865291771165
train,paper_eq1,334,2,1,39.7298453778888,36.387066029967045
train,mask_pca,334,2,1,39.93502283017365,36.71006416051168
train,cej_int_midpoint,334,2,1,39.897255866834044,36.72527895605517
train,paper_eq1,334,3,1,31.802991569174978,32.37938319081352
train,mask_pca,334,3,1,31.88320566187217,32.39183202055798
train,cej_int_midpoint,334,3,1,31.86958848310684,32.38846573098626
train,paper_eq1,334,4,1,22.139976117632635,22.7431441407637
train,mask_pca,334,4,1,22.761001670674233,23.43383268340874
train,cej_int_midpoint,334,4,1,22.942655678177186,23.85267545087433
train,paper_eq1,335,1,1,22.398792822292403,74.30682126453823
train,mask_pca,335,1,1,22.865480470590853,23.289124794624872
train,cej_int_midpoint,335,1,1,22.739392402526274,56.8129536708883
train,paper_eq1,335,2,1,21.61203621381668,15.68595897869689
train,mask_pca,335,2,1,22.47501557570869,16.074008284253487
train,cej_int_midpoint,335,2,1,22.198081656577525,16.076900313183177
train,paper_eq1,335,3,1,2.2201070047742277,4.09146264316734
train,mask_pca,335,3,1,2.0973656566177117,3.932922765385636
train,cej_int_midpoint,335,3,1,2.906300602507109,4.7217512626200655
train,paper_eq1,34,0,1,4.201859767419915,5.733002704962919
train,mask_pca,34,0,1,4.439797787431102,5.968289429002721
train,cej_int_midpoint,34,0,1,0.5248857889259901,5.944355081134707
train,paper_eq1,34,1,0,12.91256939193332,11.388731925058536
train,paper_eq1,34,1,1,8.537982225318924,8.12011505685925
train,mask_pca,34,1,0,13.922350887226804,11.90013370580736
train,mask_pca,34,1,1,8.528443990632312,8.18300579893312
train,cej_int_midpoint,34,1,0,14.462227727875698,12.007569819814954
train,cej_int_midpoint,34,1,1,8.541057174517722,8.158673509329525
train,paper_eq1,341,0,1,20.241834805938595,18.532067854979434
train,mask_pca,341,0,1,21.936342647589075,19.740119279314666
train,cej_int_midpoint,341,0,1,22.202213613705524,19.94988953691292
train,paper_eq1,341,1,1,52.16787821280596,49.05397266547791
train,mask_pca,341,1,1,18.664573035447518,20.146195935341776
train,cej_int_midpoint,341,1,1,39.588814799265734,39.601273629326876
train,paper_eq1,341,2,1,9.918614049094042,9.760976734755095
train,mask_pca,341,2,1,10.213397333093429,10.358978311574257
train,cej_int_midpoint,341,2,1,10.23362672544743,10.983459879445963
train,paper_eq1,343,0,1,13.264032881338803,21.361342178081326
train,mask_pca,343,0,1,13.475853258758159,22.909283111954394
train,cej_int_midpoint,343,0,1,16.224655410183907,23.112569730492567
train,paper_eq1,343,2,1,70.28357077482926,31.70448047260146
train,mask_pca,343,2,1,22.71519673652202,32.487779677662346
train,cej_int_midpoint,343,2,1,52.407334565154564,32.38494220055858
train,paper_eq1,344,0,1,85.26103847184947,91.29508696711626
train,mask_pca,344,0,1,15.387016185452183,19.440331938164483
train,cej_int_midpoint,344,0,1,81.59554307130671,82.74254261637527
train,paper_eq1,344,1,1,4.009717164435955,0.3160062950960108
train,mask_pca,344,1,1,3.6626184686606313,0.042363107614748326
train,cej_int_midpoint,344,1,1,7.089875141997388,0.5292872590530663
train,paper_eq1,344,2,1,0.05718482649711014,3.2547167474670964
train,mask_pca,344,2,1,0.10878613875902135,3.234663813839003
train,cej_int_midpoint,344,2,1,0.05850752626552089,3.270932179717831
train,paper_eq1,347,2,1,5.639189952551865,5.860543862048724
train,mask_pca,347,2,1,5.7655797816038605,6.085650785716521
train,cej_int_midpoint,347,2,1,5.719422743129022,6.106911818007686
train,paper_eq1,347,3,0,1.336729268552158,0.1742348881274107
train,paper_eq1,347,3,1,10.419213431208048,8.539760997639195
train,mask_pca,347,3,0,1.2666050171881478,0.21899425779929263
train,mask_pca,347,3,1,10.67351590281388,9.265282276010264
train,cej_int_midpoint,347,3,0,1.2337850026513382,0.2149372331975133
train,cej_int_midpoint,347,3,1,10.574251005127614,9.299001628523314
train,paper_eq1,347,4,1,7.004583323188919,14.325634311429297
train,mask_pca,347,4,1,7.578953637410943,9.301348107104182
train,cej_int_midpoint,347,4,1,8.002811227510069,45.74584129729347
train,paper_eq1,347,5,1,4.001378067466042,5.7707227672273165
train,mask_pca,347,5,1,4.090096111846367,5.851066340793585
train,cej_int_midpoint,347,5,1,4.410810210956637,5.896556104403138
train,paper_eq1,348,1,1,12.675863703319523,12.693077462008695
train,mask_pca,348,1,1,12.619332320213772,12.662484441251284
train,cej_int_midpoint,348,1,1,12.670560999433686,12.679913553519452
train,paper_eq1,348,2,1,14.152642241235883,14.200594885420614
train,mask_pca,348,2,1,14.147013537876013,14.294022450542828
train,cej_int_midpoint,348,2,1,14.166390509096715,14.245000029699773
train,paper_eq1,348,3,1,4.651110396520515,1.3185113539712185
train,mask_pca,348,3,1,4.792975991383124,1.8712044795131828
train,cej_int_midpoint,348,3,1,4.878292446562056,1.916383828015096
train,paper_eq1,351,0,1,2.525500810609377,3.7795805508352034
train,mask_pca,351,0,1,2.8040739976029196,4.586358213259261
train,cej_int_midpoint,351,0,1,2.750146429593274,28.20506494174642
train,paper_eq1,351,1,0,15.261690922953225,15.342404872261842
train,paper_eq1,351,1,1,9.689352568239208,10.986920591010357
train,mask_pca,351,1,0,15.554454065335962,15.714576262842128
train,mask_pca,351,1,1,10.44713834062581,11.477702919688598
train,cej_int_midpoint,351,1,0,15.487421274752148,15.711989014433861
train,cej_int_midpoint,351,1,1,10.554684149588272,11.480300883130274
train,paper_eq1,351,2,1,12.598623871732995,12.5317950434454
train,mask_pca,351,2,1,13.904448670092664,13.46482352828431
train,cej_int_midpoint,351,2,1,6.086043629807147,15.495446487705186
train,paper_eq1,351,3,1,15.740035719013697,17.01823698094889
train,mask_pca,351,3,1,15.922672953931666,17.271069603199354
train,cej_int_midpoint,351,3,1,15.864397287106858,17.293625191119986
train,paper_eq1,354,1,0,15.010708321671643,8.986517005819435
train,mask_pca,354,1,0,15.19745277877159,8.724318686068452
train,cej_int_midpoint,354,1,0,18.618213967251254,7.933551751455091
train,paper_eq1,354,2,1,5.251701008335341,2.0332886551676284
train,mask_pca,354,2,1,5.0766504840527835,2.046661228965169
train,cej_int_midpoint,354,2,1,5.0055606836005495,2.0343958760216627
train,paper_eq1,354,3,1,12.118912443911698,12.027976654089509
train,mask_pca,354,3,1,12.284620447315497,12.116428263002001
train,cej_int_midpoint,354,3,1,12.194349801979667,12.099757299424653
train,paper_eq1,354,4,1,3.6456169019392033,3.3899908119770545
train,mask_pca,354,4,1,4.030426929787543,3.5767928677442544
train,cej_int_midpoint,354,4,1,4.479864051562695,3.5589406786734537
train,paper_eq1,355,0,1,13.826114325713263,13.97914095363677
train,mask_pca,355,0,1,13.850395932992843,13.999740598557322
train,cej_int_midpoint,355,0,1,13.85940901807162,14.00212095236515
train,paper_eq1,355,1,1,8.857054347148912,11.487796295227636
train,mask_pca,355,1,1,9.101270348476083,12.007077302188387
train,cej_int_midpoint,355,1,1,9.023924443400707,11.98627630399998
train,paper_eq1,355,2,0,5.576180022758955,2.4408630377522234
train,paper_eq1,355,2,1,13.217732053075324,15.736917727689125
train,mask_pca,355,2,0,5.589806517705276,2.4560674731929124
train,mask_pca,355,2,1,13.258387214302758,17.365076651644536
train,cej_int_midpoint,355,2,0,5.589024339582519,2.4547212542688253
train,cej_int_midpoint,355,2,1,13.26216080401549,17.423277782281648
train,paper_eq1,356,0,1,8.226290226773656,5.061949586581684
train,mask_pca,356,0,1,8.332195260722216,4.8607215048349905
train,cej_int_midpoint,356,0,1,8.152745635695695,5.647121091509579
train,mask_pca,356,1,1,0.40684066676887004,2.9135324786008154
train,paper_eq1,356,2,1,3.3166994444306,5.964205509526157
train,mask_pca,356,2,1,2.789855544889292,7.339541167441017
train,paper_eq1,36,0,1,16.788990048558997,14.635607836220679
train,mask_pca,36,0,1,17.16800392703378,14.965316176258176
train,cej_int_midpoint,36,0,1,17.140610209322467,14.930168065515684
train,paper_eq1,36,1,1,14.474411916326831,11.44800424421355
train,mask_pca,36,1,1,14.142813360990367,11.498671419202665
train,cej_int_midpoint,36,1,1,14.267405183368375,11.47345676407028
train,paper_eq1,36,2,1,2.502482163300222,7.04689615886008
train,mask_pca,36,2,1,2.5701882181713853,7.375470923881203
train,cej_int_midpoint,36,2,1,2.5469157755165117,7.437176041451455
train,paper_eq1,360,3,1,79.49251796534539,82.77819355627877
train,mask_pca,360,3,1,52.916196784458755,55.78941471503445
train,cej_int_midpoint,360,3,1,73.98885035073117,77.97156591599423
train,paper_eq1,366,0,1,65.76164440630421,70.81722611199534
train,mask_pca,366,0,1,26.54883760049182,23.62348411357194
train,cej_int_midpoint,366,0,1,45.99938452799909,47.908002209176104
train,paper_eq1,366,1,1,30.568342548404832,26.049712552307447
train,mask_pca,366,1,1,32.28908785075962,27.692780403256968
train,cej_int_midpoint,366,1,1,32.42902943728455,28.03620978803421
train,paper_eq1,366,2,1,84.33829931880588,11.892819425340495
train,mask_pca,366,2,1,22.170461911891994,12.391333671246064
train,cej_int_midpoint,366,2,1,72.08962809998891,12.199797893271265
train,paper_eq1,371,1,1,10.05996028123813,12.484039120549841
train,mask_pca,371,1,1,10.296182343490644,12.838653745455625
train,cej_int_midpoint,371,1,1,10.32317208033918,12.782158039966188
train,paper_eq1,371,2,1,80.8392125629399,11.71795053676593
train,mask_pca,371,2,1,10.831958433530012,12.048629703941721
train,cej_int_midpoint,371,2,1,49.67793098043611,12.139731577110506
train,paper_eq1,371,3,1,14.224849115629093,2.768731678167563
train,mask_pca,371,3,1,14.788543529297261,3.236206120796601
train,cej_int_midpoint,371,3,1,14.7128349269904,4.0155064056013785
train,paper_eq1,374,0,1,20.141287423137126,20.59769838440568
train,mask_pca,374,0,1,24.07442251437606,20.87886937621361
train,cej_int_midpoint,374,0,1,23.76738365162764,20.751183859729654
train,paper_eq1,374,1,0,11.054495439119497,12.894290765526872
train,paper_eq1,374,1,1,4.940828424612125,3.565624368789417
train,mask_pca,374,1,0,11.827534652319907,13.689490180797344
train,mask_pca,374,1,1,4.714329947796683,3.3787196239071906
train,cej_int_midpoint,374,1,0,12.180715846011678,13.926659248189024
train,cej_int_midpoint,374,1,1,4.845963649310737,3.449838969786808
train,paper_eq1,375,0,1,2.4536669343706543,6.66740626883517
train,mask_pca,375,0,1,2.594811558486443,6.7723839559016845
train,cej_int_midpoint,375,0,1,2.6820779712539893,6.648480923406532
train,paper_eq1,377,1,1,10.349480922412248,5.474615275220732
train,mask_pca,377,1,1,10.53120538490451,5.423935412739525
train,cej_int_midpoint,377,1,1,10.59592430243675,5.413757673945319
train,paper_eq1,377,2,1,5.9364774237870055,1.1818202885328
train,mask_pca,377,2,1,6.563830905365525,1.2154683186487418
train,cej_int_midpoint,377,2,1,6.804045614379603,1.2112326092348067
train,paper_eq1,377,3,1,12.542215020431211,10.96699667827358
train,mask_pca,377,3,1,13.454132486769844,11.726226588120609
train,cej_int_midpoint,377,3,1,14.368114830364242,12.650312207734329
train,paper_eq1,377,4,1,11.318676019861513,12.28411226937112
train,mask_pca,377,4,1,14.557411349687035,12.736536167071302
train,cej_int_midpoint,377,4,1,48.04802205223443,12.682498423598638
train,paper_eq1,378,0,1,21.05233209911718,19.027301936847095
train,mask_pca,378,0,1,21.069337871754566,19.022350658761148
train,cej_int_midpoint,378,0,1,21.059243981567803,18.935065973544692
train,paper_eq1,378,1,1,23.125294595180776,18.076047725656274
train,mask_pca,378,1,1,23.258998596107716,18.20900684984333
train,cej_int_midpoint,378,1,1,23.256100378461873,18.214833093519864
train,paper_eq1,378,3,1,29.79077360398794,34.54690889292708
train,mask_pca,378,3,1,29.335540807328442,34.589350397264774
train,cej_int_midpoint,378,3,1,30.956498620195088,34.57263886595674
train,paper_eq1,38,0,1,6.719262902113946,7.3755235551687806
train,mask_pca,38,0,1,6.585429248438548,7.568195837255591
train,cej_int_midpoint,38,0,1,6.609462078879582,7.605463937323033
train,paper_eq1,38,1,1,28.967330720691436,30.779773334041632
train,mask_pca,38,1,1,29.172066027715587,30.787253012675205
train,cej_int_midpoint,38,1,1,29.199951020245017,30.787642175606894
train,mask_pca,38,2,1,10.877305295326842,15.904848286690774
train,paper_eq1,38,4,1,13.797562432004623,27.315100191964316
train,mask_pca,38,4,1,13.152602004247479,28.277531090750756
train,cej_int_midpoint,38,4,1,14.711871847096326,27.344683355579285
train,paper_eq1,380,1,1,65.21373763238584,5.141357487033132
train,mask_pca,380,1,1,11.974273807486705,5.151860289425538
train,cej_int_midpoint,380,1,1,39.48049860877431,5.149580053970101
train,paper_eq1,380,2,1,3.7601322704817113,2.386264674850611
train,mask_pca,380,2,1,4.258043666882683,2.615750835160857
train,cej_int_midpoint,380,2,1,1.6228203032525756,2.7773572723256157
train,paper_eq1,380,3,1,3.9003666883881913,6.708132146987382
train,mask_pca,380,3,1,3.8497153394498462,6.714396482933517
train,cej_int_midpoint,380,3,1,3.892043729910936,6.710417812364533
train,paper_eq1,380,4,1,13.808357842599733,12.67886054813344
train,mask_pca,380,4,1,13.8034027256507,12.691944240066391
train,cej_int_midpoint,380,4,1,13.910657138772251,12.791100953696017
train,paper_eq1,382,0,1,23.246071926270815,24.33980946538645
train,mask_pca,382,0,1,23.267834384808737,24.272094401144553
train,cej_int_midpoint,382,0,1,23.27021217448191,24.292009598911157
train,paper_eq1,382,1,0,19.145662517734046,19.6020950741336
train,paper_eq1,382,1,1,10.595498352442565,9.291767158726731
train,mask_pca,382,1,0,19.17339859588365,19.573177054986743
train,mask_pca,382,1,1,10.614570949699578,9.208339242352935
train,cej_int_midpoint,382,1,0,19.184752436090534,19.56106292832506
train,cej_int_midpoint,382,1,1,10.610822104330712,9.225404042389437
train,paper_eq1,382,2,1,15.331657621780481,14.484958498493505
train,mask_pca,382,2,1,16.061377146702792,15.108617890147721
train,cej_int_midpoint,382,2,1,16.147661972766773,14.956661657284176
train,paper_eq1,382,3,0,24.66207488041429,20.747522296357392
train,paper_eq1,382,3,1,24.510001093026425,21.02611249985283
train,mask_pca,382,3,0,25.00342666299768,21.859961188042217
train,mask_pca,382,3,1,24.68399922491994,21.46319761391647
train,cej_int_midpoint,382,3,0,24.95991982162678,21.81827805699448
train,cej_int_midpoint,382,3,1,24.71760629200353,21.489341822604615
train,paper_eq1,386,0,1,12.9527122051411,11.494320084471667
train,mask_pca,386,0,1,13.174043777150798,11.763753591844504
train,cej_int_midpoint,386,0,1,13.21010972531872,11.796292247054696
train,paper_eq1,386,1,1,23.41079086459013,21.911298501179317
train,mask_pca,386,1,1,24.477185854931278,22.797836597276564
train,cej_int_midpoint,386,1,1,24.357341232142534,22.55571902277697
train,paper_eq1,386,2,1,7.570124846184193,8.486805795685733
train,mask_pca,386,2,1,7.928608168303841,8.812556639754927
train,cej_int_midpoint,386,2,1,8.154828200446403,8.89800329780784
train,paper_eq1,39,0,1,63.88138201179756,60.26028359517345
train,mask_pca,39,0,1,65.93667056176363,62.31216603565547
train,cej_int_midpoint,39,0,1,66.94151673820309,62.42991602231942
train,mask_pca,39,1,1,14.828255994197729,13.312979996169885
train,cej_int_midpoint,39,1,1,64.8566224108272,72.230478663054
train,paper_eq1,39,2,1,34.1535309600833,28.510337054797052
train,mask_pca,39,2,1,35.01373522327951,29.38192998334331
train,cej_int_midpoint,39,2,1,34.6738368147011,29.115204929447685
train,paper_eq1,392,0,1,21.39050612265516,21.795737392235417
train,mask_pca,392,0,1,21.410463217886686,21.787898970393684
train,cej_int_midpoint,392,0,1,20.020236104561032,21.853195801312765
train,paper_eq1,392,2,1,19.04902985021433,17.368408628896002
train,mask_pca,392,2,1,19.68724092438551,17.952171947285542
train,cej_int_midpoint,392,2,1,19.784473895259204,18.124405055583402
train,paper_eq1,393,0,1,10.752727650275716,11.543691481152699
train,mask_pca,393,0,1,11.493989375294191,11.845254901556428
train,cej_int_midpoint,393,0,1,12.519886491853605,12.114669494367995
train,paper_eq1,393,1,1,17.672798602764562,17.036953333903483
train,mask_pca,393,1,1,18.47674664572464,17.576563781680854
train,cej_int_midpoint,393,1,1,18.850594553662624,17.648041897700754
train,paper_eq1,393,2,1,9.907733255988903,12.12148529717221
train,mask_pca,393,2,1,9.968814107589937,13.023799107946484
train,cej_int_midpoint,393,2,1,9.926796850275938,13.024382250763884
train,paper_eq1,395,0,1,16.770667176990457,16.26587193409838
train,mask_pca,395,0,1,16.929675864364842,16.452476337736822
train,cej_int_midpoint,395,0,1,16.979747524168793,16.44330190540427
train,paper_eq1,395,1,1,10.269297847666982,9.822699894388556
train,mask_pca,395,1,1,10.157244181509293,9.499227021517113
train,cej_int_midpoint,395,1,1,11.746534750563809,9.658197106604396
train,paper_eq1,395,2,1,39.90441008392674,39.52818225716123
train,mask_pca,395,2,1,33.39935842683002,32.73342923542671
train,cej_int_midpoint,395,2,1,57.01758611200384,55.921938953244634
train,paper_eq1,396,0,1,46.26768706632811,45.45059477309726
train,mask_pca,396,0,1,38.839694461592956,38.0337729106821
train,cej_int_midpoint,396,0,1,61.8474798526227,62.58164962087146
train,paper_eq1,396,1,1,24.23624545441196,24.150611398720716
train,mask_pca,396,1,1,23.992283963354215,24.697144737837167
train,cej_int_midpoint,396,1,1,24.153002823602492,24.521910633148067
train,paper_eq1,397,0,1,9.545920366711838,7.991255966728242
train,mask_pca,397,0,1,9.504084908571826,7.927449063489372
train,cej_int_midpoint,397,0,1,9.72163951338102,8.227122001099692
train,paper_eq1,397,1,1,9.116009119489032,3.312313849141478
train,mask_pca,397,1,1,9.450951649786637,4.299364456041613
train,cej_int_midpoint,397,1,1,9.361124393041322,80.63847451153352
train,paper_eq1,397,2,1,6.861402289130806,5.209974277060661
train,mask_pca,397,2,1,6.619232042741835,5.358669141689443
train,cej_int_midpoint,397,2,1,7.22000360713515,5.256398307756432
train,paper_eq1,397,3,1,37.69379096444984,18.752203726755898
train,mask_pca,397,3,1,21.04398897005202,18.66139873913529
train,cej_int_midpoint,397,3,1,70.26924211625439,18.802079737101
train,paper_eq1,4,0,0,15.591488169081124,7.933105093765688
train,paper_eq1,4,0,1,6.210444307646273,9.154431095010418
train,mask_pca,4,0,0,16.201456914233585,8.09528442445058
train,mask_pca,4,0,1,6.0672330001482715,8.985774926322144
train,cej_int_midpoint,4,0,0,16.555963611993437,8.205896269754637
train,cej_int_midpoint,4,0,1,6.234955109541266,9.127602431810912
train,paper_eq1,4,1,0,7.15693914434779,8.952463126897543
train,mask_pca,4,1,0,7.856711576344925,9.453355237457256
train,mask_pca,4,1,1,9.271207443400819,1.8868486068839587
train,cej_int_midpoint,4,1,0,8.075441707549343,6.451596013395481
train,paper_eq1,4,2,1,6.2553965949284835,5.854472969714215
train,mask_pca,4,2,1,6.299326776755508,5.895617804464071
train,cej_int_midpoint,4,2,1,6.2959151788965535,6.017168048212378
train,paper_eq1,40,0,1,5.46453528521128,5.188550578142446
train,mask_pca,40,0,1,5.654746027382712,5.334160628231742
train,cej_int_midpoint,40,0,1,0.18757766970367235,5.490377980821365
train,paper_eq1,40,1,1,5.852492016865824,5.216164555221466
train,mask_pca,40,1,1,6.074153525943558,5.244460568827652
train,cej_int_midpoint,40,1,1,6.132583680345343,5.238290242712166
train,paper_eq1,40,2,1,7.468106311192031,8.35823070159777
train,mask_pca,40,2,1,8.143875725514803,8.662706016524979
train,cej_int_midpoint,40,2,1,8.378678844549556,8.688978923505472
train,paper_eq1,40,3,1,22.352128700534106,21.111435145203075
train,mask_pca,40,3,1,15.852666739871726,16.128691013798846
train,cej_int_midpoint,40,3,1,55.70182443824281,57.85877094059462
train,paper_eq1,400,0,1,100.0,93.96987706584406
train,mask_pca,400,0,1,9.29290390148178,12.236215201713774
train,cej_int_midpoint,400,0,1,63.318324675499504,63.504023706187326
train,paper_eq1,403,0,1,6.318175014089531,5.343881432873012
train,mask_pca,403,0,1,6.143336187113066,5.619521320162389
train,cej_int_midpoint,403,0,1,7.1530207613493255,5.718333980358584
train,paper_eq1,403,1,1,12.796287381192279,11.76565944200923
train,mask_pca,403,1,1,13.251802427015669,12.108532721164906
train,cej_int_midpoint,403,1,1,9.711785148194942,12.369425006813318
train,paper_eq1,403,2,1,14.362739174945965,12.734424925989831
train,mask_pca,403,2,1,15.015890744947114,13.217625145538733
train,cej_int_midpoint,403,2,1,15.222019330377654,13.353353756523841
train,paper_eq1,406,0,1,12.32849364539797,11.157449335785637
train,mask_pca,406,0,1,12.542104768760689,11.415142132379705
train,cej_int_midpoint,406,0,1,12.447511555139968,11.43763994623235
train,paper_eq1,406,1,1,17.016628825816905,18.188668662735626
train,mask_pca,406,1,1,17.285855971583473,18.489458807518297
train,cej_int_midpoint,406,1,1,13.259366178515322,18.54792516487493
train,paper_eq1,409,0,1,9.195425857003517,5.393185455574424
train,mask_pca,409,0,1,9.601909825902762,5.65126717930571
train,cej_int_midpoint,409,0,1,1.491758484002473,4.635533149727339
train,paper_eq1,409,1,1,65.74967279628392,75.10627973361757
train,mask_pca,409,1,1,13.46579008696383,8.485401411570292
train,cej_int_midpoint,409,1,1,73.39449163843533,82.90908558389162
train,paper_eq1,409,2,1,1.228507249152384,5.929498740737425
train,mask_pca,409,2,1,2.041762813501306,4.895174950685689
train,cej_int_midpoint,409,2,1,7.676751039426488,6.458515704621773
train,paper_eq1,409,3,1,9.054288362663938,6.349669626455041
train,mask_pca,409,3,1,9.129731850547993,6.687138615518004
train,cej_int_midpoint,409,3,1,9.107748527427905,6.898306280293072
train,paper_eq1,410,0,1,31.833019317954335,8.278361058032987
train,mask_pca,410,0,1,34.53324003504075,8.447594012146482
train,cej_int_midpoint,410,0,1,33.585258199767466,8.471672317479882
train,paper_eq1,410,2,1,25.537087217789484,25.29561146439942
train,mask_pca,410,2,1,27.718258420699897,26.985805370942543
train,cej_int_midpoint,410,2,1,28.224294707230246,27.15219202862185
train,paper_eq1,410,3,1,76.3812959814421,74.86116523196253
train,mask_pca,410,3,1,17.831200501738913,17.36531000229649
train,cej_int_midpoint,410,3,1,57.78648853942351,60.18745363955149
train,paper_eq1,415,0,1,4.830793623906339,3.9146418678116217
train,mask_pca,415,0,1,4.813304830469084,3.8854543150184058
train,cej_int_midpoint,415,0,1,4.833518286564236,3.973377933434846
train,mask_pca,415,1,1,1.5237549761757196,1.0601814330876993
train,paper_eq1,417,0,0,13.992579567657732,9.8201692811829
train,paper_eq1,417,0,1,2.5090163114872404,0.004709300373126481
train,mask_pca,417,0,0,14.344469393703138,9.999930618723614
train,mask_pca,417,0,1,2.7691485553748745,0.09318865808081454
train,cej_int_midpoint,417,0,0,14.18090558758544,9.866148040441688
train,cej_int_midpoint,417,0,1,2.8860211672321485,0.14342028285847286
train,mask_pca,417,1,1,4.28454017791334,1.432843734375595
train,paper_eq1,417,2,1,9.380888592362483,10.818508265110072
train,mask_pca,417,2,1,10.26248117548031,11.415705657404436
train,cej_int_midpoint,417,2,1,10.808148895276322,11.72498452529364
train,paper_eq1,42,0,1,5.474393341559019,2.570017406424948
train,mask_pca,42,0,1,5.656057656763732,2.5597866168818246
train,cej_int_midpoint,42,0,1,1.7811153348866218,2.556388919043729
train,paper_eq1,42,1,0,9.178033197684348,7.75964443259398
train,paper_eq1,42,1,1,9.276948536176862,8.183467566352027
train,mask_pca,42,1,0,9.02297907621093,7.687827146071539
train,mask_pca,42,1,1,9.0250861737397,8.126969752700825
train,cej_int_midpoint,42,1,0,8.953148556190925,7.686238465990596
train,cej_int_midpoint,42,1,1,9.114710862527724,8.128153893252525
train,paper_eq1,42,2,1,6.007553108220006,5.105441166606065
train,mask_pca,42,2,1,6.100029139991121,5.442963153406092
train,cej_int_midpoint,42,2,1,6.084359633050194,5.598418493358149
train,paper_eq1,42,3,1,10.559025686067258,4.588533558601617
train,mask_pca,42,3,1,10.726260493729894,4.708548192380115
train,cej_int_midpoint,42,3,1,10.77039584073973,4.760274682848363
train,paper_eq1,420,0,0,42.34065308426377,3.758347990214752
train,paper_eq1,420,0,1,5.636709047230044,8.988363439848397
train,mask_pca,420,0,0,36.117439640006154,4.6835962848306885
train,mask_pca,420,0,1,5.869190160504409,9.233633025216797
train,cej_int_midpoint,420,0,0,40.668385708279544,5.355789993201345
train,cej_int_midpoint,420,0,1,6.198530611040355,9.021218472547558
train,mask_pca,420,1,1,2.7680077975088846,2.1096213313537713
train,paper_eq1,420,2,1,4.813611558673038,2.7815219593766143
train,mask_pca,420,2,1,4.963223754453429,2.788674247765078
train,cej_int_midpoint,420,2,1,2.9570495260848073,2.792711131446779
train,paper_eq1,420,3,1,8.680891429602777,7.59974564547921
train,mask_pca,420,3,1,9.06861379235574,8.26846342990269
train,cej_int_midpoint,420,3,1,9.313650224169349,8.604418674252234
train,paper_eq1,420,4,1,8.949628739293292,6.798070712126301
train,mask_pca,420,4,1,8.930049799747849,6.867553592199513
train,cej_int_midpoint,420,4,1,8.95614505793493,6.918396054440215
train,paper_eq1,422,0,1,8.104941646829657,7.50414295492131
train,mask_pca,422,0,1,8.337589256610729,7.70922900526296
train,cej_int_midpoint,422,0,1,8.391872115006755,7.788608141256832
train,paper_eq1,422,1,1,12.541487594484288,12.925326589355397
train,mask_pca,422,1,1,12.87613899518264,13.08221584026737
train,cej_int_midpoint,422,1,1,12.96529204387199,13.053600525916446
train,paper_eq1,422,2,1,5.193698030054068,0.45119049996325455
train,mask_pca,422,2,1,5.412592208241973,0.28448997329823505
train,cej_int_midpoint,422,2,1,5.890811018206008,1.7728410821180036
train,paper_eq1,427,1,1,8.198585308709767,7.240773776564763
train,mask_pca,427,1,1,8.412532738956543,7.70604061009565
train,cej_int_midpoint,427,1,1,8.318110141857517,8.333497596846968
train,paper_eq1,427,2,1,17.781304273169702,14.25173557782685
train,mask_pca,427,2,1,18.00610996811307,14.520775911744021
train,cej_int_midpoint,427,2,1,17.974534065538688,14.555894674923433
train,paper_eq1,427,3,1,18.87554646824137,18.43026725069489
train,mask_pca,427,3,1,19.33827949893899,18.811921581979497
train,cej_int_midpoint,427,3,1,19.283877539820466,18.723610371899913
train,paper_eq1,427,4,1,1.2678894089742383,3.538313296827691
train,mask_pca,427,4,1,1.6477182362511487,3.845117953965344
train,cej_int_midpoint,427,4,1,3.8180632985591085,4.3695234751446925
train,paper_eq1,428,0,1,13.298042517586595,18.97961796866502
train,mask_pca,428,0,1,13.727550713024577,19.771021644831738
train,cej_int_midpoint,428,0,1,13.747347250726676,19.818070937284283
train,paper_eq1,428,1,1,38.75739568767912,42.65114058311896
train,mask_pca,428,1,1,39.01557969389361,43.4241367714867
train,cej_int_midpoint,428,1,1,38.95433279228663,43.30325159643911
train,paper_eq1,428,2,1,44.43152592610852,34.13559245560073
train,mask_pca,428,2,1,44.91886267103989,34.73918458518154
train,cej_int_midpoint,428,2,1,44.7121256678506,34.581946193961365
train,paper_eq1,428,3,1,20.29984430962163,18.913143236312056
train,mask_pca,428,3,1,21.072994760024823,19.858073912466374
train,cej_int_midpoint,428,3,1,21.25461867472182,20.242986946591266
train,paper_eq1,432,0,1,6.914457348916576,6.844023388733676
train,mask_pca,432,0,1,6.848769277217581,6.868440955117775
train,cej_int_midpoint,432,0,1,6.948546700810685,6.881666262430332
train,paper_eq1,432,1,1,8.754370646524642,8.458601357501259
train,mask_pca,432,1,1,8.632973002726905,8.430322639472958
train,cej_int_midpoint,432,1,1,8.950634177907288,8.483006361121465
train,paper_eq1,432,2,0,4.28259335955092,3.8155166915714576
train,paper_eq1,432,2,1,3.847787979093572,5.410983770343834
train,mask_pca,432,2,0,4.604495846695348,3.9018851115564823
train,mask_pca,432,2,1,4.071593267287427,5.629854501545294
train,cej_int_midpoint,432,2,0,4.603892574233492,3.8834427301098837
train,cej_int_midpoint,432,2,1,4.072054087871163,5.683704908371565
train,paper_eq1,434,1,1,11.130707809012733,10.917235190898847
train,mask_pca,434,1,1,11.389535744872239,11.188383864518258
train,cej_int_midpoint,434,1,1,11.30722513296164,11.590023554378188
train,paper_eq1,434,2,1,5.191000768491056,7.2289239992750165
train,mask_pca,434,2,1,5.811284777771334,7.5946417966721205
train,cej_int_midpoint,434,2,1,5.736680232053478,7.492221091414564
train,mask_pca,434,3,1,5.992778689361684,4.552384709694757
train,cej_int_midpoint,434,3,1,60.01033243246936,70.54111060458975
train,paper_eq1,438,0,1,2.9059369786025613,3.1413465324112892
train,mask_pca,438,0,1,2.7197527758001474,2.9116164745174986
train,cej_int_midpoint,438,0,1,2.581932357360068,2.4844994911817295
train,paper_eq1,438,1,1,3.196659120184893,1.2781588862125124
train,mask_pca,438,1,1,3.3807428384675013,1.4087800537409727
train,cej_int_midpoint,438,1,1,4.061898375031848,1.3956337652223947
train,paper_eq1,438,2,1,1.804991437795679,4.152520769483383
train,mask_pca,438,2,1,2.961656098482343,3.340645370113695
train,cej_int_midpoint,438,2,1,28.782950004662094,5.541090799473
train,paper_eq1,438,3,1,6.781507666301491,5.038554964910254
train,mask_pca,438,3,1,6.930930301151905,5.147762264631591
train,cej_int_midpoint,438,3,1,7.766974346882923,5.621578395900328
train,paper_eq1,440,0,1,14.382875229366116,14.332240035606269
train,mask_pca,440,0,1,14.609436395298662,14.629404087713633
train,cej_int_midpoint,440,0,1,14.578693098289481,14.710884986873193
train,mask_pca,440,1,1,20.73417981828988,20.071828323398474
train,paper_eq1,440,2,1,4.679042539508419,7.585427809795418
train,cej_int_midpoint,440,2,1,4.787351139061075,7.775712921225929
train,paper_eq1,442,2,0,5.483299791023004,6.244000617764763
train,paper_eq1,442,2,1,6.0115416446826595,4.7367969047195535
train,mask_pca,442,2,0,5.3639875382920605,6.17080096782347
train,mask_pca,442,2,1,6.666728761948668,4.867856851624234
train,cej_int_midpoint,442,2,0,5.544024662304546,6.2007844396583796
train,cej_int_midpoint,442,2,1,7.206452418089286,4.8960036871601265
train,paper_eq1,442,3,1,10.74812058168635,97.36078854889901
train,mask_pca,442,3,1,11.421585510449258,11.615318218465836
train,cej_int_midpoint,442,3,1,11.353919561059712,82.30290182669519
train,paper_eq1,443,0,1,2.396910505751783,1.972290222310093
train,mask_pca,443,0,1,2.863697338113572,2.6003060086552248
train,cej_int_midpoint,443,0,1,5.460032643174059,3.4281839044655955
train,paper_eq1,443,1,0,12.524444043552046,7.325047863671674
train,paper_eq1,443,1,1,5.454631996563957,4.039648821997209
train,mask_pca,443,1,0,12.544824546554182,7.38444715174812
train,mask_pca,443,1,1,5.791505558681558,4.353934520190142
train,cej_int_midpoint,443,1,0,12.524274816026072,7.3387919782766415
train,cej_int_midpoint,443,1,1,5.952831386956321,4.484293157225423
train,paper_eq1,443,3,1,11.262256731305694,9.93085873143866
train,mask_pca,443,3,1,11.431203705470933,10.055869556001726
train,cej_int_midpoint,443,3,1,11.36003267381596,9.992963324838279
train,paper_eq1,446,1,1,20.751471586758118,68.75987529646055
train,mask_pca,446,1,1,21.40971166449758,25.812713207840133
train,cej_int_midpoint,446,1,1,18.655517756450905,49.57684371321562
train,paper_eq1,446,2,1,12.118809189905777,12.570260566040389
train,mask_pca,446,2,1,12.335950436302577,13.228916221897938
train,cej_int_midpoint,446,2,1,12.218286890376866,13.219692326470305
train,paper_eq1,447,0,1,20.25477098521383,20.26424030180435
train,mask_pca,447,0,1,9.812547656121277,8.940056852161526
train,cej_int_midpoint,447,0,1,53.71899196073458,62.44792863035244
train,paper_eq1,447,1,1,4.262720452398847,3.6201507260775547
train,mask_pca,447,1,1,4.493943503436163,3.6096124009713204
train,cej_int_midpoint,447,1,1,2.024299540806936,3.5630881662555507
train,paper_eq1,447,4,1,9.694383119411512,11.363735828144984
train,mask_pca,447,4,1,9.634332776146058,11.31558559936667
train,cej_int_midpoint,447,4,1,10.061008653161927,11.681011106722254
train,paper_eq1,449,1,1,86.97861057372089,3.701644639754034
train,mask_pca,449,1,1,17.506973352903895,3.6841068437648365
train,cej_int_midpoint,449,1,1,75.5248043785962,3.7075331748017812
train,paper_eq1,449,2,1,2.3904548141770356,5.740436205659531
train,mask_pca,449,2,1,2.46022885504606,5.4216820106962125
train,cej_int_midpoint,449,2,1,2.40000458931173,5.765620728189582
train,paper_eq1,45,0,1,5.902771885333477,5.190995609006866
train,mask_pca,45,0,1,5.993356298060754,5.168866839552303
train,cej_int_midpoint,45,0,1,5.978118953127,5.1710212340798085
train,paper_eq1,45,1,1,6.723158180802605,5.296435651871157
train,mask_pca,45,1,1,7.6792606715318374,5.625840140335177
train,cej_int_midpoint,45,1,1,8.141806735627728,5.748691654049836
train,paper_eq1,45,2,1,17.166541958880735,14.307257526176349
train,mask_pca,45,2,1,17.722479474137547,14.683989758850943
train,cej_int_midpoint,45,2,1,17.90687059487577,14.729294747066241
train,paper_eq1,45,3,1,52.93163656698214,16.12890421884024
train,mask_pca,45,3,1,23.202353275604647,16.620628241677853
train,cej_int_midpoint,45,3,1,42.215790015911764,16.54839599267288
train,paper_eq1,451,0,1,7.85036970660153,0.23280440338948696
train,mask_pca,451,0,1,7.849873056096291,0.41693014816448215
train,cej_int_midpoint,451,0,1,8.446581369486893,3.790847295730868
train,paper_eq1,451,1,1,71.19171267231576,70.2066319523291
train,mask_pca,451,1,1,9.731220557033618,9.367939056467232
train,cej_int_midpoint,451,1,1,44.25923121894092,44.872128469982556
train,paper_eq1,451,2,1,6.191601306916447,4.513537526818258
train,mask_pca,451,2,1,6.283054333788061,4.558490508229522
train,cej_int_midpoint,451,2,1,6.2755863897110205,4.543482227924987
train,paper_eq1,451,5,1,11.878637781348413,9.576620363861126
train,mask_pca,451,5,1,11.770849081026146,9.549948633298593
train,cej_int_midpoint,451,5,1,12.168489675834191,9.367547436851808
train,paper_eq1,452,0,1,5.008139704462453,1.5273355387403922
train,mask_pca,452,0,1,6.043494266059776,1.7654861811360105
train,cej_int_midpoint,452,0,1,6.328358229128156,1.9550253331575822
train,paper_eq1,452,1,0,13.73332861368576,9.405917751164598
train,paper_eq1,452,1,1,4.398835650089181,2.53689988272865
train,mask_pca,452,1,0,13.723750162737478,9.484938157989774
train,mask_pca,452,1,1,4.521862051805811,2.6840507893281633
train,cej_int_midpoint,452,1,0,13.729215830565494,9.434644429895455
train,cej_int_midpoint,452,1,1,4.5889260981091855,2.7872048579934723
train,paper_eq1,452,2,0,9.271440534368443,9.047818110509201
train,paper_eq1,452,2,1,19.954331337045556,9.481068032645386
train,mask_pca,452,2,0,9.300959772816487,8.894948554652329
train,mask_pca,452,2,1,20.705345451834116,9.677100266948857
train,cej_int_midpoint,452,2,0,9.296360517558943,8.992439303352302
train,cej_int_midpoint,452,2,1,20.788277880999846,9.783928557812803
train,paper_eq1,452,3,1,5.94456534372895,5.858842589320893
train,mask_pca,452,3,1,6.401482400818042,6.307654272883571
train,cej_int_midpoint,452,3,1,6.73578308003181,6.599935805423093
train,paper_eq1,453,0,1,4.739257558001475,1.6373186379789537
train,mask_pca,453,0,1,4.95616130841952,1.6822502820358385
train,cej_int_midpoint,453,0,1,5.237752315180896,1.6868390256582828
train,paper_eq1,453,1,1,11.808105307496493,9.575144210971535
train,mask_pca,453,1,1,11.634873362590026,9.520231546227587
train,cej_int_midpoint,453,1,1,11.716628325409046,9.556700590876362
train,paper_eq1,453,2,1,15.493927441375813,15.560334512852258
train,mask_pca,453,2,1,15.920792108755816,16.01426887332935
train,cej_int_midpoint,453,2,1,15.882019729206814,15.931254390628974
train,paper_eq1,456,0,1,12.91164753025697,13.187713051419916
train,mask_pca,456,0,1,13.169649956671266,13.622112097093876
train,cej_int_midpoint,456,0,1,13.148898326078198,13.708262502400864
train,paper_eq1,456,2,1,12.898740220208893,17.995433325162132
train,mask_pca,456,2,1,17.12123249370553,21.717779366676222
train,cej_int_midpoint,456,2,1,39.746670491824226,38.587703417741054
train,paper_eq1,46,0,1,11.08245067194027,11.729282156243961
train,mask_pca,46,0,1,11.455743994943996,11.9565954531907
train,cej_int_midpoint,46,0,1,11.463158468421177,11.911191701803773
train,paper_eq1,46,1,1,12.189006870910063,11.096322991974056
train,mask_pca,46,1,1,12.245482411931043,11.195829501612911
train,cej_int_midpoint,46,1,1,12.311514599977897,11.220963759234925
train,paper_eq1,46,2,1,9.408187809892423,7.45258213491805
train,mask_pca,46,2,1,9.540239013709675,7.531697836117004
train,cej_int_midpoint,46,2,1,9.446678666431401,7.543154284046244
train,paper_eq1,46,3,1,5.057250193489975,2.2373794428070437
train,mask_pca,46,3,1,5.1184397242105595,2.1501634886485883
train,cej_int_midpoint,46,3,1,5.1039075473325175,2.39374513813439
train,paper_eq1,461,0,1,75.20358829095359,72.80300218181537
train,mask_pca,461,0,1,31.807269062059845,32.35451445908403
train,cej_int_midpoint,461,0,1,67.14993362259631,64.92687595947622
train,mask_pca,461,1,1,3.0217936237722487,3.4181920222428266
train,paper_eq1,461,3,1,12.130542996956919,14.019490307696103
train,mask_pca,461,3,1,12.171907396598051,13.983805514028116
train,cej_int_midpoint,461,3,1,12.141900496936307,13.998259016192696
train,paper_eq1,462,0,0,19.21066745379911,17.846193865656872
train,paper_eq1,462,0,1,14.717695355233765,12.764292888888502
train,mask_pca,462,0,0,19.211351024656175,17.921585047569142
train,mask_pca,462,0,1,14.571634951761045,12.838381437100283
train,cej_int_midpoint,462,0,0,19.211457229546504,17.928313374259726
train,cej_int_midpoint,462,0,1,14.591507820162647,12.833862767474317
train,paper_eq1,465,0,1,13.302285926028373,12.850504649036756
train,mask_pca,465,0,1,13.688035472796503,13.01317339945085
train,cej_int_midpoint,465,0,1,13.578151078957394,12.997402612814845
train,paper_eq1,470,0,1,8.353177505907954,10.50874046487691
train,mask_pca,470,0,1,8.591591990046016,10.738429774406338
train,paper_eq1,470,1,0,4.707613452271877,6.224830280440487
train,paper_eq1,470,1,1,13.16921855143087,14.443754448024634
train,mask_pca,470,1,0,4.715555574097316,6.405061932693467
train,mask_pca,470,1,1,14.201486688464982,15.141133225266154
train,cej_int_midpoint,470,1,0,4.710780833836976,6.3734271457406875
train,cej_int_midpoint,470,1,1,14.975518189108545,15.280711294594388
train,paper_eq1,470,2,1,12.937026604126837,9.3456472860886
train,mask_pca,470,2,1,13.174283657422677,9.489531866855344
train,cej_int_midpoint,470,2,1,13.218923696090744,9.528853826455794
train,paper_eq1,471,0,1,6.330444172609761,6.731473952121175
train,mask_pca,471,0,1,6.6029856392092094,7.072833575436011
train,paper_eq1,471,1,1,13.847138973621794,14.743302747510162
train,mask_pca,471,1,1,17.926534013819072,16.039705050613108
train,cej_int_midpoint,471,1,1,18.274294585608402,16.23742849149894
train,paper_eq1,481,0,0,19.169821603450877,19.379754911396855
train,paper_eq1,481,0,1,4.996948037527972,2.6504161461077467
train,mask_pca,481,0,0,19.326227945014598,19.56988397193509
train,mask_pca,481,0,1,5.242603101748539,2.892901441249747
train,cej_int_midpoint,481,0,0,19.24099550058943,19.425840981259505
train,cej_int_midpoint,481,0,1,5.354675673635185,3.0746626880072405
train,paper_eq1,481,1,0,15.70328454251543,12.526087730308271
train,paper_eq1,481,1,1,7.59413303954626,9.985265196734906
train,mask_pca,481,1,0,15.863769640582772,12.8281059161969
train,mask_pca,481,1,1,8.206961208287344,10.622967490440823
train,cej_int_midpoint,481,1,0,15.728611626552327,12.658650439775018
train,cej_int_midpoint,481,1,1,8.638097381685371,11.019962184547431
train,paper_eq1,481,2,0,12.058031188829782,11.957643614109164
train,mask_pca,481,2,0,11.994253779138235,12.062280229790337
train,mask_pca,481,2,1,18.409169703476863,6.122148619900698
train,cej_int_midpoint,481,2,0,12.028605598598583,10.387037623462914
train,paper_eq1,484,0,1,11.71265494166728,8.77578727918312
train,mask_pca,484,0,1,11.652752371361707,8.709491703089009
train,cej_int_midpoint,484,0,1,11.61887035792257,8.903645809034423
train,paper_eq1,484,1,1,7.166016242103809,8.311177611645627
train,mask_pca,484,1,1,7.493791176305475,8.357291601355781
train,cej_int_midpoint,484,1,1,7.612688795519886,8.331949956268845
train,paper_eq1,484,2,1,3.1870553068533516,6.98397432338301
train,mask_pca,484,2,1,3.228250355084117,6.850201760279359
train,cej_int_midpoint,484,2,1,2.133981721904555,7.601314707705016
train,paper_eq1,484,3,1,7.678825530564983,5.634642025593738
train,mask_pca,484,3,1,7.023007651707021,5.681342623235184
train,cej_int_midpoint,484,3,1,8.051148253324486,5.651560314007053
train,paper_eq1,49,0,1,8.896865270259449,7.338835029426198
train,mask_pca,49,0,1,9.291702388424763,7.9562728677778765
train,cej_int_midpoint,49,0,1,9.340756233959443,12.736429283888507
train,paper_eq1,49,1,0,6.175403850549095,8.115311136861065
train,paper_eq1,49,1,1,3.678197379798916,4.124417668101196
train,mask_pca,49,1,0,6.103965299296525,8.050699326498783
train,mask_pca,49,1,1,3.637405397036041,4.0782499397435075
train,cej_int_midpoint,49,1,0,6.13195519376534,8.076802613673616
train,cej_int_midpoint,49,1,1,3.611718953942259,4.048896570047217
train,paper_eq1,49,2,1,6.054625626009954,5.889226680092797
train,mask_pca,49,2,1,6.769356692370228,6.9162849626683105
train,cej_int_midpoint,49,2,1,6.570656168264395,6.879929363015055
train,paper_eq1,490,0,1,18.316840305737507,20.239562321409057
train,mask_pca,490,0,1,19.036168156699155,20.701267354294927
train,cej_int_midpoint,490,0,1,19.073511766907593,20.836514519900746
train,paper_eq1,490,1,1,61.75254734632979,64.05659922693293
train,mask_pca,490,1,1,62.50586357426643,64.63261817402906
train,cej_int_midpoint,490,1,1,62.51036483509398,64.66672997634817
train,paper_eq1,490,2,1,47.210401026778,50.289577821632825
train,mask_pca,490,2,1,49.021531911653106,51.85202877716021
train,cej_int_midpoint,490,2,1,49.341415825126916,52.08138313410539
train,paper_eq1,491,0,1,30.61919756035817,33.21924727190035
train,mask_pca,491,0,1,31.158568239852606,33.66374756216188
train,cej_int_midpoint,491,0,1,31.160556179814886,33.68773012821242
train,paper_eq1,491,1,1,30.441473871004117,33.48850945381976
train,mask_pca,491,1,1,31.26111409962261,34.493172501052435
train,cej_int_midpoint,491,1,1,31.438488552626424,34.70099359545111
train,paper_eq1,492,0,0,24.881742982287943,34.25703519796796
train,paper_eq1,492,0,1,56.510086489512545,55.614107301481056
train,mask_pca,492,0,0,24.922780502135478,37.82359685936522
train,mask_pca,492,0,1,60.423682341556294,60.196187652953945
train,cej_int_midpoint,492,0,0,24.907473325517966,37.36153092393089
train,cej_int_midpoint,492,0,1,61.4089213349025,60.97226855879594
train,paper_eq1,492,1,1,43.3019906405561,45.62847419818646
train,mask_pca,492,1,1,26.732989694787385,30.034930076250717
train,cej_int_midpoint,492,1,1,36.71968393261199,39.525974611896665
train,paper_eq1,492,3,1,58.72296575494972,61.66949582043566
train,mask_pca,492,3,1,59.02284170993332,61.98580015049797
train,cej_int_midpoint,492,3,1,58.92773169037767,61.7340058695119
train,paper_eq1,492,4,1,38.39517226502616,33.36489219894913
train,mask_pca,492,4,1,38.41561457528816,33.44829772553247
train,cej_int_midpoint,492,4,1,38.463744772948786,32.51923357693525
train,paper_eq1,498,0,0,5.507924673782194,3.7245980119241926
train,paper_eq1,498,0,1,4.412013008869255,4.721473346639985
train,mask_pca,498,0,0,6.130838505361151,4.2508479621493525
train,mask_pca,498,0,1,5.275358442014129,5.690052532225775
train,cej_int_midpoint,498,0,0,5.963261292893542,4.186782470108014
train,cej_int_midpoint,498,0,1,5.504780633163446,5.791701160156993
train,paper_eq1,498,1,0,19.767198636288956,17.436703719393222
train,paper_eq1,498,1,1,9.879013410659681,8.112920515084317
train,mask_pca,498,1,0,19.712210556929982,17.324552643203553
train,mask_pca,498,1,1,10.346275310164108,8.640552947425686
train,cej_int_midpoint,498,1,0,19.961133012586842,17.546829266488853
train,cej_int_midpoint,498,1,1,10.630308095125802,9.092292069620479
train,paper_eq1,499,1,0,37.02330518097129,25.967479800301014
train,paper_eq1,499,1,1,10.029726460334048,9.594072871517481
train,mask_pca,499,1,0,38.09635768537568,27.0284615177451
train,mask_pca,499,1,1,10.010683712282798,9.570525629238526
train,cej_int_midpoint,499,1,0,38.49467904241409,27.365280220212075
train,cej_int_midpoint,499,1,1,10.026260786453253,9.608319737596057
train,paper_eq1,501,0,1,29.793413727807305,28.041847239854178
train,mask_pca,501,0,1,30.168205788894873,28.328487181466684
train,cej_int_midpoint,501,0,1,30.588741278791936,31.625051468972153
train,paper_eq1,501,1,1,31.618807194698633,31.980842285712548
train,mask_pca,501,1,1,32.53767313458768,33.028948520419505
train,cej_int_midpoint,501,1,1,32.55540877733744,33.083633823733074
train,paper_eq1,501,2,1,64.39549800314653,49.1083703752843
train,mask_pca,501,2,1,58.27091103864802,37.641385062823204
train,cej_int_midpoint,501,2,1,62.53595200920372,45.31133077328664
train,paper_eq1,501,3,1,15.449525452976658,17.845600032463256
train,mask_pca,501,3,1,18.86621759562027,18.419972096532437
train,cej_int_midpoint,501,3,1,20.368229120341542,19.504050318444115
train,paper_eq1,503,0,1,6.382565712841881,6.046863957771957
train,mask_pca,503,0,1,7.9946744737249515,6.777254368202105
train,cej_int_midpoint,503,0,1,8.465716657885519,6.9569947416662865
train,paper_eq1,503,1,0,4.985895335222939,6.294584136465464
train,paper_eq1,503,1,1,12.62898315351827,13.54920140871276
train,mask_pca,503,1,0,4.979762578516441,6.334738712115283
train,mask_pca,503,1,1,12.755906629588498,13.602709003711505
train,cej_int_midpoint,503,1,0,4.981619052997941,6.329970906837784
train,cej_int_midpoint,503,1,1,12.836260151067687,13.61716093528204
train,paper_eq1,505,0,1,22.684333339092245,22.15332060516686
train,mask_pca,505,0,1,23.021417440214933,22.392355566233643
train,cej_int_midpoint,505,0,1,23.004063470682357,22.390771236466687
train,paper_eq1,505,1,1,68.11693652846847,53.46166121102755
train,mask_pca,505,1,1,68.94175759512764,53.90502525133619
train,cej_int_midpoint,505,1,1,68.67840995631968,53.697227341955035
train,paper_eq1,508,1,0,16.249342451341413,15.817465140785348
train,paper_eq1,508,1,1,2.878334527371549,2.945387117677677
train,mask_pca,508,1,0,15.851986250706052,15.571185855708972
train,mask_pca,508,1,1,3.3098721314381185,3.213278779500671
train,cej_int_midpoint,508,1,0,16.543144520910534,15.88933511595236
train,cej_int_midpoint,508,1,1,3.842392063713846,3.4582749562527098
train,paper_eq1,508,2,0,4.936280976079176,3.1125152208838514
train,paper_eq1,508,2,1,8.207589175283237,8.158073287100734
train,mask_pca,508,2,0,4.638623336500394,3.0070034791427704
train,mask_pca,508,2,1,8.356299003464159,8.183799513900404
train,cej_int_midpoint,508,2,0,4.966553745941562,2.9612820777041864
train,cej_int_midpoint,508,2,1,8.450717467518276,8.17681733256768
train,paper_eq1,509,0,1,11.12398237340263,12.833236439185432
train,mask_pca,509,0,1,11.197072221482015,13.025129564618826
train,cej_int_midpoint,509,0,1,12.655898446891372,12.966207234566983
train,paper_eq1,509,1,1,10.503368871039473,8.287064050206865
train,mask_pca,509,1,1,10.610499159367075,8.384302949617007
train,cej_int_midpoint,509,1,1,10.593263343789312,8.378817523196792
train,paper_eq1,510,1,1,4.702898900794027,5.7426119471106745
train,mask_pca,510,1,1,4.755202598211512,5.781115778678053
train,cej_int_midpoint,510,1,1,4.732708166799496,5.785535145837857
train,paper_eq1,510,2,1,5.406103082190615,8.547342862585658
train,mask_pca,510,2,1,5.136735111936639,7.975186109341932
train,cej_int_midpoint,510,2,1,5.696035417178727,9.322568797401068
train,paper_eq1,513,0,1,17.908809527480784,14.23202108984861
train,mask_pca,513,0,1,18.661159644117216,14.339032183130612
train,cej_int_midpoint,513,0,1,23.692727681146863,14.277290893169942
train,paper_eq1,513,1,0,15.479332545593055,13.752968929481396
train,paper_eq1,513,1,1,8.296239603405265,6.408500183921463
train,mask_pca,513,1,0,15.776198971356306,14.104430554142633
train,mask_pca,513,1,1,8.323577450127203,6.444529767618732
train,cej_int_midpoint,513,1,0,15.7532042095826,14.06139983736217
train,cej_int_midpoint,513,1,1,8.32578912217755,6.451494069371541
train,paper_eq1,514,0,0,12.713836165384782,15.598282136960897
train,paper_eq1,514,0,1,13.93778026649635,14.523008515174224
train,mask_pca,514,0,0,12.678834075437495,15.595816417749116
train,mask_pca,514,0,1,13.927943286918667,17.334947237992488
train,cej_int_midpoint,514,0,0,12.928144327795316,15.992120531993482
train,cej_int_midpoint,514,0,1,14.306858108867296,16.243657672777978
train,paper_eq1,514,1,1,41.63802080828397,42.551550970660465
train,mask_pca,514,1,1,27.84254538615103,28.832570841894146
train,cej_int_midpoint,514,1,1,61.581319295419924,63.45558003622463
train,paper_eq1,515,0,0,20.218823255490904,18.46828129641571
train,paper_eq1,515,0,1,15.626569062550717,14.325890982289149
train,mask_pca,515,0,0,20.134637333053583,18.598250194589575
train,mask_pca,515,0,1,16.3828156394141,14.770685102004988
train,cej_int_midpoint,515,0,0,20.206708702204292,18.55335893230232
train,cej_int_midpoint,515,0,1,16.7390192597653,14.882608966253441
train,paper_eq1,515,1,0,29.924787078752367,20.843050263572103
train,paper_eq1,515,1,1,13.628875128770332,13.358749927687926
train,mask_pca,515,1,0,29.859307226239974,22.818329330857466
train,mask_pca,515,1,1,14.135190075673435,13.720156468890934
train,cej_int_midpoint,515,1,0,29.903283146936737,22.159394607415166
train,cej_int_midpoint,515,1,1,14.569032715674096,14.03158595120486
train,paper_eq1,515,2,1,20.026777385753807,18.113580660049905
train,mask_pca,515,2,1,20.639212591675037,18.53042299872054
train,cej_int_midpoint,515,2,1,20.920194493823953,18.541926852745387
train,paper_eq1,515,3,1,19.979738998674122,19.921208046217806
train,mask_pca,515,3,1,19.996459604196467,19.925792438153124
train,cej_int_midpoint,515,3,1,20.14579755199521,19.983731249892212
train,paper_eq1,516,0,1,2.478655737787052,1.8672967613934894
train,mask_pca,516,0,1,2.800103843039664,1.3160610642014066
train,cej_int_midpoint,516,0,1,0.7599892927716272,0.6049657252177623
train,paper_eq1,516,1,0,6.4283336805384295,4.2960588757413545
train,paper_eq1,516,1,1,6.358553901425166,9.159635144798207
train,mask_pca,516,1,0,6.454056679820795,4.334373075237133
train,mask_pca,516,1,1,6.258242759025497,9.331164199566194
train,cej_int_midpoint,516,1,0,6.475041378894921,4.323451921027384
train,cej_int_midpoint,516,1,1,6.3297090871789905,9.372278432715914
train,paper_eq1,516,2,1,10.594286206526444,10.064407095731298
train,mask_pca,516,2,1,10.99303602367771,10.362166793241387
train,cej_int_midpoint,516,2,1,8.687880126758484,10.616717688358172
train,paper_eq1,516,3,1,8.69212760314378,11.052832367120537
train,mask_pca,516,3,1,8.964741031921761,11.393762585449188
train,cej_int_midpoint,516,3,1,8.917552615464471,11.388298862356711
train,paper_eq1,516,4,1,12.587905604879012,11.695501200278072
train,mask_pca,516,4,1,12.657089385537034,11.781799547901008
train,cej_int_midpoint,516,4,1,12.701652552276588,11.939348126075478
train,paper_eq1,519,0,0,11.759664687935341,11.4381816703424
train,paper_eq1,519,0,1,7.088495017727577,5.327613757753093
train,mask_pca,519,0,0,11.74191822297232,11.375758192529286
train,mask_pca,519,0,1,7.411155397600333,5.419581083636473
train,cej_int_midpoint,519,0,0,11.755381702235887,11.397878891541161
train,cej_int_midpoint,519,0,1,7.503282963791033,5.441536931551971
train,paper_eq1,519,1,1,11.232134957404988,12.411526513359775
train,mask_pca,519,1,1,12.128859990623432,13.30237840623141
train,paper_eq1,52,0,1,32.17209217918647,31.78235523099756
train,mask_pca,52,0,1,32.1792261717362,31.891980970876304
train,cej_int_midpoint,52,0,1,32.17907380914152,31.88750570976139
train,paper_eq1,52,1,1,100.0,52.7642897064087
train,mask_pca,52,1,1,100.0,34.242002457201245
train,cej_int_midpoint,52,1,1,100.0,42.327613003848505
train,paper_eq1,52,2,1,38.03574591055191,27.250286341609513
train,mask_pca,52,2,1,39.775578367189716,28.859360016700137
train,cej_int_midpoint,52,2,1,39.841816334648364,29.14869876476337
train,paper_eq1,52,3,1,42.52185083502822,35.448692271131094
train,mask_pca,52,3,1,48.26058768544928,38.113596014647804
train,cej_int_midpoint,52,3,1,49.73818146915684,39.1816578267806
train,paper_eq1,520,0,1,9.720720376853386,9.63739437499146
train,mask_pca,520,0,1,9.620472545186841,9.466838295071796
train,cej_int_midpoint,520,0,1,9.659066138884162,9.605437802592755
train,paper_eq1,520,1,0,18.605157457454272,14.023840292280749
train,paper_eq1,520,1,1,17.692382526640205,19.17030258651512
train,mask_pca,520,1,0,18.958730025129892,14.436575163901905
train,mask_pca,520,1,1,17.54976447259088,19.031281587143546
train,cej_int_midpoint,520,1,0,19.385251241711114,15.067142720090823
train,cej_int_midpoint,520,1,1,17.702429158545634,19.23711346166577
train,paper_eq1,520,2,1,16.24602625963389,20.380534423467765
train,mask_pca,520,2,1,16.558572329291753,20.413674410130543
train,cej_int_midpoint,520,2,1,16.392337619709757,20.39693998158312
train,paper_eq1,520,3,1,15.134135404669157,16.565385120885022
train,mask_pca,520,3,1,15.298426700027218,16.757846707948527
train,cej_int_midpoint,520,3,1,15.316752671700698,15.89457811401218
train,paper_eq1,523,0,0,5.146718632173321,5.120746157470094
train,paper_eq1,523,0,1,3.3553195576242416,5.045422553180576
train,mask_pca,523,0,0,5.351095580466844,5.199874854627328
train,mask_pca,523,0,1,3.626727944402001,5.36910449405255
train,cej_int_midpoint,523,0,0,5.367817351445602,5.168756097604722
train,cej_int_midpoint,523,0,1,3.6114234420323035,5.448300094586856
train,paper_eq1,523,2,1,6.354280947223467,7.833997772170755
train,mask_pca,523,2,1,6.791073175276262,8.23858135892299
train,cej_int_midpoint,523,2,1,6.9089002637592785,8.341689827632576
train,paper_eq1,524,0,1,10.224507775319507,6.277195242117889
train,mask_pca,524,0,1,10.286969976364222,6.334527124643448
train,cej_int_midpoint,524,0,1,10.278759873814112,6.278047274417226
train,paper_eq1,524,1,1,9.781610264771636,9.754316162040386
train,mask_pca,524,1,1,9.875394629192051,9.818924359075076
train,cej_int_midpoint,524,1,1,8.682365717764204,9.825639614172344
train,paper_eq1,524,2,0,5.628202442347585,3.8612524482206414
train,paper_eq1,524,2,1,4.28277760739386,2.041467126025862
train,mask_pca,524,2,0,6.080349602346255,4.043236228199768
train,mask_pca,524,2,1,4.286917333397092,2.0586289528960364
train,cej_int_midpoint,524,2,0,6.6884476300813125,4.499702126066405
train,cej_int_midpoint,524,2,1,4.675826592110921,2.2264260077776843
train,paper_eq1,526,0,1,9.105214504446161,10.86064267733755
train,mask_pca,526,0,1,9.027716020343426,10.783503910894755
train,cej_int_midpoint,526,0,1,9.7833162564976,11.799912417298478
train,paper_eq1,526,1,1,5.886740627333652,4.708185836596656
train,mask_pca,526,1,1,6.802694484896151,5.04796057290913
train,cej_int_midpoint,526,1,1,6.663598519595114,4.985770896772633
train,paper_eq1,527,0,0,8.00557321127142,10.393944729123621
train,paper_eq1,527,0,1,13.238767533091133,10.354614115361038
train,mask_pca,527,0,0,8.454980680372454,10.561396700037792
train,mask_pca,527,0,1,13.336867894320594,10.406858708211224
train,cej_int_midpoint,527,0,0,8.633359638176666,10.54999102630126
train,cej_int_midpoint,527,0,1,13.275068112800378,10.411878484946161
train,paper_eq1,527,1,0,10.791878627304158,12.797165984312137
train,paper_eq1,527,1,1,11.659985805649972,11.529649939612671
train,mask_pca,527,1,0,12.136004314007378,13.70720460523261
train,mask_pca,527,1,1,11.819936798877745,12.262883723231573
train,cej_int_midpoint,527,1,0,12.040502201412327,13.49846398752832
train,cej_int_midpoint,527,1,1,11.894432282940192,12.491847795948702
train,paper_eq1,527,2,0,4.76187042163802,5.218817153589763
train,paper_eq1,527,2,1,13.774542702411678,13.184546949633916
train,mask_pca,527,2,0,5.152727454795678,5.5059179148582995
train,mask_pca,527,2,1,13.914941333091956,13.28519601706198
train,cej_int_midpoint,527,2,0,5.36280618889962,5.681956900337543
train,cej_int_midpoint,527,2,1,13.813576005003483,13.212869429919813
train,paper_eq1,528,0,1,6.0067470274820165,7.50586879934442
train,mask_pca,528,0,1,6.437784836751706,7.7638287847074565
train,cej_int_midpoint,528,0,1,5.8199304594267804,7.722942002053072
train,paper_eq1,528,1,1,6.428920454580826,5.921178466520249
train,mask_pca,528,1,1,6.8216787009341004,6.193555768250761
train,cej_int_midpoint,528,1,1,6.7520504711164495,6.173076577654581
train,paper_eq1,528,3,1,65.52548570104706,16.622687620689106
train,mask_pca,528,3,1,15.793605551680132,16.968798718664075
train,cej_int_midpoint,528,3,1,47.69747239459715,16.90954511887807
train,paper_eq1,529,0,0,12.400432982022519,9.32796333839436
train,paper_eq1,529,0,1,5.539916207710631,4.297793272658292
train,mask_pca,529,0,0,12.72128510489083,9.377697239021705
train,mask_pca,529,0,1,5.681821191683431,4.276393747544548
train,cej_int_midpoint,529,0,0,13.273972925420544,9.420320374355118
train,cej_int_midpoint,529,0,1,5.523575373087584,4.286559972027854
train,paper_eq1,529,1,0,13.812531778631365,9.410385913015702
train,paper_eq1,529,1,1,13.337342724478166,15.25186984751995
train,mask_pca,529,1,0,14.044182630037527,9.61979072655794
train,mask_pca,529,1,1,13.717024038372411,15.402211073471669
train,cej_int_midpoint,529,1,0,13.970715655521424,9.638661687941735
train,cej_int_midpoint,529,1,1,13.860164889543316,15.385132807317275
train,paper_eq1,529,2,1,18.201200426870333,18.808351438879765
train,mask_pca,529,2,1,21.19128255491835,18.992845578395944
train,cej_int_midpoint,529,2,1,20.053205764637067,18.976055931511087
train,paper_eq1,529,3,1,8.691244284553685,9.087220140067966
train,mask_pca,529,3,1,8.687486533260225,9.077103396754651
train,cej_int_midpoint,529,3,1,8.701024302360862,9.08431933596749
train,paper_eq1,532,1,0,9.351348392248985,10.639251623604657
train,paper_eq1,532,1,1,5.065403331200665,5.467481586775165
train,mask_pca,532,1,0,9.218406667601222,10.605046797448821
train,mask_pca,532,1,1,4.974440167296543,5.918207064688258
train,cej_int_midpoint,532,1,0,9.264512711697936,10.631499176848264
train,cej_int_midpoint,532,1,1,4.944794757130546,6.243467381621596
train,paper_eq1,532,2,1,6.7946136761847,5.941903409134344
train,mask_pca,532,2,1,9.147320021336343,7.746752049840983
train,cej_int_midpoint,532,2,1,10.81853367834208,8.878044141686694
train,paper_eq1,534,1,1,1.212702561234127,2.6502321384173912
train,mask_pca,534,1,1,1.2136065121508963,2.712113530872852
train,cej_int_midpoint,534,1,1,1.2003921026478652,2.785224442511629
train,paper_eq1,534,2,1,8.807933965784274,6.2351244133467345
train,mask_pca,534,2,1,8.959491954416778,6.281241518517118
train,cej_int_midpoint,534,2,1,9.093892943747987,6.36032146587273
train,paper_eq1,536,0,1,26.246763211737733,23.784610766577295
train,mask_pca,536,0,1,29.641428953500082,26.458294300202635
train,cej_int_midpoint,536,0,1,30.079009024602037,26.78566444011453
train,paper_eq1,536,1,1,15.928177409800165,17.359615376279837
train,mask_pca,536,1,1,15.991634909188162,17.787504568326142
train,cej_int_midpoint,536,1,1,21.24692336020924,21.431396173138324
train,paper_eq1,536,2,1,27.57740063803304,26.524767957055808
train,mask_pca,536,2,1,30.374994324058008,28.133734858927266
train,cej_int_midpoint,536,2,1,29.28472771802177,27.158726606353902
train,paper_eq1,538,0,1,8.948107954753805,10.115720031267776
train,mask_pca,538,0,1,9.082287103112675,10.235449897855554
train,cej_int_midpoint,538,0,1,9.092871736045124,10.231036051828655
train,paper_eq1,538,1,1,24.162921843069537,23.972263393254817
train,mask_pca,538,1,1,24.80209494425575,24.241062905907302
train,cej_int_midpoint,538,1,1,24.74010150373644,24.146836749445992
train,paper_eq1,538,2,1,35.91278953033261,38.08818202119405
train,mask_pca,538,2,1,35.678020806776246,37.77641140356021
train,cej_int_midpoint,538,2,1,35.84435979567828,38.120689404471925
train,paper_eq1,538,3,1,56.62318260009388,57.455763729318846
train,mask_pca,538,3,1,17.7766763525448,18.138949650567284
train,cej_int_midpoint,538,3,1,37.9160179020739,37.708838691171756
train,paper_eq1,538,5,1,5.9567548356139755,3.9553776876747015
train,mask_pca,538,5,1,5.4090797747928265,4.040492370803637
train,cej_int_midpoint,538,5,1,5.956754835613976,3.9976444679540877
train,paper_eq1,540,0,1,43.719749140243245,51.53810538461957
train,mask_pca,540,0,1,44.30247850760599,52.28753674135975
train,cej_int_midpoint,540,0,1,44.11642880588951,51.96736496200835
train,paper_eq1,540,1,0,28.19223259226028,27.638075360436986
train,paper_eq1,540,1,1,41.252170621305915,60.510710110098756
train,mask_pca,540,1,0,29.61576266483887,29.289290733108846
train,mask_pca,540,1,1,43.83337504293196,60.96164946796575
train,cej_int_midpoint,540,1,0,29.699666821673336,29.518273460260474
train,cej_int_midpoint,540,1,1,43.69692916889154,60.84227830115441
train,paper_eq1,540,2,1,21.30814004623724,23.856649088574255
train,mask_pca,540,2,1,21.41101847685813,23.94110592769784
train,cej_int_midpoint,540,2,1,21.419238866361866,23.908271748449977
train,paper_eq1,540,3,1,24.575025967502558,23.22339364369144
train,mask_pca,540,3,1,26.423408383831358,23.580794531566756
train,cej_int_midpoint,540,3,1,25.59428219941944,23.31443010874831
train,paper_eq1,541,0,1,63.79250282658072,65.00834704148403
train,mask_pca,541,0,1,64.83711337246645,66.09775169225219
train,cej_int_midpoint,541,0,1,64.96262756539628,66.23630669252391
train,paper_eq1,541,1,1,21.904978611029186,23.0518690824765
train,mask_pca,541,1,1,21.750782048127398,22.970604005175606
train,cej_int_midpoint,541,1,1,21.79897752775197,23.01355584465612
train,paper_eq1,543,0,1,78.74413897217866,78.84651066648722
train,mask_pca,543,0,1,77.92929894006578,81.48690117577677
train,cej_int_midpoint,543,0,1,78.24917792670738,82.06840812004947
train,paper_eq1,543,1,1,61.75623299204878,61.94972454985243
train,mask_pca,543,1,1,63.183918522215144,62.53754395284523
train,cej_int_midpoint,543,1,1,63.89273676283776,62.47417832393756
train,paper_eq1,543,2,1,93.32015534197697,95.81493433009322
train,mask_pca,543,2,1,93.63240323942684,96.07856748748502
train,cej_int_midpoint,543,2,1,93.63252616145073,96.05741669917923
train,paper_eq1,546,0,1,83.40215813908489,87.44569750200797
train,mask_pca,546,0,1,84.51343237738577,88.5475119756888
train,cej_int_midpoint,546,0,1,83.81096077020248,88.19715455581758
train,paper_eq1,546,1,1,57.68011334141681,59.53466480164627
train,mask_pca,546,1,1,59.854486030348376,62.64391213976669
train,cej_int_midpoint,546,1,1,59.85514455349232,62.626524447934564
train,paper_eq1,547,0,1,15.897230774869087,16.449127503823824
train,mask_pca,547,0,1,15.984805914080505,16.490930762861392
train,cej_int_midpoint,547,0,1,15.998983422873032,16.48082428114078
train,paper_eq1,547,1,1,10.375413080942913,12.395233661567504
train,mask_pca,547,1,1,10.243547639716773,12.512560267782385
train,cej_int_midpoint,547,1,1,10.214981303786056,12.523941188627886
train,paper_eq1,547,2,1,12.553242041258214,8.91239519745067
train,mask_pca,547,2,1,13.178718111810985,9.324242505728886
train,cej_int_midpoint,547,2,1,13.07209718450148,9.535163287651086
train,paper_eq1,548,1,0,6.59761583631661,9.059269661348537
train,paper_eq1,548,1,1,10.042156111955011,11.07859220842689
train,mask_pca,548,1,0,6.62435120846982,9.013100331847216
train,mask_pca,548,1,1,10.228491073548222,11.028891761282647
train,cej_int_midpoint,548,1,0,6.583830617875734,8.992155794125022
train,cej_int_midpoint,548,1,1,10.398571306711567,11.043552543660311
train,paper_eq1,548,2,1,9.083775012056885,11.280479931030799
train,mask_pca,548,2,1,9.553222020196362,11.821845724734718
train,cej_int_midpoint,548,2,1,9.809686143307005,12.067822121730803
train,paper_eq1,552,1,1,26.679442800141402,25.454667435153294
train,mask_pca,552,1,1,26.546690981555404,25.445702123224052
train,cej_int_midpoint,552,1,1,26.724411538599067,25.45328791668081
train,paper_eq1,553,0,0,79.37294640503909,81.8427081734523
train,paper_eq1,553,0,1,51.72969931081892,53.3477309484031
train,mask_pca,553,0,0,89.27669118032465,90.70451619989429
train,mask_pca,553,0,1,55.025825691327576,56.22966143895769
train,cej_int_midpoint,553,0,0,89.07962284033154,90.52741707755403
train,cej_int_midpoint,553,0,1,55.24058623484843,56.429734146885025
train,paper_eq1,553,1,0,36.54404967220356,34.883398847057286
train,paper_eq1,553,1,1,78.6287149051863,35.48222629876952
train,mask_pca,553,1,0,37.44872391277732,35.717925432823286
train,mask_pca,553,1,1,81.1724593133866,60.823243255668324
train,cej_int_midpoint,553,1,0,36.98350119896296,35.23627624332578
train,cej_int_midpoint,553,1,1,82.02498243151804,64.90680863090442
train,paper_eq1,553,2,1,16.342979345349697,17.784435748290655
train,mask_pca,553,2,1,16.457177055528437,17.847454069418568
train,cej_int_midpoint,553,2,1,16.43104073469816,18.07072545243278
train,paper_eq1,555,0,0,29.70769808487523,40.407694765330554
train,paper_eq1,555,0,1,45.051210332568274,46.78956615687579
train,mask_pca,555,0,0,29.32130852089915,53.91927241631396
train,mask_pca,555,0,1,46.35968890532783,47.66018406587394
train,cej_int_midpoint,555,0,0,29.603315203617374,49.788506194935024
train,cej_int_midpoint,555,0,1,48.157421234833805,49.16361577236001
train,paper_eq1,555,1,1,55.58419718453757,52.439175250770276
train,mask_pca,555,1,1,23.355073864358214,21.740039089659756
train,cej_int_midpoint,555,1,1,40.5158283997326,37.459628536532364
train,paper_eq1,555,2,1,18.64254038929436,16.134870791717898
train,mask_pca,555,2,1,20.85401019748296,17.125177648014926
train,cej_int_midpoint,555,2,1,21.882221334294258,17.629034515625158
train,paper_eq1,557,0,1,40.398379238772826,61.8440918394802
train,mask_pca,557,0,1,40.84047719674795,66.94710905995363
train,cej_int_midpoint,557,0,1,40.920950191487535,68.96665223399918
train,paper_eq1,557,2,1,31.504700831954498,36.39271841550651
train,mask_pca,557,2,1,31.409105859852264,36.262812352859
train,cej_int_midpoint,557,2,1,31.421245147687575,36.27784106849853
train,paper_eq1,56,0,1,92.57064636501711,90.7010083185677
train,mask_pca,56,0,1,93.36802044030993,91.67654448731875
train,cej_int_midpoint,56,0,1,93.39647329720671,91.59408091392103
train,paper_eq1,56,1,1,73.00224850914073,72.14457860187599
train,mask_pca,56,1,1,74.49339936255708,73.69463777095153
train,cej_int_midpoint,56,1,1,74.29745743035045,73.2231370283697
train,paper_eq1,560,0,1,30.13238160751405,30.489390777703782
train,mask_pca,560,0,1,30.2398284523925,30.674273641049577
train,cej_int_midpoint,560,0,1,30.234253048039644,30.67032499315544
train,paper_eq1,560,1,1,37.60533850023865,29.630150486009583
train,mask_pca,560,1,1,37.794401819008314,34.67297914417077
train,cej_int_midpoint,560,1,1,37.882156484459834,43.19605366646652
train,paper_eq1,560,2,1,55.045850888853835,56.09766444550559
train,mask_pca,560,2,1,31.58203116436568,34.45572020771907
train,cej_int_midpoint,560,2,1,43.31888167305632,46.895803906288755
train,paper_eq1,561,2,0,6.369067970150728,12.282537789419589
train,paper_eq1,561,2,1,6.434249594774595,11.034636003341616
train,mask_pca,561,2,0,6.532418624188136,12.351361508794673
train,mask_pca,561,2,1,6.209201260764212,10.922056019146794
train,cej_int_midpoint,561,2,0,6.614246865089765,12.364430025727902
train,cej_int_midpoint,561,2,1,6.399925034771621,10.939010381677365
train,paper_eq1,562,1,1,72.32197358939668,73.95136442831952
train,mask_pca,562,1,1,76.19446872018719,77.03089429019685
train,cej_int_midpoint,562,1,1,73.95744552713252,76.86257916978933
train,paper_eq1,562,2,1,9.957600000000177,13.808220658582234
train,mask_pca,562,2,1,10.623799300245908,14.571032264653786
train,cej_int_midpoint,562,2,1,10.986047679122379,14.86646455437381
train,paper_eq1,562,3,1,11.74900346355452,12.365082791756334
train,mask_pca,562,3,1,12.76779649998588,13.125106391360175
train,cej_int_midpoint,562,3,1,12.598368642047287,12.80427118089923
train,paper_eq1,562,4,1,4.308228754138028,7.10930643301426
train,mask_pca,562,4,1,4.36740002716324,7.559440691638261
train,cej_int_midpoint,562,4,1,4.671669238327731,8.269804746651303
train,paper_eq1,563,0,1,14.371877083586284,14.380959270653443
train,mask_pca,563,0,1,14.862010966581563,14.75121465362443
train,cej_int_midpoint,563,0,1,12.201719223683401,14.689881912811384
train,paper_eq1,563,1,1,23.433127471943955,27.190657772455886
train,mask_pca,563,1,1,24.391449385447846,27.952949443235724
train,cej_int_midpoint,563,1,1,24.502239945576093,28.13687424636963
train,paper_eq1,563,2,1,66.51050613671279,64.10933964406443
train,mask_pca,563,2,1,19.78034120456322,17.917695425878165
train,cej_int_midpoint,563,2,1,44.35158784887631,38.87855597622396
train,paper_eq1,564,0,1,17.415087266241006,15.497186988320932
train,mask_pca,564,0,1,17.84961886044856,15.86538215612304
train,cej_int_midpoint,564,0,1,14.295223765133336,15.802284239784905
train,paper_eq1,564,1,1,26.49610958697639,27.216382685907114
train,mask_pca,564,1,1,27.304537505891602,27.992309402714067
train,cej_int_midpoint,564,1,1,27.44478650215913,28.164226169761818
train,paper_eq1,564,2,1,62.95640192093891,63.47879220319913
train,mask_pca,564,2,1,20.185274718938086,18.478989611066183
train,cej_int_midpoint,564,2,1,42.213157613938144,39.218897838650825
train,paper_eq1,565,1,0,13.182467775400553,13.248496340903332
train,paper_eq1,565,1,1,3.6236675410690227,5.386419918517244
train,mask_pca,565,1,0,13.081078801751255,13.12156922501226
train,mask_pca,565,1,1,3.7161655962702143,5.53612769940583
train,cej_int_midpoint,565,1,0,13.236365018265852,13.331851495431113
train,cej_int_midpoint,565,1,1,3.93535047572156,6.033183056634174
train,paper_eq1,565,2,0,5.040877723329427,6.236635606462135
train,paper_eq1,565,2,1,15.981990080892066,10.059764366461124
train,mask_pca,565,2,0,5.041890124828937,6.214600552965437
train,mask_pca,565,2,1,16.425327135271807,15.415648703734755
train,cej_int_midpoint,565,2,0,5.052957915492843,6.299096812061494
train,cej_int_midpoint,565,2,1,16.666775906782654,16.994403207657577
train,paper_eq1,565,3,1,10.018850419215536,10.656080087224758
train,mask_pca,565,3,1,10.246384020132089,10.894176854757912
train,cej_int_midpoint,565,3,1,8.561326235794978,10.940193511261699
train,paper_eq1,566,0,0,32.21155369367734,30.266588190638004
train,paper_eq1,566,0,1,97.26972646684808,93.29348957258615
train,mask_pca,566,0,0,32.09224158329151,30.322160149349187
train,mask_pca,566,0,1,97.948777593413,93.67858193074734
train,cej_int_midpoint,566,0,0,32.094200512640114,30.329323959566914
train,cej_int_midpoint,566,0,1,97.9576986430353,93.62506247056183
train,paper_eq1,566,1,1,23.589003798744052,26.0542280792748
train,mask_pca,566,1,1,23.78692809482753,26.221705385014033
train,cej_int_midpoint,566,1,1,23.68478614732267,26.21396872261486
train,paper_eq1,568,0,1,14.857705706731828,75.26282640112069
train,mask_pca,568,0,1,15.382083338827588,18.92399545176676
train,cej_int_midpoint,568,0,1,15.580929188562868,55.8478518448669
train,paper_eq1,568,1,1,40.08891751947662,41.663875370965755
train,mask_pca,568,1,1,41.37590384665339,43.038284928721076
train,cej_int_midpoint,568,1,1,40.94067919631269,42.58607806690837
train,paper_eq1,569,0,1,30.817147724988768,31.8309840799406
train,mask_pca,569,0,1,31.183494669784405,32.25310195995479
train,cej_int_midpoint,569,0,1,31.294123775278603,32.340623894454744
train,paper_eq1,569,1,1,32.35226637115837,31.564637289192703
train,mask_pca,569,1,1,32.666710228047165,31.91719152843502
train,cej_int_midpoint,569,1,1,31.62005207559145,31.82122418727944
train,paper_eq1,57,0,1,12.376444204567397,16.965778582041583
train,mask_pca,57,0,1,13.04084241643946,17.426788832628382
train,cej_int_midpoint,57,0,1,19.939772598114477,17.479657558034763
train,paper_eq1,57,1,1,71.03121883121611,49.00506859664304
train,mask_pca,57,1,1,50.26049122632127,50.87588223686033
train,cej_int_midpoint,57,1,1,61.298509174676205,50.5899900431914
train,paper_eq1,57,2,1,49.384497771957605,47.60299521229934
train,mask_pca,57,2,1,49.48132449178968,47.686979897357766
train,cej_int_midpoint,57,2,1,49.46946258102408,47.67432865191816
train,paper_eq1,57,3,1,49.30165378766796,50.79441350339646
train,mask_pca,57,3,1,50.18690116646625,51.35376825540209
train,cej_int_midpoint,57,3,1,50.301971018399826,51.360243430320885
train,paper_eq1,57,4,1,34.21395543291077,32.586258039298706
train,mask_pca,57,4,1,35.416405794464254,33.645739998557254
train,cej_int_midpoint,57,4,1,37.81120582531168,33.89521078848672
train,paper_eq1,571,2,0,16.685426302596607,16.497355200129064
train,paper_eq1,571,2,1,40.82649688078477,42.83806320372439
train,mask_pca,571,2,0,16.61407080819903,16.456794215356823
train,mask_pca,571,2,1,43.97331747931952,43.77711353678619
train,cej_int_midpoint,571,2,0,16.771036723824622,16.514962002720246
train,cej_int_midpoint,571,2,1,45.153710413003914,44.52125108991678
train,paper_eq1,571,3,1,43.106184642163896,43.362749290764604
train,mask_pca,571,3,1,44.245703647828066,44.37549981263176
train,cej_int_midpoint,571,3,1,44.51730459908885,44.531777982812855
train,paper_eq1,572,0,1,13.562346940027068,16.133974160403394
train,mask_pca,572,0,1,14.176061859196972,16.558656763869458
train,cej_int_midpoint,572,0,1,14.04261393227911,16.55539926903959
train,paper_eq1,572,1,1,18.50961670687426,15.639029287814907
train,mask_pca,572,1,1,19.07970656110607,16.0613198189229
train,cej_int_midpoint,572,1,1,19.158963534146366,16.027861361061184
train,paper_eq1,573,0,1,19.054103740123093,19.222523127874112
train,mask_pca,573,0,1,20.125376368508167,20.100130080437207
train,cej_int_midpoint,573,0,1,20.589386628792905,20.444805697130704
train,paper_eq1,576,2,1,48.313981843267634,47.812541488601624
train,mask_pca,576,2,1,50.021779763447924,49.620422560750946
train,cej_int_midpoint,576,2,1,50.288959768835205,50.01756086018606
train,paper_eq1,576,3,1,29.744571244460964,31.448046911914396
train,mask_pca,576,3,1,30.34054454341521,32.134983545071506
train,cej_int_midpoint,576,3,1,30.299032434516654,32.18970107612702
train,paper_eq1,576,4,1,34.37283546982835,32.82250514756246
train,mask_pca,576,4,1,40.24158873173753,39.18643539988823
train,cej_int_midpoint,576,4,1,47.5880857544095,47.280355353790156
train,paper_eq1,577,0,0,17.55177442222377,21.110536008476856
train,paper_eq1,577,0,1,34.56828496824429,34.95658225290644
train,mask_pca,577,0,0,17.586114523989334,21.13711756759163
train,mask_pca,577,0,1,44.24678413523542,42.14248404210014
train,cej_int_midpoint,577,0,0,17.711586735852336,21.31834869434411
train,cej_int_midpoint,577,0,1,46.8481354203448,44.509156650482204
train,paper_eq1,577,1,1,16.335279852321317,20.052833550704275
train,mask_pca,577,1,1,16.596679798570126,20.319974736033867
train,cej_int_midpoint,577,1,1,15.789502864573429,20.320988558904375
train,paper_eq1,577,2,1,14.942328150289121,18.053696228840156
train,mask_pca,577,2,1,15.296526545626355,18.40446662390459
train,cej_int_midpoint,577,2,1,15.196048206074375,18.39385375921592
train,paper_eq1,578,0,1,19.63555753224112,54.956106974946664
train,mask_pca,578,0,1,20.091440747264972,57.428665457680154
train,cej_int_midpoint,578,0,1,20.17117083249501,58.06906862136915
train,paper_eq1,578,1,1,41.76552989346497,43.71653897747796
train,mask_pca,578,1,1,42.25401583121253,44.44505177707987
train,cej_int_midpoint,578,1,1,42.200099076102845,44.08683424935526
train,paper_eq1,58,0,0,77.38430432093983,74.16251342391685
train,paper_eq1,58,0,1,71.31233341422374,66.55995076606118
train,mask_pca,58,0,0,79.53077665051256,76.25432991370917
train,mask_pca,58,0,1,71.82503242252041,67.04623844775517
train,cej_int_midpoint,58,0,0,79.38743294200845,76.08109802557361
train,cej_int_midpoint,58,0,1,71.99442837486602,67.23302771279212
train,paper_eq1,58,1,0,42.65957345481738,42.97741319428259
train,paper_eq1,58,1,1,55.21607782494444,58.487966563382244
train,mask_pca,58,1,0,43.311749643159345,42.96772026631383
train,mask_pca,58,1,1,56.43222653557615,59.50937475887697
train,cej_int_midpoint,58,1,0,43.19024729916591,42.97027169864371
train,cej_int_midpoint,58,1,1,56.725012850311465,59.834392272235846
train,paper_eq1,581,1,1,52.00842862804657,80.78209484274754
train,mask_pca,581,1,1,53.136848529197586,76.87907946246476
train,cej_int_midpoint,581,1,1,53.08934587476869,79.24892634013405
train,paper_eq1,581,2,1,22.25236841151525,19.463499496920285
train,mask_pca,581,2,1,22.11394529195226,19.489633394949937
train,cej_int_midpoint,581,2,1,22.351804896290517,19.533002235993575
train,paper_eq1,581,4,1,15.779963692586927,16.272456651888042
train,mask_pca,581,4,1,16.21401260070476,16.71857739525306
train,cej_int_midpoint,581,4,1,16.255982167917722,16.896022079625617
train,paper_eq1,585,0,1,24.00887854504486,21.73151943829432
train,mask_pca,585,0,1,24.585120419106357,22.376931231754245
train,cej_int_midpoint,585,0,1,24.538006610224837,22.910233345432104
train,paper_eq1,585,1,1,24.411321601916335,25.09170163099897
train,mask_pca,585,1,1,24.49881152766133,25.341826226455368
train,cej_int_midpoint,585,1,1,24.46857559291733,25.36379302590349
train,paper_eq1,585,2,1,33.98963911361231,33.43062406253321
train,mask_pca,585,2,1,33.7778256388849,33.41272052215288
train,cej_int_midpoint,585,2,1,33.87311273991241,33.41800180388825
train,paper_eq1,585,3,1,29.540242891060785,32.88517013670859
train,mask_pca,585,3,1,29.81395683024044,33.25924823906667
train,cej_int_midpoint,585,3,1,29.74657939332616,33.165050370850494
train,paper_eq1,585,4,1,9.075111478651058,7.62345966922419
train,mask_pca,585,4,1,9.12610351984812,7.6884756116733035
train,cej_int_midpoint,585,4,1,9.193783753990918,7.724374611368487
train,paper_eq1,588,0,1,35.087461507612296,48.8339004278893
train,mask_pca,588,0,1,35.9209744951747,49.656895998016495
train,cej_int_midpoint,588,0,1,36.02557938369323,49.706735195320526
train,paper_eq1,588,1,1,17.75266040927184,20.002747418620437
train,mask_pca,588,1,1,17.892098924449034,20.05295609643896
train,cej_int_midpoint,588,1,1,17.91253074423077,20.06572215763869
train,paper_eq1,588,2,1,12.968135089301416,14.709329694218761
train,mask_pca,588,2,1,13.212149909114054,14.982817417969974
train,cej_int_midpoint,588,2,1,13.185568991857203,14.980209094691526
train,paper_eq1,588,3,1,9.09932895290882,7.142595872308258
train,mask_pca,588,3,1,9.447990091972471,7.379157517157958
train,cej_int_midpoint,588,3,1,9.38014650440428,7.292294451608673
train,paper_eq1,589,1,1,20.232133136997703,25.705023306011178
train,mask_pca,589,1,1,20.240772192402755,26.023917040657178
train,cej_int_midpoint,589,1,1,20.277389987397125,25.89239327058167
train,paper_eq1,589,2,1,47.512166605350444,49.76955483980943
train,mask_pca,589,2,1,35.84495069098727,39.81236967911195
train,cej_int_midpoint,589,2,1,43.04854292967309,45.488124830505356
train,paper_eq1,589,3,1,21.085378153312583,23.71826279023877
train,mask_pca,589,3,1,21.364940612723444,23.99401393960637
train,cej_int_midpoint,589,3,1,20.556375159082556,24.0033662102035
train,paper_eq1,59,0,0,39.214788648838024,24.17124395496214
train,paper_eq1,59,0,1,59.58842923239419,63.66769770922628
train,mask_pca,59,0,0,40.14498972101264,25.07679182463565
train,mask_pca,59,0,1,59.470592328828346,64.13566783550709
train,cej_int_midpoint,59,0,0,40.34224094348005,25.254106343189292
train,cej_int_midpoint,59,0,1,59.533410689348166,63.921945724139064
train,paper_eq1,59,1,1,67.60885205520833,61.810758431458126
train,mask_pca,59,1,1,68.6563523789049,62.48055118835008
train,cej_int_midpoint,59,1,1,68.56150612263878,62.29750200834172
train,paper_eq1,59,2,1,38.31649273039916,32.809536848851906
train,mask_pca,59,2,1,38.153729015922906,31.961915973750322
train,cej_int_midpoint,59,2,1,38.19934504954474,32.24386087592528
train,paper_eq1,592,0,0,33.16839010508269,32.57933091415378
train,mask_pca,592,0,0,33.10851130497055,32.507367582784966
train,mask_pca,592,0,1,100.0,39.39403552118078
train,cej_int_midpoint,592,0,0,33.03594445645324,31.764734901405305
train,cej_int_midpoint,592,0,1,100.0,83.72004332958677
train,paper_eq1,592,1,1,22.613407475289343,24.555722726421653
train,mask_pca,592,1,1,22.64472552524441,24.722040446323305
train,cej_int_midpoint,592,1,1,22.582583030684834,24.62511458903246
train,paper_eq1,592,2,1,18.09643677820784,18.641773018778814
train,mask_pca,592,2,1,18.43390402411799,18.91057552543456
train,cej_int_midpoint,592,2,1,18.46817040266913,18.952340829423342
train,paper_eq1,593,0,1,34.54350281786048,32.400462278119456
train,mask_pca,593,0,1,35.82358535053171,33.45865577927829
train,cej_int_midpoint,593,0,1,36.04756743348479,34.15152310390108
train,paper_eq1,593,1,1,45.70815776532937,43.34214923676666
train,mask_pca,593,1,1,46.97928195328068,44.19256801339696
train,cej_int_midpoint,593,1,1,44.54457342717625,44.10007699669162
train,paper_eq1,593,3,1,7.254217158954355,14.766602997375497
train,mask_pca,593,3,1,7.118519514441607,17.810734877763487
train,cej_int_midpoint,593,3,1,14.064839006634275,17.670841331679217
train,paper_eq1,596,0,1,10.582885292063942,94.68098948574529
train,mask_pca,596,0,1,11.925827965704853,9.787018992387232
train,cej_int_midpoint,596,0,1,12.185441472171405,63.55408736344721
train,paper_eq1,596,1,1,14.949296405818451,14.533502324787229
train,mask_pca,596,1,1,14.909464469844009,14.71490233710917
train,cej_int_midpoint,596,1,1,15.130491294159413,14.825478029568531
train,paper_eq1,596,3,1,3.2095799407077545,5.0503164348419265
train,mask_pca,596,3,1,3.8842044302286176,5.96996423145462
train,cej_int_midpoint,596,3,1,5.2792904653037125,9.158051161337582
train,paper_eq1,598,0,1,9.079526851505861,8.356663892874712
train,mask_pca,598,0,1,8.989087720096588,8.330510679821458
train,cej_int_midpoint,598,0,1,8.985024787211474,8.3350206272384
train,paper_eq1,599,0,1,19.35228388137063,21.215767540899996
train,mask_pca,599,0,1,20.242341796004673,22.25231741150229
train,cej_int_midpoint,599,0,1,20.48075538148778,22.58996465449092
train,paper_eq1,599,1,1,40.46998546738465,38.46541430576866
train,mask_pca,599,1,1,34.714390433349166,33.42566189504639
train,cej_int_midpoint,599,1,1,53.235019939938056,52.137530711294346
train,paper_eq1,60,1,0,10.821112273663783,2.8764754955383514
train,paper_eq1,60,1,1,12.666105925031257,92.29954140995302
train,mask_pca,60,1,0,8.61292874999013,2.7482804046421263
train,mask_pca,60,1,1,12.540444924175043,15.839144959838336
train,cej_int_midpoint,60,1,0,8.421864137612163,1.5901332097553147
train,cej_int_midpoint,60,1,1,12.568139461497893,84.68163542303354
train,paper_eq1,60,2,1,16.173869578971182,10.82908898415616
train,mask_pca,60,2,1,16.390108750157754,11.122739440335794
train,cej_int_midpoint,60,2,1,16.440562955544696,11.176436057534445
train,paper_eq1,60,3,1,14.636656794966957,13.066576865327045
train,mask_pca,60,3,1,14.51941937232717,13.736954960022526
train,cej_int_midpoint,60,3,1,14.551162249686604,13.622738905187088
train,paper_eq1,60,4,1,19.06902667301882,17.852365260149195
train,mask_pca,60,4,1,19.478942755022697,18.380083021170197
train,cej_int_midpoint,60,4,1,19.35210757208227,17.974832757198943
train,paper_eq1,604,0,1,11.160104936231113,10.53184558346489
train,mask_pca,604,0,1,11.074141188275616,10.736851681829314
train,cej_int_midpoint,604,0,1,11.479297823709777,10.793142705384295
train,paper_eq1,604,1,1,19.358933116270595,16.92362460614892
train,mask_pca,604,1,1,19.586350983124543,17.355959127873387
train,cej_int_midpoint,604,1,1,19.612669129071875,17.478701467153396
train,paper_eq1,604,2,1,20.148465974842036,20.331706013000684
train,mask_pca,604,2,1,19.942999381875026,20.2609371122745
train,cej_int_midpoint,604,2,1,20.00945234901025,20.28694406284
train,paper_eq1,604,3,1,6.189856751896397,7.9628972218265535
train,mask_pca,604,3,1,6.15237728944253,7.998143723915149
train,cej_int_midpoint,604,3,1,6.200579139052316,7.972990878962135
train,paper_eq1,606,1,1,10.596020881353919,11.57417713818042
train,mask_pca,606,1,1,10.478018382183228,11.52409174932722
train,cej_int_midpoint,606,1,1,10.535554741095574,11.540674555850115
train,paper_eq1,606,2,1,13.553673252865615,16.6152828699953
train,mask_pca,606,2,1,13.598623123721202,16.683591478265285
train,cej_int_midpoint,606,2,1,13.58255767828387,16.649946826059978
train,paper_eq1,606,3,1,11.4235393159313,13.415290975540554
train,mask_pca,606,3,1,11.286485640495512,13.583744607477211
train,cej_int_midpoint,606,3,1,11.357664989221803,13.578336438940866
train,paper_eq1,607,0,0,3.490822338288544,6.568143552301958
train,paper_eq1,607,0,1,17.790119213323205,14.467913468385763
train,mask_pca,607,0,0,4.099155174221353,6.973537503467657
train,mask_pca,607,0,1,17.71377697520517,14.733886325233517
train,cej_int_midpoint,607,0,0,4.719394852373,7.046435344420374
train,cej_int_midpoint,607,0,1,17.806391306369225,14.668410694860976
train,mask_pca,607,1,1,6.364681333223757,1.8091717867482304
train,paper_eq1,607,2,1,5.4722419901444,6.682873595244981
train,mask_pca,607,2,1,5.511189704216564,6.770540014276778
train,cej_int_midpoint,607,2,1,5.5113673186731855,6.782771062802014
train,paper_eq1,608,0,1,19.5130018571994,20.608627227515296
train,mask_pca,608,0,1,19.511131129627213,20.588128992210525
train,cej_int_midpoint,608,0,1,19.51279819954298,20.603324673074294
train,paper_eq1,608,1,1,22.758528380995838,22.242464272648256
train,mask_pca,608,1,1,22.75558356425922,22.31302922183348
train,cej_int_midpoint,608,1,1,22.75653491707445,22.29924474765924
train,paper_eq1,612,0,1,76.67478580303663,76.85537931701037
train,mask_pca,612,0,1,77.04173109931544,77.23727232420434
train,cej_int_midpoint,612,0,1,77.01298321079265,77.25053447123018
train,paper_eq1,612,1,1,28.16179576885174,30.96305887998917
train,mask_pca,612,1,1,28.293247331192152,31.20543486720322
train,cej_int_midpoint,612,1,1,28.249178049217015,31.125683683331733
train,paper_eq1,614,0,1,49.35525074533378,48.089540856707906
train,mask_pca,614,0,1,24.001690261088196,24.551487472754758
train,cej_int_midpoint,614,0,1,36.47759731116544,36.30220634918742
train,paper_eq1,614,1,1,22.10561022465118,25.551530453799508
train,mask_pca,614,1,1,22.65012796342859,26.025720260770374
train,cej_int_midpoint,614,1,1,19.684750748951366,26.30676774454622
train,paper_eq1,615,0,1,22.96791460498818,25.105134885954
train,mask_pca,615,0,1,23.800580176213227,25.881384169700766
train,cej_int_midpoint,615,0,1,24.238723307913226,26.065508354570614
train,paper_eq1,615,1,1,33.06132555296103,33.750819166080106
train,mask_pca,615,1,1,33.560551561567955,34.13606962339251
train,cej_int_midpoint,615,1,1,33.479668840002006,34.12995313891147
train,paper_eq1,615,2,1,26.699837343274197,35.02508815080131
train,mask_pca,615,2,1,27.087979084746554,35.47478565097082
train,cej_int_midpoint,615,2,1,27.157532178939604,35.46152517139371
train,paper_eq1,615,3,1,19.8911555503686,13.29333994733743
train,mask_pca,615,3,1,19.938163325336415,13.512657812371856
train,cej_int_midpoint,615,3,1,19.902874160518632,13.576455392014228
train,paper_eq1,615,4,1,9.606995471211109,10.406202842472496
train,mask_pca,615,4,1,9.885193410432791,10.707460685343232
train,cej_int_midpoint,615,4,1,10.511400761154581,12.116167497253981
train,paper_eq1,619,2,0,11.975277058141936,13.446989312857868
train,paper_eq1,619,2,1,7.483937082725052,8.914886066831244
train,mask_pca,619,2,0,11.978225865647204,13.451595078567893
train,mask_pca,619,2,1,7.578329493648109,9.131086205329076
train,cej_int_midpoint,619,2,0,11.976741146633577,13.365879304319225
train,cej_int_midpoint,619,2,1,7.644075752383903,9.192785490654702
train,paper_eq1,619,3,1,1.02607507263342,5.892279335429229
train,mask_pca,619,3,1,1.175842239016287,5.900928269619294
train,cej_int_midpoint,619,3,1,1.3161870641257483,5.8998215716321685
train,paper_eq1,620,0,1,22.41053933633029,21.498722058921203
train,mask_pca,620,0,1,23.96789225758397,22.23165803617328
train,cej_int_midpoint,620,0,1,24.092959310366286,22.164582780923954
train,paper_eq1,620,1,1,25.407717671645475,26.904165725742896
train,mask_pca,620,1,1,25.714261339612044,27.16605149526592
train,cej_int_midpoint,620,1,1,25.689377573130972,27.097105801502096
train,paper_eq1,620,2,1,5.717757900287487,7.0053162145072
train,mask_pca,620,2,1,5.980968293849308,6.70108454562227
train,cej_int_midpoint,620,2,1,5.918649161561438,6.912229466223869
train,paper_eq1,620,3,1,9.862164345425057,9.946199260147871
train,mask_pca,620,3,1,10.385619817088658,10.262264369368648
train,cej_int_midpoint,620,3,1,10.39567177311539,10.430031840491026
train,paper_eq1,621,0,1,44.40159337611059,40.91242091175571
train,mask_pca,621,0,1,45.087203234429076,41.463513799744476
train,cej_int_midpoint,621,0,1,45.0382255835256,41.429451238581535
train,paper_eq1,621,1,1,46.62755038099952,47.87079644247109
train,mask_pca,621,1,1,47.769951445769834,48.62844850622672
train,cej_int_midpoint,621,1,1,47.91902719459703,48.601444672734914
train,paper_eq1,623,1,0,9.88521968725957,13.193207882776525
train,paper_eq1,623,1,1,4.655100409985348,0.16167087055211138
train,mask_pca,623,1,0,9.503868063508873,12.971970828167494
train,mask_pca,623,1,1,4.799466371870289,0.22861754290128242
train,cej_int_midpoint,623,1,0,10.908806917232852,13.264270193314772
train,cej_int_midpoint,623,1,1,5.791664541267229,0.3493543986315885
train,paper_eq1,623,2,0,1.5511437389193004,3.1325272612911257
train,paper_eq1,623,2,1,6.085039163002823,10.573249394584817
train,mask_pca,623,2,0,1.5929934925057474,2.901720388662717
train,mask_pca,623,2,1,6.095338796357926,10.588010555600968
train,cej_int_midpoint,623,2,0,1.5867587993523078,3.0598660575093617
train,cej_int_midpoint,623,2,1,6.106512240479882,10.84297997695506
train,paper_eq1,623,3,1,6.378590217228362,11.975650584164816
train,mask_pca,623,3,1,6.422995361830624,12.372932996909558
train,cej_int_midpoint,623,3,1,6.4163389624805225,12.501850953265576
train,paper_eq1,623,4,1,7.939095218809446,7.618209732342302
train,mask_pca,623,4,1,7.952097769107307,7.6200442597918565
train,cej_int_midpoint,623,4,1,7.984246893198091,7.618902082095214
train,paper_eq1,625,0,1,6.085069398545856,9.900035094986821
train,mask_pca,625,0,1,5.921086871072548,9.835200085114696
train,cej_int_midpoint,625,0,1,6.034534230726284,9.888160569172623
train,paper_eq1,625,1,1,0.4125245068024322,2.7311688599206065
train,mask_pca,625,1,1,0.5186094070281423,2.7621450732443
train,cej_int_midpoint,625,1,1,0.829854593413431,2.7685533580437895
train,paper_eq1,625,3,1,10.93454917875874,12.868663234930306
train,mask_pca,625,3,1,11.724952118297823,13.835655585023316
train,cej_int_midpoint,625,3,1,12.935021953805109,15.218333455493779
train,paper_eq1,627,0,1,17.762830608151834,18.343250770189464
train,mask_pca,627,0,1,18.386842525189643,19.10225811056591
train,cej_int_midpoint,627,0,1,18.38868253955466,19.11461175983188
train,paper_eq1,627,1,1,18.455882235937345,17.267061093756357
train,mask_pca,627,1,1,19.268922957173615,17.697292774118573
train,cej_int_midpoint,627,1,1,19.261938131772123,17.575941028018583
train,paper_eq1,629,0,1,4.697151629087548,6.046699803741158
train,mask_pca,629,0,1,4.79441212077434,6.041764904795414
train,cej_int_midpoint,629,0,1,4.9263289945312145,6.043777786304583
train,paper_eq1,629,1,1,9.892975019104073,11.24590449452302
train,mask_pca,629,1,1,10.02886076985984,11.352114486623803
train,cej_int_midpoint,629,1,1,10.087684253575345,11.37775711231487
train,paper_eq1,629,3,1,4.201320654172406,5.719988278385592
train,mask_pca,629,3,1,4.517662804988688,5.992777626806202
train,cej_int_midpoint,629,3,1,5.0000839043206975,6.078754963449795
train,paper_eq1,63,0,1,23.746213314401448,17.472734074745823
train,mask_pca,63,0,1,24.54815932156564,17.878132279059518
train,cej_int_midpoint,63,0,1,24.542742831479725,17.97397737259916
train,paper_eq1,63,1,1,28.168611071822742,26.0752705003464
train,mask_pca,63,1,1,28.73431777581601,26.645114363374944
train,cej_int_midpoint,63,1,1,28.826058969323686,26.738294784142553
train,paper_eq1,63,2,1,9.977265833176425,10.463197601511185
train,mask_pca,63,2,1,10.61116986113575,11.047070281305341
train,cej_int_midpoint,63,2,1,10.747720736533925,11.221977634430232
train,paper_eq1,63,3,1,37.71609462397274,37.035386706118935
train,mask_pca,63,3,1,39.17765375535978,37.73265712967115
train,cej_int_midpoint,63,3,1,39.094596480615245,37.65000549374366
train,paper_eq1,631,1,0,9.854346682076669,11.179948315730364
train,paper_eq1,631,1,1,10.056795332110056,11.068399324875514
train,mask_pca,631,1,0,9.75896982263607,11.045487003049207
train,mask_pca,631,1,1,10.238951534731926,11.399681264605988
train,cej_int_midpoint,631,1,0,9.804671830140563,11.14343123722008
train,cej_int_midpoint,631,1,1,10.34687840774767,11.729036400235536
train,paper_eq1,635,1,1,30.846172383648824,32.70500245457877
train,mask_pca,635,1,1,31.84614080566301,33.6270026433925
train,cej_int_midpoint,635,1,1,31.85988530614151,33.62246163857918
train,paper_eq1,635,2,1,29.17240150221472,31.896519612752673
train,mask_pca,635,2,1,30.44655812616657,33.43117037139072
train,cej_int_midpoint,635,2,1,30.302945877246636,33.30585958807888
train,paper_eq1,635,3,1,3.2796813143741574,4.077713183799471
train,mask_pca,635,3,1,3.472895793860023,3.651399190359588
train,cej_int_midpoint,635,3,1,3.3426113490116904,4.321789714929749
train,paper_eq1,636,0,1,16.88581627501627,16.2821066116295
train,mask_pca,636,0,1,16.950270064522737,16.323129109030337
train,cej_int_midpoint,636,0,1,16.991482975519997,16.343262416307507
train,paper_eq1,636,1,1,17.259207556578488,16.92064176777109
train,mask_pca,636,1,1,17.3285759720714,16.93550601518378
train,cej_int_midpoint,636,1,1,17.350019553069675,16.931191401380737
train,paper_eq1,636,2,1,67.91382965981153,70.31862045976153
train,mask_pca,636,2,1,57.27422259518875,59.62618238411919
train,cej_int_midpoint,636,2,1,70.95198120315882,73.95947342450975
train,paper_eq1,637,0,1,61.96256067399748,60.83905102032541
train,mask_pca,637,0,1,62.73826018835585,61.56373812437733
train,cej_int_midpoint,637,0,1,62.58730500438416,61.41130107865164
train,paper_eq1,637,1,1,46.18421132167032,50.69108196451717
train,mask_pca,637,1,1,47.610886804333994,53.38653902117938
train,cej_int_midpoint,637,1,1,47.59253196965289,53.36639524200562
train,paper_eq1,637,2,1,56.615466321891915,43.61573285242898
train,mask_pca,637,2,1,57.32621289594668,49.01137144687471
train,cej_int_midpoint,637,2,1,57.863303686093914,49.63036672233172
train,paper_eq1,637,4,1,32.923070559841044,31.76012257381299
train,mask_pca,637,4,1,34.82305052269208,35.15749880463922
train,cej_int_midpoint,637,4,1,35.28197011927768,35.850322482520156
train,paper_eq1,638,0,1,74.63675514176762,11.496354282670437
train,mask_pca,638,0,1,12.968547410222486,11.691362095465733
train,cej_int_midpoint,638,0,1,63.67326911653096,11.64347495541597
train,paper_eq1,638,1,1,11.843053948671251,9.27980978890865
train,mask_pca,638,1,1,12.01344648314999,9.496185086003099
train,cej_int_midpoint,638,1,1,11.982550256776939,9.459751753830043
train,paper_eq1,638,2,1,4.046942444231077,3.198538095048463
train,mask_pca,638,2,1,3.706521922886986,2.198705027113259
train,cej_int_midpoint,638,2,1,4.3839496914042435,6.12702567981255
train,paper_eq1,639,0,1,31.466770857373476,32.57525356313779
train,mask_pca,639,0,1,32.84833717523764,33.91293669938344
train,cej_int_midpoint,639,0,1,32.768444875603294,33.85093999882123
train,paper_eq1,639,1,1,42.129485900541354,45.170674461682324
train,mask_pca,639,1,1,43.32043370962911,47.48730822752209
train,cej_int_midpoint,639,1,1,43.41924807081911,47.640167565793554
train,paper_eq1,639,2,1,40.79595281434473,39.011754118250956
train,mask_pca,639,2,1,41.0621393013583,39.3183095603214
train,cej_int_midpoint,639,2,1,41.385960846999076,39.5754364141955
train,paper_eq1,640,1,1,23.38972505909072,26.3565817318508
train,mask_pca,640,1,1,24.887498990431727,28.179858295342136
train,cej_int_midpoint,640,1,1,23.917052546468796,27.43264882567036
train,paper_eq1,640,2,0,20.587235947399556,15.911996330065282
train,mask_pca,640,2,0,22.009195380581584,17.687779825224094
train,cej_int_midpoint,640,2,0,37.532974253385206,20.05443687952337
train,paper_eq1,640,3,1,9.372989081940469,7.451292680707458
train,mask_pca,640,3,1,9.133563821144158,6.972796250452565
train,cej_int_midpoint,640,3,1,9.2692877583006,7.202407276970202
train,paper_eq1,640,4,1,3.803388494909631,7.164023003589034
train,mask_pca,640,4,1,3.8795512885140466,7.377861461543045
train,cej_int_midpoint,640,4,1,3.928857793698686,7.3976755347611345
train,paper_eq1,645,0,1,21.17615432272929,24.739466164564533
train,mask_pca,645,0,1,21.506822039417486,25.084040679814663
train,cej_int_midpoint,645,0,1,21.595893188436232,25.102339551811397
train,paper_eq1,645,1,1,43.14799807005037,40.995226171793455
train,mask_pca,645,1,1,44.04516350330782,41.61512221428795
train,cej_int_midpoint,645,1,1,44.17503922250208,41.648045582749354
train,paper_eq1,645,2,1,35.86871174572619,37.96138704401108
train,mask_pca,645,2,1,38.630175996011914,41.44508071020245
train,cej_int_midpoint,645,2,1,39.39418105085662,41.88579504616628
train,paper_eq1,646,0,0,3.202773483638066,10.234924201411829
train,paper_eq1,646,0,1,15.553167101763357,12.98811475787843
train,mask_pca,646,0,0,3.2470094028503294,10.08839297607472
train,mask_pca,646,0,1,15.89119293604379,13.553856650224066
train,cej_int_midpoint,646,0,0,3.2922177815221976,10.155561354431907
train,cej_int_midpoint,646,0,1,15.727093232051526,13.685155524899079
train,paper_eq1,646,1,0,14.514442578610495,11.881690736295287
train,paper_eq1,646,1,1,24.001376976792834,21.834051882961536
train,mask_pca,646,1,0,15.545740944208426,12.799085248645262
train,mask_pca,646,1,1,23.464110658520784,21.47890879026367
train,cej_int_midpoint,646,1,0,16.28181100704546,13.482271685198171
train,cej_int_midpoint,646,1,1,24.00067625714552,21.83329314882904
train,paper_eq1,647,0,1,52.001775639097445,51.89074948455439
train,mask_pca,647,0,1,52.667302385881435,52.14715058780688
train,cej_int_midpoint,647,0,1,52.685010925491284,52.13393704920408
train,paper_eq1,647,1,1,70.87542642413244,76.70652496569923
train,mask_pca,647,1,1,71.0792972052095,76.90190078573373
train,cej_int_midpoint,647,1,1,71.17396901502579,76.92673012362916
train,paper_eq1,647,2,1,40.567068948498665,41.74891157076427
train,mask_pca,647,2,1,41.77298554537585,43.3915579600097
train,cej_int_midpoint,647,2,1,41.62017734715868,43.413506236608285
train,paper_eq1,647,3,1,36.77264053498198,34.64173682928342
train,mask_pca,647,3,1,36.899067866192745,34.854599273786626
train,cej_int_midpoint,647,3,1,36.96682449535873,33.74405416619995
train,paper_eq1,649,0,1,17.856738402618653,15.491502691075738
train,mask_pca,649,0,1,18.09258172557932,15.599471264162018
train,cej_int_midpoint,649,0,1,18.06517538304013,15.57382287381499
train,paper_eq1,649,1,1,12.654727615223466,12.768644817478577
train,mask_pca,649,1,1,12.567352954331652,12.72806857154573
train,cej_int_midpoint,649,1,1,12.742935404178175,12.773956122979763
train,paper_eq1,649,3,1,16.925606105381693,20.36017806747147
train,mask_pca,649,3,1,16.902669462764933,20.351019901362164
train,cej_int_midpoint,649,3,1,16.963884875245615,20.388512654519985
train,paper_eq1,650,0,1,10.322071790447758,12.332712461732314
train,mask_pca,650,0,1,10.519547136237277,12.397152872719605
train,cej_int_midpoint,650,0,1,10.586933413842345,12.391364156778538
train,paper_eq1,650,3,1,14.312300481666556,12.622794684404553
train,mask_pca,650,3,1,14.585095651134534,12.883922790263078
train,cej_int_midpoint,650,3,1,14.620631548968866,12.910892981722883
train,paper_eq1,651,0,1,20.454583584041703,20.182556413135746
train,mask_pca,651,0,1,20.95439520135493,20.448893565810312
train,cej_int_midpoint,651,0,1,20.781992547907276,20.37658561293362
train,paper_eq1,651,1,1,47.816539191346244,45.9819575228285
train,mask_pca,651,1,1,48.83536908928946,46.79401812494491
train,cej_int_midpoint,651,1,1,48.785067516283085,46.832536357510676
train,paper_eq1,652,1,1,11.415993810709852,10.056435320507012
train,mask_pca,652,1,1,11.512579429773135,10.280490488214825
train,cej_int_midpoint,652,1,1,11.513726489257905,10.314523785612522
train,paper_eq1,652,2,1,17.606887262362985,15.475113178346374
train,mask_pca,652,2,1,17.795558914871958,15.692797264269768
train,cej_int_midpoint,652,2,1,17.785329026984137,15.725003622712633
train,paper_eq1,654,0,1,9.867045876882289,12.521526218499856
train,mask_pca,654,0,1,10.003060096696293,12.721619688467326
train,cej_int_midpoint,654,0,1,13.018111392998117,12.690282179071183
train,paper_eq1,654,1,1,20.24455400334025,20.29660177896993
train,mask_pca,654,1,1,20.94646124308486,20.819245316276945
train,cej_int_midpoint,654,1,1,21.065620995777934,20.72048948084469
train,paper_eq1,654,2,1,7.257331278839761,5.179698407649155
train,mask_pca,654,2,1,7.2055147291782875,5.289700353943838
train,cej_int_midpoint,654,2,1,7.276256984470715,5.3357222050370625
train,paper_eq1,658,0,1,18.097149056483204,20.964012952151183
train,mask_pca,658,0,1,18.10037510921032,21.0096267320403
train,cej_int_midpoint,658,0,1,18.108496276360796,21.085617460705926
train,paper_eq1,658,1,1,19.86225710214038,19.51632812415278
train,mask_pca,658,1,1,20.372483992154187,20.091818006482384
train,cej_int_midpoint,658,1,1,20.530348622251804,20.117637064563844
train,paper_eq1,658,3,1,28.05984242306624,28.070840641503153
train,mask_pca,658,3,1,30.37776273196614,29.856852916075578
train,cej_int_midpoint,658,3,1,30.61638122587459,29.69445285679394
train,paper_eq1,659,0,1,19.49074920091208,55.16091523792597
train,mask_pca,659,0,1,14.994473014709412,17.653532694576725
train,cej_int_midpoint,659,0,1,44.37534154623253,43.92168837783867
train,mask_pca,659,1,1,7.449193978213694,1.5038188210322847
train,paper_eq1,659,4,1,9.204025071067862,8.779921854455191
train,mask_pca,659,4,1,9.197804832922804,8.77275475161962
train,cej_int_midpoint,659,4,1,9.281954139634683,8.547158827135934
train,paper_eq1,661,0,1,15.07020944115392,14.312776687479495
train,mask_pca,661,0,1,15.453186471975904,14.964174796618174
train,cej_int_midpoint,661,0,1,15.54572489409694,15.237112067643945
train,paper_eq1,661,1,1,18.241856465440172,16.28984446886758
train,mask_pca,661,1,1,18.508697969851287,16.719110740107936
train,cej_int_midpoint,661,1,1,18.545132220033718,16.93744392058895
train,paper_eq1,661,2,1,29.797756355667097,24.06826817341715
train,mask_pca,661,2,1,30.20800065593443,24.73630020352506
train,cej_int_midpoint,661,2,1,30.332464071728914,24.961603347200846
train,paper_eq1,661,3,1,25.037127062115733,23.823091590131444
train,mask_pca,661,3,1,30.53577470717796,27.577172786898927
train,cej_int_midpoint,661,3,1,40.79246478228882,39.87626442756023
train,paper_eq1,662,0,1,20.25591599787878,25.91802275782727
train,mask_pca,662,0,1,20.288207186913574,25.94997781751501
train,cej_int_midpoint,662,0,1,20.507403252871555,25.944335834307907
train,paper_eq1,662,1,1,75.87484589557164,20.60846547853893
train,mask_pca,662,1,1,78.5912929832271,61.736301930182194
train,cej_int_midpoint,662,1,1,80.29587512067081,80.64663095356256
train,paper_eq1,662,2,1,62.10236777666519,67.13043607178967
train,mask_pca,662,2,1,62.16563381462078,67.12487768760946
train,cej_int_midpoint,662,2,1,62.235234410465054,67.1162086712135
train,paper_eq1,662,3,1,51.46908797693478,14.237431902271492
train,mask_pca,662,3,1,48.850377015190396,14.38778202426423
train,cej_int_midpoint,662,3,1,53.35611012290605,14.421611960334404
train,paper_eq1,662,4,1,64.44352924067998,61.4539428895019
train,mask_pca,662,4,1,65.2194460127888,61.80667034285252
train,cej_int_midpoint,662,4,1,64.87183815015256,61.461726339381514
train,paper_eq1,665,0,1,55.97320103278821,53.93641573271927
train,mask_pca,665,0,1,56.222142348899865,54.13247508975616
train,cej_int_midpoint,665,0,1,56.15645888461312,54.08294574040009
train,paper_eq1,665,1,1,80.6261755293527,76.22979120001003
train,mask_pca,665,1,1,74.88191186001357,70.11206178527844
train,cej_int_midpoint,665,1,1,78.6883658712947,73.9783269463211
train,paper_eq1,665,2,1,24.107311533499708,12.449372931704904
train,mask_pca,665,2,1,80.7300849189792,81.34621495418884
train,cej_int_midpoint,665,2,1,66.76528985070082,89.40859517307393
train,paper_eq1,667,2,1,16.3157458492759,21.65920724643061
train,mask_pca,667,2,1,26.61971618248279,22.90561295153278
train,cej_int_midpoint,667,2,1,48.98744529790589,23.119770906340367
train,paper_eq1,667,3,1,34.09674089927003,32.97845521273357
train,mask_pca,667,3,1,34.61590605936449,33.49401390088321
train,cej_int_midpoint,667,3,1,34.39519488288041,33.62859071703435
train,paper_eq1,667,4,1,63.40844015684165,64.9647430413178
train,mask_pca,667,4,1,65.12959220821561,66.49462142941755
train,cej_int_midpoint,667,4,1,64.16071104679509,65.55211991449724
train,paper_eq1,669,1,1,4.0193134908940715,9.002790113945503
train,mask_pca,669,1,1,4.082114199909327,9.23226289836035
train,cej_int_midpoint,669,1,1,4.132440142802838,9.243106337848316
train,paper_eq1,67,0,1,34.797483693277,68.2358307664992
train,mask_pca,67,0,1,39.22989227797071,40.8074226160814
train,cej_int_midpoint,67,0,1,40.34049649623274,57.34782198638915
train,paper_eq1,67,1,1,82.39448133108891,100.0
train,mask_pca,67,1,1,36.82446331240888,37.04538503180695
train,cej_int_midpoint,67,1,1,61.62874162173044,69.07944601475253
train,paper_eq1,67,2,1,61.26685900784557,58.25639406665264
train,mask_pca,67,2,1,62.390759425787635,59.348455620216576
train,cej_int_midpoint,67,2,1,62.28190835840657,59.283307506412186
train,paper_eq1,670,0,1,26.046442256961587,26.226549913303916
train,mask_pca,670,0,1,27.098360955440963,27.042536100094118
train,cej_int_midpoint,670,0,1,31.243357510518017,27.273670561999758
train,paper_eq1,670,1,1,47.908902600297395,46.92039690759324
train,mask_pca,670,1,1,48.78895842071931,47.51047339190846
train,cej_int_midpoint,670,1,1,48.89554479939585,47.56700243154705
train,paper_eq1,670,2,1,34.512760822591225,34.88414080645755
train,mask_pca,670,2,1,34.457910918406554,34.810299277505095
train,cej_int_midpoint,670,2,1,34.476131593539534,34.844291411592735
train,paper_eq1,671,0,1,10.466968129318568,15.13584394595905
train,mask_pca,671,0,1,10.724133107257735,15.315181130076766
train,cej_int_midpoint,671,0,1,10.66057928136971,15.213351856902404
train,paper_eq1,671,1,1,95.39537598707545,8.064918626126236
train,mask_pca,671,1,1,7.38713047421604,8.488890860666771
train,cej_int_midpoint,671,1,1,64.09726323092768,8.756408077776406
train,paper_eq1,671,2,1,4.519284995226125,11.089605843331164
train,mask_pca,671,2,1,4.904971634297887,11.565482800080217
train,paper_eq1,673,0,0,11.53664487907666,9.823398604680444
train,paper_eq1,673,0,1,9.46341549612926,9.474910399655844
train,mask_pca,673,0,0,11.615963882474665,9.90069446100248
train,mask_pca,673,0,1,9.506251066410334,9.820490961948488
train,cej_int_midpoint,673,0,0,11.591339280418055,9.871856939383449
train,cej_int_midpoint,673,0,1,9.530722642774363,9.943024564297136
train,paper_eq1,673,1,1,8.933573572428095,10.83300839950258
train,mask_pca,673,1,1,8.995751356187471,10.8264475260257
train,cej_int_midpoint,673,1,1,7.687332808218065,10.849718524400771
train,paper_eq1,673,2,0,19.189754789522908,17.931535012240158
train,paper_eq1,673,2,1,12.05120175110452,11.353113206640078
train,mask_pca,673,2,0,19.186185027344866,18.325726409523078
train,mask_pca,673,2,1,12.876587989140354,11.939107747454306
train,cej_int_midpoint,673,2,0,19.188041804201347,18.18331875990639
train,cej_int_midpoint,673,2,1,13.335487048774267,12.168002697100942
train,paper_eq1,674,0,1,4.129413460030187,3.517626544790936
train,mask_pca,674,0,1,4.117846406076953,3.330078971266512
train,cej_int_midpoint,674,0,1,4.121603617200566,3.405809225894554
train,paper_eq1,674,1,0,2.1918110929833414,7.285417764372518
train,paper_eq1,674,1,1,9.886178716400055,11.777617813922326
train,mask_pca,674,1,0,2.2156081817358033,7.270432991474111
train,mask_pca,674,1,1,9.96437244344477,12.092508152546907
train,cej_int_midpoint,674,1,0,2.238367800468874,7.277609997508117
train,cej_int_midpoint,674,1,1,9.915851638034766,12.243449074813256
train,mask_pca,678,1,1,4.6722833399538946,5.904294514104761
train,paper_eq1,678,2,1,12.469525570349628,13.521591686564479
train,mask_pca,678,2,1,13.194170566392893,14.552734244341345
train,cej_int_midpoint,678,2,1,41.99862288070921,13.767382758960562
train,paper_eq1,679,0,1,3.25852844602884,7.606257508414191
train,mask_pca,679,0,1,3.4087801913507687,7.871576496025106
train,cej_int_midpoint,679,0,1,3.5291656519161205,7.981146337374459
train,paper_eq1,679,1,1,16.57193035540007,17.221535012574225
train,mask_pca,679,1,1,16.689015003567818,17.340330231041158
train,cej_int_midpoint,679,1,1,16.69733422429667,17.260651593111433
train,paper_eq1,679,2,1,0.4783422535220185,11.244120657372653
train,mask_pca,679,2,1,0.06463296982691702,7.791585810087
train,paper_eq1,680,1,1,4.33319918968115,5.4733494670431755
train,mask_pca,680,1,1,4.266386668630294,5.428283598679724
train,cej_int_midpoint,680,1,1,4.343548305019906,5.483940090607233
train,paper_eq1,680,2,1,1.6931088698934407,1.7067102175758366
train,mask_pca,680,2,1,1.7673356510583864,1.7166704466229248
train,cej_int_midpoint,680,2,1,1.7997550618417877,1.7135287226331861
train,paper_eq1,680,3,0,2.729146332160276,1.0581364036194691
train,paper_eq1,680,3,1,4.932261736947964,3.748167475913516
train,mask_pca,680,3,0,2.8797894732731812,1.1761769486981548
train,mask_pca,680,3,1,4.792373610386743,3.1257711971464945
train,cej_int_midpoint,680,3,0,1.854228528063999,5.494401769652833
train,cej_int_midpoint,680,3,1,2.5519239575203256,7.446604688136631
train,paper_eq1,680,4,1,2.21995218236588,2.8950605216700733
train,mask_pca,680,4,1,2.2261198603075427,3.7993285724140833
train,cej_int_midpoint,680,4,1,2.2322629587712233,3.685915419741664
train,paper_eq1,685,0,1,11.137234863693275,11.477829664474237
train,mask_pca,685,0,1,11.07798546757245,11.44891168656392
train,cej_int_midpoint,685,0,1,11.427215969696423,11.738621709397929
train,paper_eq1,685,1,0,6.5249797366901685,9.095572576084097
train,mask_pca,685,1,0,7.142508488890599,9.419705532657842
train,mask_pca,685,1,1,4.717413654056559,6.021167906897589
train,paper_eq1,689,0,1,8.364589070303436,8.141727133576367
train,mask_pca,689,0,1,8.360802898973771,8.151947835054782
train,cej_int_midpoint,689,0,1,8.36160710262559,8.147799183824416
train,paper_eq1,689,1,0,8.34506892416354,4.426120585827097
train,paper_eq1,689,1,1,4.482399042598435,2.5603656841460523
train,mask_pca,689,1,0,8.361697121062107,4.520813695733642
train,mask_pca,689,1,1,4.573202024815988,2.635297847086705
train,cej_int_midpoint,689,1,0,8.349070074279313,4.517735801086383
train,cej_int_midpoint,689,1,1,4.647795216094397,2.6379200141474812
train,paper_eq1,689,2,1,38.14511711542236,5.907859366870586
train,mask_pca,689,2,1,21.444277212529812,5.980588361344525
train,cej_int_midpoint,689,2,1,85.83788983906275,6.325300182968001
train,paper_eq1,689,4,1,7.411999994562342,7.729495610755562
train,mask_pca,689,4,1,7.4144439421286235,7.7165828024917875
train,cej_int_midpoint,689,4,1,7.505379493168602,7.795930234031926
train,paper_eq1,690,0,1,2.471465276672524,1.3137232354437514
train,mask_pca,690,0,1,2.708701826526428,1.3958609224994427
train,cej_int_midpoint,690,0,1,2.9746524931049625,1.4717300981045403
train,paper_eq1,690,1,0,7.270757650633058,6.379362068738212
train,paper_eq1,690,1,1,2.264674755040808,3.2966451816573206
train,mask_pca,690,1,0,7.198510953151247,6.328979127390672
train,mask_pca,690,1,1,2.1567609556631253,3.341683534535236
train,cej_int_midpoint,690,1,0,7.385264472703337,6.390885647292468
train,cej_int_midpoint,690,1,1,2.0881980629660593,3.364342269457341
train,paper_eq1,690,2,0,3.966941021517407,3.1828755778513242
train,paper_eq1,690,2,1,10.379957964210572,7.7224965128521745
train,mask_pca,690,2,0,4.503776968744799,3.4355474770275416
train,mask_pca,690,2,1,10.757325323269455,7.985406399790085
train,cej_int_midpoint,690,2,0,4.394411373598308,3.6836648044476483
train,cej_int_midpoint,690,2,1,10.821834491642758,7.79546060104122
train,paper_eq1,692,0,1,15.434753362979142,15.408537829096225
train,mask_pca,692,0,1,18.39941103473289,17.604322773695056
train,cej_int_midpoint,692,0,1,17.875551535501433,16.471618044322526
train,paper_eq1,692,1,1,18.39181955406848,18.738956123826735
train,mask_pca,692,1,1,19.971986978108465,19.781988924920054
train,cej_int_midpoint,692,1,1,20.011674065561508,19.563267199464544
train,paper_eq1,696,1,1,20.74266239708093,14.89155641599951
train,mask_pca,696,1,1,21.251002679328188,15.234421761349157
train,cej_int_midpoint,696,1,1,21.249332238070163,15.22074761214816
train,paper_eq1,696,2,1,46.313954956377295,44.40540486022272
train,mask_pca,696,2,1,32.468267769534236,24.498661126380203
train,cej_int_midpoint,696,2,1,41.392852243950664,36.90017933775035
train,paper_eq1,696,3,1,19.584737032344297,19.837990244319705
train,mask_pca,696,3,1,19.712048639959896,20.057160840871163
train,cej_int_midpoint,696,3,1,19.65628268897589,19.987540718679135
train,paper_eq1,697,0,0,9.267632136192915,6.689530487885439
train,paper_eq1,697,0,1,3.006116156494929,2.862572102461491
train,mask_pca,697,0,0,9.791236218982117,7.087329290788821
train,mask_pca,697,0,1,3.2192791367734728,2.9221886033696958
train,cej_int_midpoint,697,0,0,10.045217477607421,7.333282325181177
train,cej_int_midpoint,697,0,1,3.131792662943294,2.8909894474701674
train,paper_eq1,697,2,1,65.56345801532277,65.6580244665409
train,mask_pca,697,2,1,65.58711483085227,65.46491802228735
train,cej_int_midpoint,697,2,1,65.63529755484768,65.51959421198059
train,paper_eq1,697,3,1,13.902950832745075,9.09735341399576
train,mask_pca,697,3,1,13.374117540735641,9.108937950615704
train,cej_int_midpoint,697,3,1,11.965897648243649,9.04347648737534
train,paper_eq1,698,0,0,6.023955684274072,8.61543305904679
train,paper_eq1,698,0,1,1.4489805883454288,4.207311604075191
train,mask_pca,698,0,0,5.624778697571959,8.580234770539992
train,mask_pca,698,0,1,2.1749071215387152,3.995905324667444
train,cej_int_midpoint,698,0,0,5.617845952069268,8.590484723649764
train,cej_int_midpoint,698,0,1,2.1551163620973957,3.8794937108344163
train,paper_eq1,698,1,1,6.634568180113345,8.670857106251733
train,mask_pca,698,1,1,7.073500444962158,9.341540253883679
train,cej_int_midpoint,698,1,1,7.037092879085129,9.536676923781462
train,paper_eq1,699,0,1,15.732261391582075,15.13303234494589
train,mask_pca,699,0,1,16.140785386738518,15.96581485017888
train,cej_int_midpoint,699,0,1,16.203856561637664,20.39439506816315
train,paper_eq1,699,1,1,6.426939709486381,8.53778433511624
train,mask_pca,699,1,1,6.513198829583016,8.695334551625693
train,cej_int_midpoint,699,1,1,6.5867360998668065,8.818411120958313
train,paper_eq1,699,2,1,54.67668454458546,47.921970317136726
train,mask_pca,699,2,1,54.96160096968509,48.32336854261548
train,cej_int_midpoint,699,2,1,55.015232735930894,48.442347532830595
train,paper_eq1,699,3,1,45.302813194851495,40.92198860646806
train,mask_pca,699,3,1,45.67379873858704,41.18706108926075
train,cej_int_midpoint,699,3,1,45.61668243696069,41.18660662306025
train,paper_eq1,699,4,1,57.65772007584113,59.317712026448234
train,mask_pca,699,4,1,57.75902553347958,59.791412090816806
train,cej_int_midpoint,699,4,1,57.66674054703168,59.458348182070445
train,paper_eq1,7,1,1,32.85804473014462,37.19114196292054
train,mask_pca,7,1,1,33.045839024579045,37.47764024538512
train,cej_int_midpoint,7,1,1,33.615173409930996,37.428331779709836
train,paper_eq1,7,2,1,23.978053143606587,24.60296994216269
train,mask_pca,7,2,1,25.183709931579894,25.780143353441094
train,cej_int_midpoint,7,2,1,25.275738052657697,25.74145497247791
train,paper_eq1,7,3,1,78.83224075241763,53.462325210614594
train,mask_pca,7,3,1,7.682708488602715,15.15446234260934
train,cej_int_midpoint,7,3,1,48.57542042748294,39.36676693923467
train,paper_eq1,700,1,1,3.5246026379520226,6.65313564353457
train,mask_pca,700,1,1,3.583202026129981,6.743705055042071
train,cej_int_midpoint,700,1,1,3.570446797615126,6.834827329871751
train,paper_eq1,700,2,1,4.635695132301627,10.823665043824814
train,mask_pca,700,2,1,4.973958925452913,11.073694309321661
train,cej_int_midpoint,700,2,1,5.094424471228799,11.031447419275677
train,paper_eq1,700,3,1,4.265953909486728,6.960715866278647
train,mask_pca,700,3,1,4.3537038918731,7.160551912056212
train,cej_int_midpoint,700,3,1,4.303440769028443,7.238063528143049
train,paper_eq1,700,4,1,5.414634447803483,10.3719707620954
train,mask_pca,700,4,1,5.480046814641225,10.528053325565898
train,cej_int_midpoint,700,4,1,5.445283495438866,10.50228092379518
train,paper_eq1,701,0,1,5.1533476313666835,8.384997885762411
train,mask_pca,701,0,1,5.213168735237039,8.394010192645764
train,cej_int_midpoint,701,0,1,5.221518149834938,8.390356461170121
train,paper_eq1,701,1,1,40.19559429143174,37.763651105048076
train,mask_pca,701,1,1,20.250057441119466,19.710342652670107
train,cej_int_midpoint,701,1,1,60.57846662142825,68.20717966466248
train,paper_eq1,703,0,1,42.263725941482086,43.28656752425986
train,mask_pca,703,0,1,39.063563464918886,40.288844747896356
train,cej_int_midpoint,703,0,1,48.47418461382275,49.42118795643412
train,paper_eq1,703,1,1,13.107356485231936,13.510136237902437
train,mask_pca,703,1,1,13.058385071306693,13.624336438914153
train,cej_int_midpoint,703,1,1,13.07196055479908,13.598750883630975
train,paper_eq1,704,0,1,45.42965617757503,49.29703036193325
train,mask_pca,704,0,1,47.42830380014428,51.10362670822829
train,cej_int_midpoint,704,0,1,47.487551907309026,51.01121666200732
train,paper_eq1,704,1,1,59.67817994410806,84.66008909266097
train,mask_pca,704,1,1,60.47719897320757,85.64695364063594
train,cej_int_midpoint,704,1,1,61.021450158475545,86.12984704200576
train,paper_eq1,708,0,1,52.53536154616045,51.489045672166
train,mask_pca,708,0,1,24.10078140900263,28.160458846255015
train,cej_int_midpoint,708,0,1,36.35423749883305,38.82619090058311
train,paper_eq1,708,1,1,15.220933434252581,20.275730225574385
train,mask_pca,708,1,1,15.567644799900387,20.584722695908077
train,cej_int_midpoint,708,1,1,15.5375084159931,20.538561286620393
train,paper_eq1,709,0,1,5.9082040644428195,3.7513412006162565
train,mask_pca,709,0,1,5.603666872089164,3.9616723349736116
train,cej_int_midpoint,709,0,1,4.634501955731074,4.466439001670546
train,paper_eq1,709,1,1,6.140898672512425,4.262363565057095
train,mask_pca,709,1,1,6.420423078877446,4.306777093995441
train,cej_int_midpoint,709,1,1,5.630345385398668,4.181771540073901
train,paper_eq1,709,3,1,10.211198184473817,9.9452772641398
train,mask_pca,709,3,1,10.915480585415311,10.492105843808158
train,cej_int_midpoint,709,3,1,11.218540142794405,10.554934547674733
train,paper_eq1,712,0,1,2.019601638658232,0.7799149809482715
train,mask_pca,712,0,1,3.370113591683852,1.3243598163926755
train,cej_int_midpoint,712,0,1,6.57005208081858,1.0811027449912824
train,paper_eq1,712,1,1,85.0459432305645,82.23607766036078
train,mask_pca,712,1,1,18.9912710016367,21.205765511105884
train,cej_int_midpoint,712,1,1,74.8651446244256,71.81182154729667
train,paper_eq1,712,2,1,6.5513898799027945,5.362240503227074
train,mask_pca,712,2,1,6.415146832267414,5.297878296946193
train,cej_int_midpoint,712,2,1,6.3847534791664025,5.306427821313596
train,paper_eq1,713,0,0,10.814020587018888,11.200294655474131
train,paper_eq1,713,0,1,1.1828001072311474,4.484046473226006
train,mask_pca,713,0,0,11.106558422186863,11.027082091500008
train,mask_pca,713,0,1,1.4241883148620667,4.2946136600768785
train,cej_int_midpoint,713,0,0,10.983521409882279,11.700204084534581
train,cej_int_midpoint,713,0,1,1.53918405429338,3.384024049058677
train,paper_eq1,713,1,1,6.034995771274287,4.068131352549674
train,mask_pca,713,1,1,5.959426416879978,3.673933491214016
train,cej_int_midpoint,713,1,1,5.882046920122557,3.3018765839570876
train,paper_eq1,713,2,1,6.278394328439746,5.398623384705197
train,mask_pca,713,2,1,6.156581359381514,5.392338895283482
train,cej_int_midpoint,713,2,1,6.341576174958307,5.3933326172562195
train,paper_eq1,713,3,1,7.225707010948006,9.291106966299175
train,mask_pca,713,3,1,7.288005193814745,9.757633853343556
train,cej_int_midpoint,713,3,1,7.236760690539663,9.648234247527133
train,paper_eq1,713,4,1,0.9402453985102737,2.4162938086584593
train,mask_pca,713,4,1,1.034467062035047,2.5193057349103003
train,cej_int_midpoint,713,4,1,1.9993638691093691,2.9458631622454505
train,paper_eq1,717,1,1,0.7062579906442139,5.660193218778007
train,mask_pca,717,1,1,0.6920623155110427,6.070189795563116
train,cej_int_midpoint,717,1,1,0.8898174848391456,6.550388122149071
train,mask_pca,717,2,1,8.788075320616425,11.800755147763478
train,paper_eq1,718,0,1,9.983602708207204,10.380140961134337
train,mask_pca,718,0,1,9.955802311167131,10.275649516154054
train,cej_int_midpoint,718,0,1,10.333330746533925,10.260026499507843
train,paper_eq1,718,1,1,11.149718522125639,10.653849360884822
train,mask_pca,718,1,1,14.733236866827243,13.938733875023404
train,cej_int_midpoint,718,1,1,15.326637019548073,14.081833449931953
train,paper_eq1,719,1,1,11.896856732815404,11.869257707145676
train,mask_pca,719,1,1,17.434870598054147,17.379559085213454
train,cej_int_midpoint,719,1,1,38.72676312868292,40.123331706469166
train,paper_eq1,719,2,1,24.451548044775638,12.371334982683663
train,mask_pca,719,2,1,25.18174843824179,12.53880969745553
train,cej_int_midpoint,719,2,1,23.150434401735378,12.500592898582397
train,paper_eq1,720,0,1,5.707363525073552,2.4073099434156178
train,mask_pca,720,0,1,5.977067223775782,3.04968627518972
train,cej_int_midpoint,720,0,1,4.100437300027929,3.631654304886477
train,paper_eq1,720,1,0,3.585229174727908,9.072715158377408
train,paper_eq1,720,1,1,8.563075729591676,12.218281524687038
train,mask_pca,720,1,0,3.4267271881832624,9.245993265940196
train,mask_pca,720,1,1,8.406672137175256,12.396578445136912
train,cej_int_midpoint,720,1,0,3.3013922405292417,9.231450154861442
train,cej_int_midpoint,720,1,1,8.481231535619594,12.41946908551007
train,paper_eq1,720,2,1,3.475685671799058,6.5062627748291995
train,mask_pca,720,2,1,3.541712786172825,6.588414658121257
train,cej_int_midpoint,720,2,1,3.516264366472882,6.543551592064778
train,paper_eq1,721,0,1,19.78536724767455,21.146166015169612
train,mask_pca,721,0,1,20.03276505043086,21.40804967599785
train,cej_int_midpoint,721,0,1,19.95551529355953,21.45642512190666
train,paper_eq1,721,1,1,34.82702181564045,42.01884397816159
train,mask_pca,721,1,1,34.914870176581076,44.22784367515344
train,cej_int_midpoint,721,1,1,35.06312425780632,48.70495303084772
train,paper_eq1,721,2,1,50.2934986044272,25.883237132117838
train,mask_pca,721,2,1,30.262609173887274,26.650887732288815
train,cej_int_midpoint,721,2,1,41.46340413088379,26.640551639058312
train,paper_eq1,722,0,1,21.695573647236372,24.947425285700824
train,mask_pca,722,0,1,22.535802230250482,25.82643813255039
train,cej_int_midpoint,722,0,1,22.56247361978288,25.75742997966593
train,paper_eq1,722,1,1,64.15910901649347,61.859412098839975
train,mask_pca,722,1,1,28.315810623897736,28.072186845509744
train,cej_int_midpoint,722,1,1,54.58699975324202,53.960685849732315
train,paper_eq1,723,1,1,7.612482482640521,9.354371552890965
train,mask_pca,723,1,1,7.2198375654928455,11.351521602121759
train,cej_int_midpoint,723,1,1,7.310046295804558,11.810844711469425
train,paper_eq1,723,2,1,15.1078191794705,13.623265176238705
train,mask_pca,723,2,1,15.287700367246778,13.73021301063028
train,cej_int_midpoint,723,2,1,15.265982791500477,13.696241699363195
train,paper_eq1,723,3,1,6.927848101038762,9.39975073928233
train,mask_pca,723,3,1,6.651911495103296,9.604658687885054
train,cej_int_midpoint,723,3,1,6.577393554504559,9.641819758943464
train,paper_eq1,725,0,1,32.22837998608317,31.25626404653171
train,mask_pca,725,0,1,32.923279541081754,31.758490991938032
train,cej_int_midpoint,725,0,1,32.75667333811426,31.58217134737849
train,paper_eq1,725,1,1,81.6158711974182,72.95816980403892
train,mask_pca,725,1,1,82.70504796391455,73.97075259618371
train,cej_int_midpoint,725,1,1,83.09573845858004,73.88812863872357
train,paper_eq1,725,2,1,46.56435979023688,42.71328654484448
train,mask_pca,725,2,1,46.69129334126162,42.78229584038228
train,cej_int_midpoint,725,2,1,46.64629096699226,42.76420059872193
train,paper_eq1,725,3,1,27.2297891473341,25.968579706671164
train,mask_pca,725,3,1,27.10595814332995,25.810428809732528
train,cej_int_midpoint,725,3,1,27.22978914733395,25.94742441591927
train,paper_eq1,726,0,0,11.204322511445195,8.615417973378472
train,paper_eq1,726,0,1,5.0613008177246375,5.664634471991639
train,mask_pca,726,0,0,11.704784029237546,8.75425664759559
train,mask_pca,726,0,1,5.511304028096539,6.3130896536244165
train,cej_int_midpoint,726,0,0,11.580381699233254,8.772857058220236
train,cej_int_midpoint,726,0,1,5.615458277647745,6.271761346427575
train,paper_eq1,726,1,1,10.751269974161245,8.86753501603871
train,mask_pca,726,1,1,11.060972631644699,9.004920925867106
train,cej_int_midpoint,726,1,1,11.05471648007586,8.972905498871013
train,paper_eq1,727,1,0,8.821499399920983,5.6567830022779955
train,paper_eq1,727,1,1,15.705215118086368,100.0
train,mask_pca,727,1,0,7.193564521848579,5.569375563944735
train,mask_pca,727,1,1,15.911357760291944,13.393523698575185
train,cej_int_midpoint,727,1,0,7.196671773349926,1.391700751193354
train,cej_int_midpoint,727,1,1,15.9122674100924,89.37863455932631
train,paper_eq1,727,3,1,6.451528057671128,5.886986350527231
train,mask_pca,727,3,1,7.157912654083232,6.324709449207855
train,cej_int_midpoint,727,3,1,8.123394718282306,6.561462856400163
train,paper_eq1,729,1,0,10.584310688963498,6.331492961675532
train,paper_eq1,729,1,1,5.315564319197516,5.688397802217784
train,mask_pca,729,1,0,11.124614547841869,8.323985458350935
train,mask_pca,729,1,1,4.939233661331515,7.062934433737797
train,cej_int_midpoint,729,1,0,13.229804997551978,10.864012878212007
train,cej_int_midpoint,729,1,1,5.560705945944029,6.19955144137518
train,paper_eq1,729,2,1,6.5205487810121,6.817581170851699
train,mask_pca,729,2,1,6.5646135691948855,6.733641254624012
train,cej_int_midpoint,729,2,1,6.557427291830309,6.73988205648306
train,paper_eq1,729,3,1,8.580936530576608,7.907374473256973
train,mask_pca,729,3,1,8.646846103479772,8.03656227117138
train,cej_int_midpoint,729,3,1,8.81740992290456,8.229217600442674
train,paper_eq1,730,0,1,19.444575117127044,22.59230302069762
train,mask_pca,730,0,1,19.364909873157256,22.66145698601905
train,cej_int_midpoint,730,0,1,19.469063116325195,22.615166956802888
train,mask_pca,730,2,1,31.08520170416964,31.10928172680292
train,paper_eq1,731,0,0,22.506741394169314,22.388474518858395
train,paper_eq1,731,0,1,17.17161652420298,14.974937880084562
train,mask_pca,731,0,0,22.552853793778223,22.341052288886214
train,mask_pca,731,0,1,17.276626386486036,19.36845334823102
train,cej_int_midpoint,731,0,0,22.54607346191622,22.372409198327073
train,cej_int_midpoint,731,0,1,17.28901226302334,20.18040716383839
train,paper_eq1,732,1,1,4.316490758509359,1.1001398453171778
train,mask_pca,732,1,1,3.946123963386239,1.0397850937020092
train,cej_int_midpoint,732,1,1,4.978756588903329,1.0642622599139264
train,paper_eq1,732,2,1,17.725983677653424,17.18198919822117
train,mask_pca,732,2,1,18.345092427248293,17.994162783766736
train,cej_int_midpoint,732,2,1,18.469693491246506,18.025664661891696
train,paper_eq1,732,3,1,13.323903642058992,19.56168783722396
train,mask_pca,732,3,1,13.723750442295923,20.074616993853404
train,cej_int_midpoint,732,3,1,13.615425125133465,19.91393457464264
train,paper_eq1,732,4,1,0.9770218182636268,0.28172767503396035
train,mask_pca,732,4,1,1.000553858033021,0.06868657510187803
train,cej_int_midpoint,732,4,1,1.001003201700339,2.958994440512777
train,paper_eq1,733,0,1,7.439157528713417,9.483071005961559
train,mask_pca,733,0,1,7.703313223061355,9.7249023448277
train,cej_int_midpoint,733,0,1,7.8379127663951165,9.705071360024093
train,paper_eq1,733,1,1,1.0838070682414496,3.771054020186556
train,mask_pca,733,1,1,1.1525055422016677,3.8984014349845593
train,cej_int_midpoint,733,1,1,1.2316512954099443,3.9397735614002194
train,paper_eq1,733,2,0,1.817736558986749,2.0394097360397416
train,paper_eq1,733,2,1,55.673348791285484,7.350093330898362
train,mask_pca,733,2,0,1.5496659134003439,1.9855458475779657
train,mask_pca,733,2,1,0.21203260271632945,7.317104114999255
train,cej_int_midpoint,733,2,0,1.6993664617196667,1.9740412099668085
train,cej_int_midpoint,733,2,1,0.4684030846230937,7.329498448779483
train,paper_eq1,733,3,1,67.50557307941756,65.25482937962305
train,mask_pca,733,3,1,29.00510292535311,32.72679649244352
train,cej_int_midpoint,733,3,1,68.38656146392938,61.852031914949066
train,paper_eq1,733,4,1,12.065561408918926,16.253793606278844
train,mask_pca,733,4,1,13.57432705061983,18.573608379555143
train,cej_int_midpoint,733,4,1,12.614543948265048,16.975047297500463
train,paper_eq1,734,1,1,11.515671024474033,13.688716048670758
train,mask_pca,734,1,1,13.600377851033596,14.56639062892832
train,cej_int_midpoint,734,1,1,14.240896076810616,14.897586215810582
train,paper_eq1,734,2,1,15.23803508431872,16.94322383507002
train,mask_pca,734,2,1,15.264978468236853,16.970624565178085
train,cej_int_midpoint,734,2,1,15.405652183115398,17.257817238564087
train,paper_eq1,735,0,1,25.716190234605797,27.786259696838204
train,mask_pca,735,0,1,26.163285898415005,28.27562063593117
train,cej_int_midpoint,735,0,1,26.244691288086774,28.30629205240307
train,paper_eq1,735,2,1,13.177415084087876,15.668108390754531
train,mask_pca,735,2,1,13.227081064853952,15.701586824381355
train,cej_int_midpoint,735,2,1,13.217376790804492,15.699406055211693
train,paper_eq1,738,0,1,24.206848665667597,24.691197843116438
train,mask_pca,738,0,1,24.271617351874212,25.403380549072978
train,cej_int_midpoint,738,0,1,23.411129080563036,25.34968424065226
train,paper_eq1,738,1,1,37.9722750679749,40.26932947725083
train,mask_pca,738,1,1,38.492132224815116,40.557094890083945
train,cej_int_midpoint,738,1,1,38.552747012392466,40.49958016685562
train,paper_eq1,738,2,1,62.956185740925875,17.179492661969267
train,mask_pca,738,2,1,18.419724068225936,17.1504051585855
train,cej_int_midpoint,738,2,1,40.78029534545493,17.164595743785984
train,paper_eq1,738,4,1,22.909906034237533,23.342593577400635
train,mask_pca,738,4,1,23.793448241789317,24.116219958536096
train,cej_int_midpoint,738,4,1,24.198162593308357,24.043164430363152
train,paper_eq1,739,0,1,30.68807624982074,29.717691662795204
train,mask_pca,739,0,1,31.254026484809298,30.214532129804716
train,cej_int_midpoint,739,0,1,31.298186168737217,30.272868854102562
train,paper_eq1,739,1,1,26.696086285589992,25.384164858663187
train,mask_pca,739,1,1,26.77534716921624,25.463258596579568
train,cej_int_midpoint,739,1,1,26.720987425570193,25.444656084059975
train,paper_eq1,739,2,1,22.339673002041923,25.53223166827836
train,mask_pca,739,2,1,22.19347169863759,25.352689799675716
train,cej_int_midpoint,739,2,1,22.27480171622138,25.4867941567249
train,paper_eq1,739,3,1,3.949951620701871,5.835657260118945
train,mask_pca,739,3,1,4.211112563632688,6.156060557102607
train,cej_int_midpoint,739,3,1,4.511272113188365,6.306068530121578
train,paper_eq1,739,4,1,18.482282127660287,19.370862977573207
train,mask_pca,739,4,1,18.78292019913407,19.688575221798445
train,cej_int_midpoint,739,4,1,19.18080428107494,19.936681122443325
train,paper_eq1,742,0,1,14.378984831581395,14.418917730210623
train,mask_pca,742,0,1,15.171485258912737,14.524822810960694
train,cej_int_midpoint,742,0,1,11.450897288623091,15.09311092611752
train,paper_eq1,742,1,0,14.6630599183827,17.942849999485603
train,paper_eq1,742,1,1,15.928578244185779,9.932399196456663
train,mask_pca,742,1,0,14.68605283373416,18.320666989364504
train,mask_pca,742,1,1,16.516526397275552,10.34253792932358
train,cej_int_midpoint,742,1,0,14.67935140784434,18.165905914281126
train,cej_int_midpoint,742,1,1,16.681586131359488,10.54842376373493
train,paper_eq1,743,0,0,11.907870275646305,9.302631725273091
train,paper_eq1,743,0,1,6.799779104248126,9.99839441987221
train,mask_pca,743,0,0,12.409680165645927,9.902911025445068
train,mask_pca,743,0,1,6.468152702491686,10.916970661929989
train,cej_int_midpoint,743,0,0,12.508130663127773,10.10587366303823
train,cej_int_midpoint,743,0,1,6.53460384685938,10.71329933883164
train,mask_pca,743,1,1,0.6901040026546542,3.8018968118144723
train,paper_eq1,743,2,1,7.040502896802615,6.475559870496304
train,mask_pca,743,2,1,6.974994410537355,6.365684485405636
train,cej_int_midpoint,743,2,1,7.045228294861146,6.238773200833081
train,paper_eq1,745,1,0,12.062483342062407,14.151919465419102
train,paper_eq1,745,1,1,6.378582985058112,10.02892635712307
train,mask_pca,745,1,0,12.005110734056528,14.065446378739216
train,mask_pca,745,1,1,6.449958651385236,10.054263302081203
train,cej_int_midpoint,745,1,0,12.55716143838769,14.278897105876279
train,cej_int_midpoint,745,1,1,6.609043230901168,10.095103168700046
train,paper_eq1,745,2,1,10.95172934811839,14.871834765236883
train,mask_pca,745,2,1,10.868752083358569,14.767259634946086
train,cej_int_midpoint,745,2,1,10.907496721702097,14.818942624050454
train,paper_eq1,745,3,1,20.50178121756566,21.06388275754128
train,mask_pca,745,3,1,20.421450747016763,21.20721863782988
train,cej_int_midpoint,745,3,1,20.454052732460564,21.163746130865075
train,paper_eq1,746,0,1,22.880447558231342,21.75853357459457
train,mask_pca,746,0,1,23.473668579832342,22.28924215667509
train,cej_int_midpoint,746,0,1,23.374764200449576,22.290214457573075
train,paper_eq1,746,1,1,6.548114542176911,10.035459647980451
train,mask_pca,746,1,1,7.532820172362785,10.47084856514438
train,cej_int_midpoint,746,1,1,8.429330058259598,10.648515686656593
train,paper_eq1,746,3,1,8.30721169687279,9.151070009292765
train,mask_pca,746,3,1,8.340300658648632,9.240028522164808
train,cej_int_midpoint,746,3,1,8.461812192427312,9.352670255556415
train,paper_eq1,747,0,0,12.133405448209825,9.681531442554762
train,paper_eq1,747,0,1,10.160050617550116,13.039113466465604
train,mask_pca,747,0,0,12.338004379052665,9.72738183077594
train,mask_pca,747,0,1,10.495516306863996,13.375146369064488
train,cej_int_midpoint,747,0,0,12.775620921072234,9.830605547239234
train,cej_int_midpoint,747,0,1,10.306267227447059,13.228913089501523
train,paper_eq1,749,0,1,16.100213409900682,100.0
train,mask_pca,749,0,1,20.01952308466821,35.3130197391672
train,cej_int_midpoint,749,0,1,19.644848649236774,91.17128819154627
train,paper_eq1,749,1,1,5.900998340039267,2.509663825707758
train,mask_pca,749,1,1,6.857272298188207,3.0305996872277534
train,cej_int_midpoint,749,1,1,1.4742053862123556,3.628274187037179
train,paper_eq1,749,2,1,85.95602585722602,0.5166341661814345
train,mask_pca,749,2,1,12.334618522113178,8.514636455528926
train,cej_int_midpoint,749,2,1,44.72160002615218,43.90715778170484
train,paper_eq1,75,0,1,27.985538059102254,20.823192965844196
train,mask_pca,75,0,1,30.593151473630737,24.025823407816375
train,cej_int_midpoint,75,0,1,30.866044952172743,24.86432245609132
train,paper_eq1,75,1,1,26.004313534479344,26.57299374549917
train,mask_pca,75,1,1,28.239919183237035,28.67243607013516
train,cej_int_midpoint,75,1,1,28.340211581520048,29.108297981215646
train,paper_eq1,75,2,1,48.83381551302063,46.03297424962145
train,mask_pca,75,2,1,50.602833238712094,47.429864427305155
train,cej_int_midpoint,75,2,1,50.56086816143749,47.389602997980354
train,paper_eq1,750,0,1,65.71391519508948,72.43100458589406
train,mask_pca,750,0,1,65.7813742920735,72.63578462463732
train,cej_int_midpoint,750,0,1,65.77358075431576,72.60617961444125
train,paper_eq1,750,1,1,45.808056121399396,46.9507800084702
train,mask_pca,750,1,1,43.68064304554867,45.312598975330175
train,cej_int_midpoint,750,1,1,44.76721813738207,46.16461756607218
train,paper_eq1,750,2,1,25.831998236856908,27.134876238683464
train,mask_pca,750,2,1,25.826534747485013,27.13288509167094
train,cej_int_midpoint,750,2,1,25.842700162855852,27.142694957931248
train,paper_eq1,751,1,1,26.698114363636154,25.757340041488618
train,mask_pca,751,1,1,29.130717453968717,28.021698132033496
train,cej_int_midpoint,751,1,1,36.348537644609344,28.828013395028268
train,paper_eq1,751,2,1,68.02827425017443,68.20454367810332
train,mask_pca,751,2,1,70.88356859027047,71.3814591458961
train,cej_int_midpoint,751,2,1,70.70336251887557,71.2351955282745
train,paper_eq1,753,0,1,24.68535400104525,22.092765862199165
train,mask_pca,753,0,1,25.10447006736906,22.509975100891026
train,cej_int_midpoint,753,0,1,25.16126530200266,22.577206791166702
train,paper_eq1,753,1,1,44.73885382992654,45.14841547166238
train,mask_pca,753,1,1,24.88955835598714,31.437204854198036
train,cej_int_midpoint,753,1,1,37.02454265939412,39.67503755247378
train,paper_eq1,755,0,0,8.510969050709239,11.025758251061115
train,paper_eq1,755,0,1,13.878237762720453,14.553440458753844
train,mask_pca,755,0,0,8.4304379245221,10.956874927167643
train,mask_pca,755,0,1,14.43106010910988,15.220726510982441
train,cej_int_midpoint,755,0,0,8.451175602722016,10.986114671015581
train,cej_int_midpoint,755,0,1,14.594387466866895,15.562713229235998
train,paper_eq1,755,1,1,14.063354495640205,19.849504739522157
train,mask_pca,755,1,1,14.1898186688552,20.29145412964658
train,cej_int_midpoint,755,1,1,14.169907051388876,20.31899480103117
train,paper_eq1,759,1,1,23.18603964281751,46.793338678127846
train,mask_pca,759,1,1,23.411672936382498,22.862734620365497
train,cej_int_midpoint,759,1,1,24.34019590529648,30.96361436124831
train,paper_eq1,759,2,1,41.355135810370484,39.952272886793935
train,mask_pca,759,2,1,41.565534633881285,40.07336772587004
train,cej_int_midpoint,759,2,1,41.56609625633037,40.066381408941275
train,paper_eq1,759,3,1,34.56275910465074,38.7427973100159
train,mask_pca,759,3,1,34.74705631038536,38.878348857386186
train,cej_int_midpoint,759,3,1,34.74977354919926,38.8712349860647
train,paper_eq1,759,4,1,14.566184312187708,18.756495069980247
train,mask_pca,759,4,1,18.879288365539285,22.52399697894594
train,cej_int_midpoint,759,4,1,32.5422381623345,33.218032493060015
train,paper_eq1,76,0,1,20.94465236833906,33.80696523875558
train,mask_pca,76,0,1,22.688288844199345,36.345924627041555
train,cej_int_midpoint,76,0,1,22.602853179988077,37.895384379029466
train,paper_eq1,76,1,1,67.84969652415265,85.69645951207922
train,mask_pca,76,1,1,65.98085826673409,91.2542709977166
train,cej_int_midpoint,76,1,1,66.77250535744511,91.02665780728418
train,paper_eq1,761,0,1,13.258307909216144,13.641890414239505
train,mask_pca,761,0,1,13.314614523505838,13.83151957341185
train,cej_int_midpoint,761,0,1,13.29080861688009,13.929757980496449
train,paper_eq1,761,1,0,14.681447975925085,17.095753657406572
train,paper_eq1,761,1,1,5.2521392989420725,4.9334501032162486
train,mask_pca,761,1,0,15.43484849292972,17.87292061505332
train,mask_pca,761,1,1,5.123007089595116,5.071547808639566
train,cej_int_midpoint,761,1,0,16.16553049450818,18.285100986097635
train,cej_int_midpoint,761,1,1,5.195042805087112,5.025717889821379
train,paper_eq1,761,2,1,26.53870414542425,28.98816595554303
train,mask_pca,761,2,1,27.179374519118287,29.879564090031707
train,cej_int_midpoint,761,2,1,26.905189979052928,29.527175058580973
train,paper_eq1,762,0,1,50.912869711744605,50.89858767750888
train,mask_pca,762,0,1,51.508139879473845,51.406025614262084
train,cej_int_midpoint,762,0,1,51.58769456806912,51.44836107400287
train,paper_eq1,762,1,1,63.49517855707981,62.01419928911643
train,mask_pca,762,1,1,63.503719896812974,62.220143885429714
train,cej_int_midpoint,762,1,1,63.495178557079804,62.03473007696044
train,paper_eq1,762,2,1,40.333819354183916,39.43388926472761
train,mask_pca,762,2,1,40.75472487438473,40.092324861548335
train,cej_int_midpoint,762,2,1,40.58176878695919,39.97038696800921
train,paper_eq1,765,0,1,24.736109885042183,33.09423560534357
train,mask_pca,765,0,1,25.730376388311722,33.39334096734105
train,cej_int_midpoint,765,0,1,21.276163995959767,33.42841281627295
train,paper_eq1,765,1,1,12.903271310433217,10.722911446071452
train,mask_pca,765,1,1,13.21332109417233,11.183639562585904
train,cej_int_midpoint,765,1,1,13.167344877806395,11.213825373201281
train,paper_eq1,767,0,0,18.663154026258077,17.222367088377073
train,paper_eq1,767,0,1,28.242057869807702,28.109847882678636
train,mask_pca,767,0,0,19.528196916907635,17.657878017015864
train,mask_pca,767,0,1,28.356904715997032,28.230235638110564
train,cej_int_midpoint,767,0,0,19.280526450318373,17.539111767449313
train,cej_int_midpoint,767,0,1,28.543799883486077,28.378690443571635
train,paper_eq1,767,1,1,46.4819199699274,48.1751623647569
train,mask_pca,767,1,1,49.51995333863105,51.786966178910696
train,cej_int_midpoint,767,1,1,50.65211208961856,52.5511886717159
train,paper_eq1,767,2,1,11.074108526333886,13.715632654148752
train,mask_pca,767,2,1,12.470475199947922,15.18655449462055
train,cej_int_midpoint,767,2,1,13.210368859686742,15.742327174767093
train,paper_eq1,77,2,1,41.64663004196803,42.409099164064756
train,mask_pca,77,2,1,28.39875625383777,29.56205508419129
train,cej_int_midpoint,77,2,1,34.08722851201326,35.66507145502713
train,paper_eq1,772,1,0,2.2179504787375777,1.3122865572296825
train,paper_eq1,772,1,1,3.556274329712713,6.342844235213067
train,mask_pca,772,1,0,1.9783188271755334,1.2753051122545545
train,mask_pca,772,1,1,3.821877269525912,6.750961152673389
train,cej_int_midpoint,772,1,0,0.9843871924476753,1.3306956055231407
train,cej_int_midpoint,772,1,1,2.736998299086237,7.253995056675687
train,paper_eq1,772,2,0,6.038835020055639,8.93671178549709
train,paper_eq1,772,2,1,4.7796872917004585,6.885103511804767
train,mask_pca,772,2,0,6.068182719055924,8.922120259408082
train,mask_pca,772,2,1,4.9794003811810015,6.975729139267724
train,cej_int_midpoint,772,2,0,6.291211759243128,8.985583146132278
train,cej_int_midpoint,772,2,1,5.196428746649212,7.029840378332075
train,paper_eq1,772,3,1,3.691790876995909,5.49230515479692
train,mask_pca,772,3,1,3.692786683633208,5.727634018727712
train,cej_int_midpoint,772,3,1,3.6922238122668856,5.817172639643918
train,paper_eq1,773,0,1,46.731663082620045,46.41402269845327
train,mask_pca,773,0,1,47.21738729882724,47.01646482900399
train,cej_int_midpoint,773,0,1,47.196322922622784,47.12178827521762
train,paper_eq1,773,1,1,34.61644362870683,30.958367626775907
train,mask_pca,773,1,1,36.013740549600016,32.53442002391249
train,cej_int_midpoint,773,1,1,36.23988147446218,32.77642537383249
train,paper_eq1,773,2,1,22.45545496904951,23.440510464519598
train,mask_pca,773,2,1,23.829271380237536,24.764365707626926
train,cej_int_midpoint,773,2,1,24.017666260164003,24.897085858856414
train,paper_eq1,773,3,1,3.2290845257391148,0.9106994891128366
train,mask_pca,773,3,1,3.5902021551122196,0.6130956593018392
train,cej_int_midpoint,773,3,1,3.8963702877131556,2.342245813367555
train,paper_eq1,774,0,0,12.270060954884569,13.894361841013266
train,paper_eq1,774,0,1,27.818250040843477,29.233845871392845
train,mask_pca,774,0,0,13.359895088353795,14.264396822864509
train,mask_pca,774,0,1,28.10509938157764,29.378319804586685
train,cej_int_midpoint,774,0,0,13.904831456219464,14.392429174925017
train,cej_int_midpoint,774,0,1,27.921508711728332,29.318443641333538
train,paper_eq1,775,0,1,13.99138859379819,15.515277172363112
train,mask_pca,775,0,1,19.190300086878153,15.41474605266893
train,cej_int_midpoint,775,0,1,18.88473921004982,15.426222881324957
train,paper_eq1,777,0,1,40.56428333161774,36.15303201477314
train,mask_pca,777,0,1,41.148869266441196,36.38321915295085
train,cej_int_midpoint,777,0,1,41.50975769011236,36.52736903566601
train,paper_eq1,777,1,1,18.17609805607229,19.343056344601425
train,mask_pca,777,1,1,18.402401595205596,19.513262784063016
train,cej_int_midpoint,777,1,1,18.457857622194513,19.52186154495854
train,paper_eq1,787,0,1,9.419590916529689,11.689201176533496
train,mask_pca,787,0,1,9.420550873948548,11.784598176728691
train,cej_int_midpoint,787,0,1,9.46574968931208,12.002101472918145
train,paper_eq1,787,1,1,6.185306462629312,8.632219773514901
train,mask_pca,787,1,1,6.0279773225970645,8.67902536126221
train,cej_int_midpoint,787,1,1,6.100124987322826,8.662864159964798
train,mask_pca,787,2,1,4.384330002995114,1.2093147640117
train,paper_eq1,787,3,1,17.680017926432964,15.42361173072553
train,mask_pca,787,3,1,18.291356449931303,15.057631522999024
train,cej_int_midpoint,787,3,1,17.818902696316577,15.438766219752267
train,paper_eq1,787,4,1,7.924655752910432,8.436373273504657
train,mask_pca,787,4,1,8.12396504116453,9.0150025451429
train,cej_int_midpoint,787,4,1,8.058865621239471,8.932008155563134
train,paper_eq1,789,1,1,7.542611436375359,8.3483128726806
train,mask_pca,789,1,1,8.237805321820717,8.736139723282884
train,cej_int_midpoint,789,1,1,8.769505262865957,8.839449846056729
train,paper_eq1,789,2,1,11.795806622240436,15.817535525456494
train,mask_pca,789,2,1,12.524743956452363,16.875302974380208
train,cej_int_midpoint,789,2,1,11.554715141986803,15.830547670841998
train,paper_eq1,789,3,1,86.08580739641474,88.25676044567311
train,mask_pca,789,3,1,87.19682944645028,89.05055624219638
train,cej_int_midpoint,789,3,1,87.45161253921955,88.60923763421948
train,paper_eq1,79,0,1,1.3697104677065461,4.149531837010584
train,mask_pca,79,0,1,1.3876733402692945,4.169291484373348
train,cej_int_midpoint,79,0,1,0.9505640030121587,4.183392551567594
train,paper_eq1,79,1,1,21.185262219321366,11.218215762560694
train,mask_pca,79,1,1,21.376686224550983,11.490249094903726
train,cej_int_midpoint,79,1,1,21.318941177774708,11.563393937566168
train,paper_eq1,79,2,1,27.56760551347036,16.74376947166606
train,mask_pca,79,2,1,27.638396424118532,16.869222869451047
train,cej_int_midpoint,79,2,1,27.638480543034362,16.91370215357431
train,paper_eq1,79,3,1,97.39110712307115,85.38136364137637
train,mask_pca,79,3,1,6.093726781331397,8.25465694696804
train,cej_int_midpoint,79,3,1,47.93388442021851,42.5540149984493
train,paper_eq1,791,0,1,10.438844641209274,13.87395413698123
train,mask_pca,791,0,1,10.474156108940845,13.929445261786316
train,cej_int_midpoint,791,0,1,10.454577489021757,13.898634158127168
train,paper_eq1,791,1,1,4.285451900555568,5.201663926811379
train,mask_pca,791,1,1,4.225561075879103,5.686726444033134
train,cej_int_midpoint,791,1,1,4.266471400645265,5.52522105107843
train,paper_eq1,791,2,1,17.353887754631415,17.996007533808
train,mask_pca,791,2,1,17.66567636526404,21.189240279750916
train,cej_int_midpoint,791,2,1,17.44419979217066,20.41673302633521
train,paper_eq1,793,0,0,28.85453724656264,29.855051364645856
train,paper_eq1,793,0,1,69.29855243178623,19.502142069294123
train,mask_pca,793,0,0,29.112268096525856,30.873004482279832
train,mask_pca,793,0,1,71.8231419488997,20.358279245867454
train,cej_int_midpoint,793,0,0,29.168565565941684,30.796731887430305
train,cej_int_midpoint,793,0,1,71.44602402408078,20.429178381135273
train,paper_eq1,793,1,1,57.85070519818699,77.07463992594467
train,mask_pca,793,1,1,62.48830210828674,78.14333082756163
train,cej_int_midpoint,793,1,1,62.817232503865625,78.04355247370952
train,paper_eq1,793,2,1,15.625210240947881,19.15968158974038
train,mask_pca,793,2,1,16.46821631521414,19.853950143325683
train,cej_int_midpoint,793,2,1,17.109405073576838,20.16600796874602
train,paper_eq1,793,3,1,17.558552110887216,18.896948087955394
train,mask_pca,793,3,1,17.546130549660646,19.009113364732904
train,cej_int_midpoint,793,3,1,17.56807258215773,19.01190198739068
train,paper_eq1,794,2,0,4.3889250145194305,15.548596191922773
train,paper_eq1,794,2,1,6.119492666379399,4.954478067165727
train,mask_pca,794,2,0,4.778892855387116,16.36602003186243
train,mask_pca,794,2,1,5.794617218098798,4.343440042639892
train,cej_int_midpoint,794,2,0,2.24843834831284,15.150384179616546
train,paper_eq1,795,1,1,10.264649260011899,10.751508273509616
train,mask_pca,795,1,1,10.28789259498516,10.741088253174608
train,cej_int_midpoint,795,1,1,10.267853431698477,10.734922854989822
train,paper_eq1,795,2,1,26.434556472868397,35.592106222452536
train,mask_pca,795,2,1,27.52127641187393,36.663552167444415
train,cej_int_midpoint,795,2,1,27.665387640099965,36.72747279369059
train,paper_eq1,795,3,1,33.87471431567101,38.18317160789162
train,mask_pca,795,3,1,34.0480674443649,38.57567070505832
train,cej_int_midpoint,795,3,1,34.01776132457418,38.45044748850731
train,paper_eq1,795,4,1,7.616845913785118,15.361585333729028
train,mask_pca,795,4,1,7.608072209675656,15.52255536719496
train,cej_int_midpoint,795,4,1,7.617149513690025,15.36518477953328
train,paper_eq1,796,0,1,16.724106568439847,17.004050744561066
train,mask_pca,796,0,1,17.49729881406665,17.52434383705837
train,cej_int_midpoint,796,0,1,17.912366280612847,17.763725379240576
train,paper_eq1,796,2,1,33.67386881568041,28.992862199584383
train,mask_pca,796,2,1,30.888026952555194,26.58178901519917
train,cej_int_midpoint,796,2,1,39.39295935524017,36.373680132317766
train,paper_eq1,80,0,1,43.589147430846495,49.94039240432052
train,mask_pca,80,0,1,46.0707354880768,52.140604385998124
train,cej_int_midpoint,80,0,1,46.941620122357776,52.58951248066492
train,paper_eq1,801,0,0,7.666453921677608,9.733695525512456
train,paper_eq1,801,0,1,7.135959563068177,8.661349555306993
train,mask_pca,801,0,0,8.009647349513424,10.051174263205406
train,mask_pca,801,0,1,7.1513623000561495,8.556614021804123
train,cej_int_midpoint,801,0,0,8.534412773140774,10.331422488597832
train,cej_int_midpoint,801,0,1,7.641336713084197,8.753543293888479
train,paper_eq1,801,1,1,5.094949398299122,6.715176232455919
train,mask_pca,801,1,1,5.323621578704383,6.592570110725504
train,cej_int_midpoint,801,1,1,2.293825610545292,6.714800964452894
train,paper_eq1,801,2,1,11.012223019124564,11.884567953876578
train,mask_pca,801,2,1,11.074710312276622,11.942969002562666
train,cej_int_midpoint,801,2,1,11.11985940766827,10.811858605237191
train,paper_eq1,802,0,1,41.952534613450574,43.05688540513121
train,mask_pca,802,0,1,41.99372880686325,43.15836200861467
train,cej_int_midpoint,802,0,1,41.99182142048144,43.150192059844386
train,paper_eq1,802,1,0,36.207758026200345,35.73898565112618
train,paper_eq1,802,1,1,37.66411951359462,30.22887032222036
train,mask_pca,802,1,0,38.97674322285662,38.929154750834876
train,mask_pca,802,1,1,38.29335265494151,41.90211613145832
train,cej_int_midpoint,802,1,0,40.81120765514484,40.828087033030414
train,cej_int_midpoint,802,1,1,37.86012065933343,39.0383741987781
train,paper_eq1,803,0,1,30.54477883124596,30.073316384934657
train,mask_pca,803,0,1,31.069759524017925,30.704688392887448
train,cej_int_midpoint,803,0,1,31.091359439333356,30.690669611106124
train,paper_eq1,803,1,1,45.418413724158704,43.527322877433164
train,mask_pca,803,1,1,46.97747851015628,45.028694947370106
train,cej_int_midpoint,803,1,1,46.72473498309646,44.86340466805288
train,paper_eq1,803,2,1,23.356563355508765,21.126240390958372
train,mask_pca,803,2,1,23.567157163179836,21.467827375083704
train,cej_int_midpoint,803,2,1,23.497107428491073,21.08530161088397
train,paper_eq1,805,0,1,49.383526227589606,47.78247474707749
train,mask_pca,805,0,1,50.3860980158158,48.83836652376494
train,cej_int_midpoint,805,0,1,50.31551480481029,48.843526438699655
train,paper_eq1,805,1,1,57.18015277061522,62.32181896609595
train,mask_pca,805,1,1,60.02189800074306,64.66001903694735
train,cej_int_midpoint,805,1,1,60.576039287942265,64.94840695168558
train,paper_eq1,805,2,1,70.60076270384083,70.42110487599422
train,mask_pca,805,2,1,73.47032416126584,71.49672706053444
train,cej_int_midpoint,805,2,1,73.72969165097243,71.5769888438579
train,paper_eq1,805,3,1,57.22324995279827,57.09236506985861
train,mask_pca,805,3,1,57.186667711383855,56.93912524264133
train,cej_int_midpoint,805,3,1,57.223249952798284,57.19707669751109
train,paper_eq1,806,0,0,34.257979072192235,37.0422673877091
train,paper_eq1,806,0,1,41.979768786127195,44.70668586021602
train,mask_pca,806,0,0,34.671191043028,38.17562405866661
train,mask_pca,806,0,1,42.31145699348598,45.520281765168775
train,cej_int_midpoint,806,0,0,34.53764377485539,37.897729591322395
train,cej_int_midpoint,806,0,1,42.584532355591236,45.92173862004659
train,paper_eq1,806,1,1,29.042497457548755,28.333575450128514
train,mask_pca,806,1,1,29.893835590054575,29.11397788598769
train,cej_int_midpoint,806,1,1,25.564275025319017,30.726556644965385
train,paper_eq1,807,1,1,40.3357487459628,42.11775676771347
train,mask_pca,807,1,1,41.70720619988437,42.86481880828427
train,cej_int_midpoint,807,1,1,40.99209631580398,42.53140823175141
train,paper_eq1,807,2,1,21.457750062341756,28.60107093481933
train,mask_pca,807,2,1,22.01223268198223,29.374817134694304
train,cej_int_midpoint,807,2,1,22.09160020951907,29.361372994486956
train,paper_eq1,809,0,1,50.78038453239684,57.580827683127154
train,mask_pca,809,0,1,50.98761688520217,57.84295500440161
train,cej_int_midpoint,809,0,1,50.971914296553045,57.844475454601664
train,paper_eq1,809,1,1,94.87079320922444,94.8789783863717
train,mask_pca,809,1,1,90.10572125914118,91.00950063045754
train,cej_int_midpoint,809,1,1,91.5361001726462,92.3336932703809
train,paper_eq1,809,2,1,19.806161689526537,30.200385002467794
train,mask_pca,809,2,1,20.686169728534537,31.138653292608147
train,cej_int_midpoint,809,2,1,21.556035301288127,30.881313531938993
train,paper_eq1,812,2,1,12.649072045411517,13.389746655540865
train,mask_pca,812,2,1,13.386585778901525,13.66418226030036
train,cej_int_midpoint,812,2,1,10.690408819393538,13.81366088185091
train,paper_eq1,812,3,1,14.296181003429181,15.235004828519727
train,mask_pca,812,3,1,14.657491502490489,15.480079718078407
train,cej_int_midpoint,812,3,1,13.049495180042541,15.41403841042628
train,paper_eq1,815,0,1,21.482495124209457,22.087981139475595
train,mask_pca,815,0,1,22.60214444134416,22.982949415417423
train,cej_int_midpoint,815,0,1,23.472926599766758,17.747290399663697
train,paper_eq1,815,1,1,43.43825153031117,43.652623830086874
train,mask_pca,815,1,1,46.46524414286634,45.754898703459524
train,cej_int_midpoint,815,1,1,47.02871795460864,46.05319439210046
train,paper_eq1,815,2,1,87.67384733703089,84.7555287668984
train,mask_pca,815,2,1,89.05912369303446,86.18052148680981
train,cej_int_midpoint,815,2,1,88.38879182200634,85.7146356066773
train,paper_eq1,815,3,1,65.2737961604684,86.00752222633244
train,mask_pca,815,3,1,39.30073121046921,78.76233020371546
train,cej_int_midpoint,815,3,1,55.35963464168062,78.79778524751416
train,paper_eq1,818,0,1,13.675917791962933,14.704054199809066
train,mask_pca,818,0,1,14.198632842876485,14.772337995694382
train,cej_int_midpoint,818,0,1,14.158842488009475,14.823297942235447
train,paper_eq1,818,1,1,16.76379502228502,18.748654609469277
train,mask_pca,818,1,1,16.907668826168354,18.879567131463222
train,cej_int_midpoint,818,1,1,17.22332935305097,19.116529005100517
train,paper_eq1,818,2,1,57.331706635645176,72.617294914872
train,mask_pca,818,2,1,62.6370265217498,30.513193881861646
train,cej_int_midpoint,818,2,1,62.24804964840792,61.48656485862849
train,paper_eq1,82,0,1,49.75831154565399,25.118879486322854
train,mask_pca,82,0,1,24.820759660608086,25.434046022820954
train,cej_int_midpoint,82,0,1,49.75831154565402,25.504658973808542
train,paper_eq1,82,1,1,44.53733538409719,49.234763488265735
train,mask_pca,82,1,1,46.945777830677486,50.93174179026243
train,cej_int_midpoint,82,1,1,46.95552084819357,51.18205094400942
train,paper_eq1,82,2,1,60.95276920425553,56.44263124054555
train,mask_pca,82,2,1,61.49334810231951,56.82971158915772
train,cej_int_midpoint,82,2,1,61.42121030958235,56.75090317996537
train,paper_eq1,82,3,1,32.07767553405043,32.981966236602354
train,mask_pca,82,3,1,33.00367044730601,33.611955836156234
train,cej_int_midpoint,82,3,1,33.056502412703026,33.665720404751006
train,paper_eq1,820,0,1,25.624233285505237,26.292280726475152
train,mask_pca,820,0,1,26.15083120515035,26.73766874646773
train,cej_int_midpoint,820,0,1,27.735352603091645,26.825718059563343
train,paper_eq1,820,1,1,38.73243539139983,39.73935000608743
train,mask_pca,820,1,1,39.0429014641329,40.10947190405817
train,cej_int_midpoint,820,1,1,39.024494466311204,40.10626671752203
train,paper_eq1,820,2,1,31.947182683916363,29.260151294527116
train,mask_pca,820,2,1,32.31143581256096,29.510442949669667
train,cej_int_midpoint,820,2,1,32.40423656757746,29.59785025419528
train,paper_eq1,820,3,1,20.47637716671074,18.828884424307326
train,mask_pca,820,3,1,20.520807740031646,18.80379389947932
train,cej_int_midpoint,820,3,1,20.515206367007288,18.81396090533592
train,paper_eq1,820,4,1,12.258754778153753,17.164490985254545
train,mask_pca,820,4,1,12.314581253701684,16.989040579390977
train,cej_int_midpoint,820,4,1,12.390477025870112,17.226212892688057
train,paper_eq1,822,0,0,8.760124613822933,9.339637600777776
train,paper_eq1,822,0,1,10.778460021603934,10.49423251152589
train,mask_pca,822,0,0,8.53033269158489,9.403392596307796
train,mask_pca,822,0,1,11.567510983538396,11.297073978436588
train,cej_int_midpoint,822,0,0,8.798210336833032,9.355702798860147
train,cej_int_midpoint,822,0,1,12.331428749935256,11.996411335082964
train,paper_eq1,822,1,1,11.127879645754875,12.509093329090772
train,mask_pca,822,1,1,13.264944746804114,12.489925302412392
train,cej_int_midpoint,822,1,1,12.685748470546567,12.558036183152515
train,paper_eq1,822,2,1,4.3148119484981935,5.110957737782182
train,mask_pca,822,2,1,4.658326362066913,5.760897518144853
train,cej_int_midpoint,822,2,1,2.2181622228500664,6.334576845995718
train,paper_eq1,823,0,1,28.615009270627763,33.00817069811808
train,mask_pca,823,0,1,28.842178308970194,33.146702093259805
train,cej_int_midpoint,823,0,1,28.845165915602283,33.13552901382471
train,paper_eq1,823,1,1,39.715175993908474,42.19968591084618
train,mask_pca,823,1,1,42.29126288871111,45.85849369898102
train,cej_int_midpoint,823,1,1,42.833709120401345,46.39680184762401
train,paper_eq1,823,2,1,48.0993807723541,51.708509952128225
train,mask_pca,823,2,1,38.14006342000319,42.81227566359051
train,cej_int_midpoint,823,2,1,42.55453839340565,47.22005690742322
train,paper_eq1,824,0,1,75.2605773454697,72.69779230780355
train,mask_pca,824,0,1,78.89045035083171,75.97545901801489
train,cej_int_midpoint,824,0,1,79.07975243580762,76.11153716071448
train,paper_eq1,824,1,1,59.4237874738515,60.64276000667797
train,mask_pca,824,1,1,36.90135324972657,38.09373074485657
train,cej_int_midpoint,824,1,1,49.278383925947836,49.86488532176546
train,paper_eq1,824,3,1,53.15376959767156,53.48012819396723
train,mask_pca,824,3,1,54.26167709158508,53.76187461421714
train,cej_int_midpoint,824,3,1,54.31573507728824,53.54418175038141
train,paper_eq1,827,0,1,20.21938888042331,19.097344250261166
train,mask_pca,827,0,1,20.892994577658637,19.76295993680537
train,cej_int_midpoint,827,0,1,20.883472150143152,19.72256448696666
train,paper_eq1,827,1,0,31.86057179309077,28.90474935859374
train,paper_eq1,827,1,1,21.95503462896078,27.48794529711127
train,mask_pca,827,1,0,32.2150901992615,29.099899632922476
train,mask_pca,827,1,1,22.092195057566073,38.14787909391582
train,cej_int_midpoint,827,1,0,32.41428130940495,29.233170410259685
train,cej_int_midpoint,827,1,1,22.044485864184317,36.28261807976563
train,paper_eq1,827,2,1,46.77043043442492,45.77257598093737
train,mask_pca,827,2,1,48.74768056865692,47.974292277579636
train,cej_int_midpoint,827,2,1,43.890072654322495,47.18362737936775
train,paper_eq1,828,0,1,25.256275008541106,23.961504670516415
train,mask_pca,828,0,1,25.72810317946001,24.32850246086793
train,cej_int_midpoint,828,0,1,25.715369357320306,24.287060749826473
train,paper_eq1,828,1,1,72.32787603422017,69.8720378796692
train,mask_pca,828,1,1,9.659452271254487,10.367382320199372
train,cej_int_midpoint,828,1,1,45.107277722892306,49.82833461413084
train,paper_eq1,828,5,1,23.282572952973304,24.0982834348794
train,mask_pca,828,5,1,24.346703345518854,25.026242594136523
train,cej_int_midpoint,828,5,1,25.240099813778798,26.928695672622887
train,paper_eq1,829,0,1,7.6704067423049676,1.878320404253519
train,paper_eq1,829,1,0,3.695373627212627,2.890958124926474
train,paper_eq1,829,1,1,8.348779173019565,8.929068892963217
train,mask_pca,829,1,0,3.5206926080450165,2.784739713878785
train,mask_pca,829,1,1,9.421139176253401,10.385579577084663
train,cej_int_midpoint,829,1,0,3.1575954897327376,2.9246608590605248
train,cej_int_midpoint,829,1,1,8.795035351781396,11.026826986490184
train,paper_eq1,829,2,1,8.947466925042315,11.687658152500886
train,mask_pca,829,2,1,9.049741200373832,12.041486460289962
train,cej_int_midpoint,829,2,1,8.99413674240613,12.042532134737431
train,paper_eq1,83,0,1,21.021202758905698,17.918354259457754
train,mask_pca,83,0,1,21.744972353267066,18.74432895771858
train,cej_int_midpoint,83,0,1,21.77532776622071,18.8955466088507
train,paper_eq1,83,1,1,24.782183169895568,24.697126655132536
train,mask_pca,83,1,1,25.345177012071236,25.20021501439156
train,cej_int_midpoint,83,1,1,25.308085265433363,25.13056129806475
train,paper_eq1,83,2,1,34.992905846347796,31.883589966939528
train,mask_pca,83,2,1,36.61902896594687,33.713491456775735
train,cej_int_midpoint,83,2,1,40.949393509087436,39.54181051898121
train,paper_eq1,830,0,1,10.370641881785135,13.522201681445429
train,mask_pca,830,0,1,10.907201609409924,14.443726483248028
train,cej_int_midpoint,830,0,1,10.920934199908015,14.693579617361753
train,mask_pca,830,1,1,5.720784876039105,7.9634019519129895
train,paper_eq1,831,1,1,98.47752415102057,100.0
train,mask_pca,831,1,1,14.475685235829799,14.83896868065897
train,cej_int_midpoint,831,1,1,78.21517916620267,79.1452731021979
train,paper_eq1,831,2,1,97.10926837755692,10.330990802306093
train,mask_pca,831,2,1,12.692696257300348,10.324473555732194
train,cej_int_midpoint,831,2,1,69.44621880732285,10.319728577736116
train,paper_eq1,831,3,1,75.75162582225707,61.443233203038695
train,mask_pca,831,3,1,9.37285554997064,15.628353648577779
train,cej_int_midpoint,831,3,1,62.11316210866236,51.83515824990916
train,paper_eq1,832,0,1,29.625194526114534,30.15503587863125
train,mask_pca,832,0,1,29.7868934752533,30.16857463285732
train,cej_int_midpoint,832,0,1,29.774727992830126,30.14955314321132
train,paper_eq1,832,1,1,13.604734230978535,12.372184968139727
train,mask_pca,832,1,1,13.670710058392203,12.388226319913317
train,cej_int_midpoint,832,1,1,13.705127761470532,12.395828985697852
train,paper_eq1,832,2,1,90.45984505654842,92.49881611579713
train,mask_pca,832,2,1,91.36300779241272,93.61018646285375
train,cej_int_midpoint,832,2,1,91.01158507589602,94.79789563534442
train,paper_eq1,832,3,1,58.547393956781846,33.50282371571156
train,mask_pca,832,3,1,58.985503475875234,41.412596797802415
train,cej_int_midpoint,832,3,1,58.86156820560642,49.21528117405061
train,paper_eq1,834,0,1,81.2247177788876,81.49582027443401
train,mask_pca,834,0,1,82.55849296785814,82.36935822315866
train,cej_int_midpoint,834,0,1,82.52074299922998,82.04867560700174
train,paper_eq1,834,1,1,27.045304610975734,39.90280931752536
train,mask_pca,834,1,1,27.87148119405684,41.34549603769875
train,cej_int_midpoint,834,1,1,28.091143437589245,41.56861534165993
train,paper_eq1,834,2,0,34.45814536183852,29.606830769029102
train,paper_eq1,834,2,1,42.309428418359396,36.78316674451864
train,mask_pca,834,2,0,34.59901430451618,29.981408639723966
train,mask_pca,834,2,1,42.23443108816692,50.83949599482111
train,cej_int_midpoint,834,2,0,35.29114245078725,30.64530006270284
train,cej_int_midpoint,834,2,1,42.3014458980428,46.919164684968045
train,paper_eq1,834,3,1,21.246773138363853,21.67728731790112
train,mask_pca,834,3,1,21.53407740938021,21.839640601928707
train,cej_int_midpoint,834,3,1,21.750552033618042,22.03475790024071
train,paper_eq1,835,1,1,13.073709550335344,13.46049349833914
train,mask_pca,835,1,1,12.929714090427094,13.279939706966912
train,cej_int_midpoint,835,1,1,10.51635775904719,13.909019305158543
train,paper_eq1,836,0,0,17.606036962317383,29.923902829288195
train,paper_eq1,836,0,1,37.43593348624343,40.815205247715824
train,mask_pca,836,0,0,18.351945595514977,30.030263329094897
train,mask_pca,836,0,1,37.19857868886376,40.90016999203323
train,cej_int_midpoint,836,0,0,18.623440933316214,30.104045740989793
train,cej_int_midpoint,836,0,1,37.29524699694003,40.86994766459522
train,paper_eq1,836,1,1,45.19016325310157,45.32306798705254
train,mask_pca,836,1,1,47.224693810020035,47.238144608426836
train,cej_int_midpoint,836,1,1,42.18760512292577,46.48738984754555
train,paper_eq1,836,2,1,19.498648952707132,18.58706743445549
train,mask_pca,836,2,1,19.842337499455333,19.106203514507275
train,cej_int_midpoint,836,2,1,19.780660740035223,19.088922084170807
train,paper_eq1,838,1,1,5.873108083097031,6.3313345646651875
train,mask_pca,838,1,1,6.05343278300362,6.653069586338699
train,cej_int_midpoint,838,1,1,0.5419964520942834,6.799239345219418
train,paper_eq1,838,2,1,7.330843298456986,5.322151338575399
train,mask_pca,838,2,1,7.468133734520118,5.620799869549208
train,cej_int_midpoint,838,2,1,7.4181614387660435,5.657075218058296
train,paper_eq1,839,0,1,10.366196904347873,11.07115647647522
train,mask_pca,839,0,1,10.604947011401205,11.245706538736478
train,cej_int_midpoint,839,0,1,10.547589086931001,10.907184347790079
train,paper_eq1,839,1,1,7.0069437538955714,5.615835080706421
train,mask_pca,839,1,1,7.270108247852079,5.775517758853526
train,cej_int_midpoint,839,1,1,7.201984166500106,5.762204490618624
train,paper_eq1,84,0,1,20.945078505383552,17.867125182823735
train,mask_pca,84,0,1,21.52068211038052,18.470035184752575
train,cej_int_midpoint,84,0,1,21.419221237811808,18.408965764533697
train,paper_eq1,84,1,0,25.048407301086193,27.020735223970988
train,paper_eq1,84,1,1,20.03509054887399,18.991953249169903
train,mask_pca,84,1,0,25.02762828018726,27.023852947014948
train,mask_pca,84,1,1,20.279752291547855,20.57240151717697
train,cej_int_midpoint,84,1,0,25.03704240841466,27.022285365724457
train,cej_int_midpoint,84,1,1,20.448134493551294,21.381747266050404
train,paper_eq1,84,2,1,15.613794155049474,18.26854100676564
train,mask_pca,84,2,1,15.901576512473273,18.619983352887445
train,cej_int_midpoint,84,2,1,15.989380026113894,18.718108167099096
train,paper_eq1,840,0,1,5.570818417628097,4.052264271537539
train,mask_pca,840,0,1,5.670729448472269,4.078827752138201
train,cej_int_midpoint,840,0,1,5.654585935641709,3.9790318529117825
train,paper_eq1,840,1,1,0.6477382153562256,0.3199037156451241
train,mask_pca,840,1,1,7.761944104047264,10.021093873640396
train,cej_int_midpoint,840,1,1,47.378452504764006,51.00404789390992
train,paper_eq1,840,2,1,21.552889070720564,20.32973755932262
train,mask_pca,840,2,1,21.76289034758168,20.49573561929782
train,cej_int_midpoint,840,2,1,20.151344783310314,20.473428344773613
train,paper_eq1,841,0,1,48.131403569439655,47.37788342592285
train,mask_pca,841,0,1,49.156560013561275,48.29685312357272
train,cej_int_midpoint,841,0,1,49.20591166575853,48.27041286910302
train,paper_eq1,841,1,1,55.761708791522544,54.44994608127781
train,mask_pca,841,1,1,32.23310194408532,33.04890969804309
train,cej_int_midpoint,841,1,1,44.72187589324797,45.01460220189126
train,paper_eq1,841,2,1,14.08659542917466,13.65552927653518
train,mask_pca,841,2,1,15.36077149465426,15.114630741292306
train,cej_int_midpoint,841,2,1,15.571429856142641,15.340475532041218
train,paper_eq1,841,3,1,50.66702971028315,49.52991138530323
train,mask_pca,841,3,1,50.73399843923313,49.51752662292627
train,cej_int_midpoint,841,3,1,50.667029710283174,49.42686064016346
train,paper_eq1,842,0,1,48.04002889176847,46.839425590753386
train,mask_pca,842,0,1,27.785294325571165,29.085173671520504
train,cej_int_midpoint,842,0,1,37.518438562515186,36.754417432003486
train,paper_eq1,842,1,1,29.108230854060107,30.874625070289824
train,mask_pca,842,1,1,29.21773740879957,30.964244082898613
train,cej_int_midpoint,842,1,1,30.242887982985927,30.903756138544946
train,paper_eq1,842,2,1,51.36951919380982,51.29046735847918
train,mask_pca,842,2,1,51.827966589557285,52.152004049295776
train,cej_int_midpoint,842,2,1,51.67941469600932,52.02050423578124
train,paper_eq1,842,3,1,54.897699041477765,54.19185086051428
train,mask_pca,842,3,1,56.047881380312425,55.13496487612486
train,cej_int_midpoint,842,3,1,56.160403004401836,55.29040499670549
train,mask_pca,843,0,1,3.187039607480851,1.2035841040230333
train,cej_int_midpoint,843,0,1,58.89517969208955,67.6378254787632
train,paper_eq1,843,2,1,44.70789221713915,43.50242774954045
train,mask_pca,843,2,1,45.506357931411536,44.396031388903666
train,cej_int_midpoint,843,2,1,45.30131809842427,44.129555945561314
train,paper_eq1,844,0,0,6.0447792247779315,8.88536203385343
train,paper_eq1,844,0,1,12.850822699640432,8.934403905405853
train,mask_pca,844,0,0,6.822567730759814,9.531795322336075
train,mask_pca,844,0,1,11.09615002126252,8.702189345596471
train,cej_int_midpoint,844,0,0,7.792840827041646,9.866340986360768
train,cej_int_midpoint,844,0,1,12.299279737277542,8.969706427731646
train,paper_eq1,844,1,0,31.144314178393017,23.064345794406357
train,paper_eq1,844,1,1,21.449494827078293,22.1062332206224
train,mask_pca,844,1,0,31.318425472622284,25.33710201857822
train,mask_pca,844,1,1,22.00111082811341,22.81388466705701
train,cej_int_midpoint,844,1,0,31.383943944227493,25.95063973681697
train,cej_int_midpoint,844,1,1,21.91175458676886,22.627933950581948
train,paper_eq1,844,2,1,63.56093175534397,67.34661743505771
train,mask_pca,844,2,1,22.27009527776545,19.773174335971323
train,cej_int_midpoint,844,2,1,52.810783152049204,55.947064549226475
train,paper_eq1,845,0,1,20.990281582404048,24.932207223714364
train,mask_pca,845,0,1,21.003389614224258,24.91516333610462
train,cej_int_midpoint,845,0,1,21.0256127293747,24.986588079847245
train,paper_eq1,845,1,1,55.29249375741361,56.854392449333005
train,mask_pca,845,1,1,42.03206339895388,43.822754298424044
train,cej_int_midpoint,845,1,1,66.26280986548913,65.7363315803645
train,paper_eq1,845,2,1,63.622785727256705,61.39989210000526
train,mask_pca,845,2,1,48.406015217404466,46.175407620442094
train,cej_int_midpoint,845,2,1,74.89546011716159,71.70639405594822
train,paper_eq1,847,0,1,34.39218636958808,34.9027139464232
train,mask_pca,847,0,1,34.52270167268268,35.06966655838166
train,cej_int_midpoint,847,0,1,34.69329742270639,35.181371670379434
train,paper_eq1,847,1,1,32.26512952922725,33.433069862886136
train,mask_pca,847,1,1,32.29534617605124,33.45838895587816
train,cej_int_midpoint,847,1,1,32.31638093295313,33.367770113504164
train,paper_eq1,848,0,1,29.93098991524088,30.086597737367132
train,mask_pca,848,0,1,30.226185783714328,32.377821762914024
train,cej_int_midpoint,848,0,1,30.219706376945922,32.474310702803784
train,paper_eq1,848,1,1,33.88661543295056,40.272234610735616
train,mask_pca,848,1,1,34.37991660838783,41.72717518767086
train,cej_int_midpoint,848,1,1,33.3317298896551,44.00381609691226
train,paper_eq1,849,0,1,19.46854939790633,19.111269791790395
train,mask_pca,849,0,1,20.378358089767275,19.978182440317667
train,cej_int_midpoint,849,0,1,20.839031893995205,20.122209729999774
train,paper_eq1,849,1,1,42.17672549794203,38.48442786236701
train,mask_pca,849,1,1,43.997121442264515,40.04235804415831
train,cej_int_midpoint,849,1,1,43.8964600533149,39.9643943534463
train,paper_eq1,85,1,0,43.55321976904402,44.15827424808991
train,paper_eq1,85,1,1,41.876527942693734,43.54773485477593
train,mask_pca,85,1,0,44.79978386239901,45.61027099714073
train,mask_pca,85,1,1,42.24845485900678,44.516803161236915
train,cej_int_midpoint,85,1,0,45.93656621105563,46.559117987888264
train,cej_int_midpoint,85,1,1,42.059656713471604,44.17762706701801
train,paper_eq1,850,1,1,3.3341872606812686,9.532022294967833
train,mask_pca,850,1,1,3.9714330998821894,10.229551385521834
train,cej_int_midpoint,850,1,1,4.986088043816377,10.84607942947991
train,paper_eq1,850,2,0,6.080089845547506,8.876749509872917
train,paper_eq1,850,2,1,7.680746159862098,8.269948076150234
train,mask_pca,850,2,0,6.124419598167648,8.791821625254443
train,mask_pca,850,2,1,7.913278169657452,8.848127521147365
train,cej_int_midpoint,850,2,0,6.132493975721358,8.972678570361168
train,cej_int_midpoint,850,2,1,7.891450291347442,9.41325906302567
train,paper_eq1,850,3,1,6.34303206030979,6.063727340389836
train,mask_pca,850,3,1,7.194932557723385,6.642721999201126
train,cej_int_midpoint,850,3,1,7.684238091256662,6.904286238586706
train,paper_eq1,856,0,1,19.21676704829462,18.106307946691082
train,mask_pca,856,0,1,19.907184121027434,18.592972423513434
train,cej_int_midpoint,856,0,1,25.235716674868165,18.81568072230815
train,paper_eq1,856,1,0,27.58925982983508,27.39594303212005
train,paper_eq1,856,1,1,31.467959175369526,33.77515522383908
train,mask_pca,856,1,0,28.942425089584177,28.705017471852184
train,mask_pca,856,1,1,31.844938365926375,42.400822524689566
train,cej_int_midpoint,856,1,0,29.211655389339874,29.113269505539414
train,cej_int_midpoint,856,1,1,31.73762026173727,40.96072933078847
train,paper_eq1,857,0,0,77.96032250633587,81.69238614932601
train,paper_eq1,857,0,1,21.98495210009834,28.118099485275067
train,mask_pca,857,0,0,77.99618116048345,81.64831939583806
train,mask_pca,857,0,1,22.71601776869033,28.109807653789897
train,cej_int_midpoint,857,0,0,78.09891435039124,81.92666079209337
train,cej_int_midpoint,857,0,1,22.577610434524466,28.112441822274814
train,paper_eq1,857,1,0,31.34005098586179,38.186825524426574
train,paper_eq1,857,1,1,17.833149602042162,23.87805139583859
train,mask_pca,857,1,0,31.246069559861173,38.19482543109432
train,mask_pca,857,1,1,18.968895521324747,24.317399039766247
train,cej_int_midpoint,857,1,0,31.442565913562536,38.19067833975491
train,cej_int_midpoint,857,1,1,19.56300237354558,24.390939898390485
train,paper_eq1,857,2,1,12.991565440648504,11.485216403363111
train,mask_pca,857,2,1,12.919013610639634,11.33817285993957
train,cej_int_midpoint,857,2,1,12.918087242044301,11.356205985259653
train,paper_eq1,857,3,1,11.972356809740793,16.655190550996963
train,mask_pca,857,3,1,13.117097300480147,17.39385025741171
train,cej_int_midpoint,857,3,1,13.698978054919248,17.84140879002635
train,paper_eq1,858,1,0,12.707811824402809,15.598949693926013
train,paper_eq1,858,1,1,10.00805596692845,10.388406051167195
train,mask_pca,858,1,0,12.743166747263452,15.614801529873027
train,mask_pca,858,1,1,10.016707214054783,10.410858255183907
train,cej_int_midpoint,858,1,0,12.784176890841803,15.63172588226974
train,cej_int_midpoint,858,1,1,10.137693999340042,10.541849747654291
train,paper_eq1,86,0,1,7.397967566595395,2.9568971833688824
train,mask_pca,86,0,1,7.926080245801476,3.1654637722846504
train,cej_int_midpoint,86,0,1,8.282082801036381,3.1591940241499334
train,paper_eq1,86,1,0,25.36954811534607,27.610231143411262
train,paper_eq1,86,1,1,25.622480487864873,24.211379365527232
train,mask_pca,86,1,0,23.572591595984612,26.136975634739823
train,mask_pca,86,1,1,26.720070741038114,25.365064036100687
train,cej_int_midpoint,86,1,0,24.564054473116865,27.158352466041485
train,cej_int_midpoint,86,1,1,27.45959349364583,26.18025070315564
train,paper_eq1,86,2,0,27.425363211454258,22.824507589566352
train,paper_eq1,86,2,1,27.46466443863755,25.39694624977188
train,mask_pca,86,2,0,26.30910412075542,22.591395551239827
train,mask_pca,86,2,1,28.578084268266835,27.65656005108105
train,cej_int_midpoint,86,2,0,27.930038635286824,23.485763338642553
train,cej_int_midpoint,86,2,1,29.157178885231282,28.742670695694038
train,paper_eq1,86,3,1,18.115332165278303,9.08970203954429
train,mask_pca,86,3,1,22.300372310559737,10.659853301156334
train,cej_int_midpoint,86,3,1,24.386032186095484,10.952634958098713
train,paper_eq1,860,1,1,34.538907992623535,40.4665674523921
train,mask_pca,860,1,1,35.32646661248256,41.34638706750142
train,cej_int_midpoint,860,1,1,35.42219357570668,41.392624708014836
train,paper_eq1,860,2,1,53.46212518579424,54.02653277470287
train,mask_pca,860,2,1,44.03140649988455,46.194491503141386
train,cej_int_midpoint,860,2,1,48.34160107492123,49.99953207697638
train,paper_eq1,861,0,0,38.71554001224612,39.44902381325622
train,paper_eq1,861,0,1,27.427953652421934,26.911631160834006
train,mask_pca,861,0,0,38.71424841179366,39.55962585606909
train,mask_pca,861,0,1,28.737525655613805,27.78740833099932
train,cej_int_midpoint,861,0,0,38.80522426472396,39.699468637880294
train,cej_int_midpoint,861,0,1,28.91770442366413,27.979638821552467
train,paper_eq1,861,1,0,33.97045426219593,35.98826150372763
train,paper_eq1,861,1,1,71.07551098305285,59.3316197788172
train,mask_pca,861,1,0,34.17471783679428,36.22576294168492
train,mask_pca,861,1,1,72.22660784350569,74.26416665572576
train,cej_int_midpoint,861,1,0,34.2661773955366,36.29811509972458
train,cej_int_midpoint,861,1,1,71.92673272981222,73.01824489043405
train,paper_eq1,862,0,1,96.4870804823685,96.05252328506404
train,mask_pca,862,0,1,96.95826457059268,96.55856711756294
train,cej_int_midpoint,862,0,1,97.30135801884752,96.9039275938177
train,paper_eq1,862,1,1,32.159981995091776,32.22699985842333
train,mask_pca,862,1,1,33.23617719984408,33.37040468873771
train,cej_int_midpoint,862,1,1,33.06906172080264,33.083174941833875
train,paper_eq1,862,2,1,28.588450127534703,14.7420287938023
train,mask_pca,862,2,1,28.629162700462835,14.905001763978722
train,cej_int_midpoint,862,2,1,28.593406371436576,14.81843989019068
train,paper_eq1,862,3,1,79.50125185927325,69.24269227592447
train,mask_pca,862,3,1,80.61077625656323,70.77364288715084
train,cej_int_midpoint,862,3,1,81.4812629880693,69.40235059181911
train,paper_eq1,863,0,1,49.664143888855286,51.71002274696968
train,mask_pca,863,0,1,50.65500337231354,52.4508021583568
train,cej_int_midpoint,863,0,1,48.519771108962885,52.47811444611982
train,paper_eq1,865,0,1,47.662410805635,42.96557425873079
train,mask_pca,865,0,1,48.90996093783422,43.6019685295789
train,cej_int_midpoint,865,0,1,48.863224534691,43.65695656840068
train,paper_eq1,865,1,1,23.66326188945421,27.887485717175736
train,mask_pca,865,1,1,24.00694982175018,28.430199732482432
train,cej_int_midpoint,865,1,1,23.983566896665554,28.53338185566894
train,paper_eq1,865,2,1,14.482277424070295,19.850078974648042
train,mask_pca,865,2,1,14.850327882360467,20.150218400617298
train,cej_int_midpoint,865,2,1,14.806393480006605,20.122484297032678
train,paper_eq1,865,3,1,9.163897544410379,12.810519056673156
train,mask_pca,865,3,1,17.197268863665528,21.190855207530436
train,cej_int_midpoint,865,3,1,74.91544550864708,63.15370840228047
train,paper_eq1,867,4,1,52.16445217502047,46.42875657257704
train,mask_pca,867,4,1,53.33927617592648,47.51568719175557
train,cej_int_midpoint,867,4,1,53.66539211173661,47.75621963380088
train,paper_eq1,868,1,1,35.24814298282108,36.001656830852745
train,mask_pca,868,1,1,10.473625575485931,15.613158944481972
train,paper_eq1,868,2,1,45.70177144091836,7.270783067371718
train,paper_eq1,869,0,1,39.09404485614734,40.26908528784784
train,mask_pca,869,0,1,39.145457285674865,40.378831555985755
train,cej_int_midpoint,869,0,1,39.1126603398994,40.32629959180321
train,paper_eq1,869,1,1,20.161002739359915,18.68484507431775
train,mask_pca,869,1,1,20.091784912953024,18.656551897600973
train,cej_int_midpoint,869,1,1,20.113246732330907,18.661887976689144
train,paper_eq1,869,3,1,23.511051495992678,26.421550929765797
train,mask_pca,869,3,1,23.521418718229153,26.418585576412347
train,cej_int_midpoint,869,3,1,23.523745589901456,26.460532955993703
train,paper_eq1,873,0,1,17.712769350923462,15.78764437873215
train,mask_pca,873,0,1,18.218250147436798,16.07455497373654
train,cej_int_midpoint,873,0,1,18.175286134702535,15.962289694648316
train,paper_eq1,873,1,1,22.264741852510777,20.419509885441972
train,mask_pca,873,1,1,22.930624977400498,20.783488563039825
train,cej_int_midpoint,873,1,1,23.096720425326204,20.860257706284795
train,paper_eq1,874,0,1,58.38559739210788,55.37880754391128
train,mask_pca,874,0,1,58.771690793241426,55.876978099505216
train,cej_int_midpoint,874,0,1,58.66263090193834,55.727640989816926
train,paper_eq1,874,1,1,39.94521884144437,51.63980638486107
train,mask_pca,874,1,1,39.89941901948345,57.70661860696896
train,cej_int_midpoint,874,1,1,40.03875874137751,56.12975401596605
train,paper_eq1,875,0,0,19.80644274418802,16.36113917756869
train,paper_eq1,875,0,1,11.047326232758268,12.614549896260089
train,mask_pca,875,0,0,19.903684840121215,16.543922118148284
train,mask_pca,875,0,1,11.02122959615553,12.688021063117555
train,cej_int_midpoint,875,0,0,19.886646385429813,16.588861046289257
train,cej_int_midpoint,875,0,1,11.01613158749596,12.676306524425684
train,paper_eq1,875,1,1,18.478700301185214,14.31559718411988
train,mask_pca,875,1,1,18.55783958044583,14.3805126457171
train,cej_int_midpoint,875,1,1,18.51294268737419,14.317612762176445
train,paper_eq1,877,1,1,34.958925765395925,50.006577748110736
train,mask_pca,877,1,1,35.4047786717382,33.58668282527527
train,cej_int_midpoint,877,1,1,35.40069233525205,41.417104187569564
train,paper_eq1,877,2,1,23.386519938797374,20.725850239672763
train,mask_pca,877,2,1,24.49270712569972,21.492980288373047
train,cej_int_midpoint,877,2,1,24.845081467176918,21.62294743472359
train,paper_eq1,877,3,1,38.73790273468048,41.58935571206961
train,mask_pca,877,3,1,39.600878076425836,42.840345548631966
train,cej_int_midpoint,877,3,1,39.76320671820376,43.13327731852564
train,mask_pca,877,4,1,100.0,100.0
train,paper_eq1,879,1,1,8.818640667419128,10.099354648987415
train,mask_pca,879,1,1,9.235115192947378,10.43130308358594
train,cej_int_midpoint,879,1,1,6.011303702452389,10.732955598719386
train,paper_eq1,879,2,1,9.56184212167155,10.090856612482435
train,mask_pca,879,2,1,9.776680996298515,10.200335260909709
train,cej_int_midpoint,879,2,1,9.612376485033108,10.298090602010726
train,paper_eq1,88,0,1,24.065997058546845,11.273158690521432
train,mask_pca,88,0,1,24.657095126786405,19.661391010177894
train,cej_int_midpoint,88,0,1,24.94365509865523,53.74059271957646
train,paper_eq1,880,1,1,2.8380093249289384,5.71189060726711
train,mask_pca,880,1,1,3.1098878008882345,6.20190464108661
train,cej_int_midpoint,880,1,1,3.9711104014379126,6.524073988742177
train,paper_eq1,880,2,1,4.979795229450601,5.786730655187173
train,mask_pca,880,2,1,6.299984388994822,7.662325533385865
train,cej_int_midpoint,880,2,1,6.053434247425595,8.91844005062251
train,paper_eq1,886,0,1,17.770618784530328,16.363724857745364
train,mask_pca,886,0,1,17.83261690375215,16.443854482199495
train,cej_int_midpoint,886,0,1,17.841747412646168,16.423585078811843
train,paper_eq1,886,1,1,3.1091804441541915,6.689734797140743
train,mask_pca,886,1,1,2.9339101638228122,6.529740172071293
train,cej_int_midpoint,886,1,1,6.842741856116484,6.745554259589909
train,paper_eq1,888,0,1,16.252977652236453,15.327560382119717
train,mask_pca,888,0,1,15.66445372973963,15.791263984234163
train,cej_int_midpoint,888,0,1,16.447200644730987,15.725209312691868
train,paper_eq1,888,1,0,26.88414619122358,28.807276998233338
train,paper_eq1,888,1,1,18.416036296296802,21.52434904073543
train,mask_pca,888,1,0,26.36302267302277,28.851175809227144
train,mask_pca,888,1,1,19.86698611872969,23.615687922809887
train,cej_int_midpoint,888,1,0,26.914410659609867,28.81651707932203
train,cej_int_midpoint,888,1,1,21.065825190977606,24.87728045528483
train,paper_eq1,888,2,1,15.937895561360063,14.95937543239097
train,mask_pca,888,2,1,16.1966949946512,15.27397818614706
train,cej_int_midpoint,888,2,1,16.190909806544727,15.262743411865248
train,paper_eq1,888,3,1,8.587012353482852,10.717902082069768
train,mask_pca,888,3,1,8.198224661998834,10.200992149092775
train,cej_int_midpoint,888,3,1,8.526777795497132,10.606864575881554
train,paper_eq1,889,0,1,8.212722612256208,4.712158661267832
train,mask_pca,889,0,1,8.232752658346502,4.801783785952705
train,cej_int_midpoint,889,0,1,8.1975809840201,4.641407100585669
train,paper_eq1,889,1,1,81.45153017437339,86.73982427894587
train,mask_pca,889,1,1,83.20877150180763,88.0919217120579
train,cej_int_midpoint,889,1,1,83.11242997387292,87.54481427694526
train,paper_eq1,897,1,0,10.76023193981352,12.149389932338845
train,paper_eq1,897,1,1,2.5313147741765434,2.12752182579491
train,mask_pca,897,1,0,10.653058537273166,12.178300164234859
train,mask_pca,897,1,1,2.9441924754135402,2.201479944487029
train,cej_int_midpoint,897,1,0,10.784648817874361,12.15675070162437
train,cej_int_midpoint,897,1,1,3.591091108983245,2.268841787218113
train,paper_eq1,897,2,1,2.831230454068569,5.369357973169116
train,mask_pca,897,2,1,3.8124362816215362,6.399235792070071
train,cej_int_midpoint,897,2,1,4.30571016816362,6.578415877296767
train,paper_eq1,897,3,1,6.499452277278402,9.734371597381381
train,mask_pca,897,3,1,7.160339745712441,10.050127699157176
train,cej_int_midpoint,897,3,1,7.369467326663842,10.059266340792684
train,paper_eq1,898,1,1,90.93375796256773,36.56072809615672
train,mask_pca,898,1,1,13.828474545284061,16.47703134410642
train,cej_int_midpoint,898,1,1,83.71670267109977,70.95268597670336
train,paper_eq1,898,2,1,17.53033897527222,21.30746938387137
train,mask_pca,898,2,1,17.74266746739671,21.598071812778883
train,cej_int_midpoint,898,2,1,16.893941315948492,21.3048353606458
train,paper_eq1,9,1,1,76.86932046201711,74.94134107487645
train,mask_pca,9,1,1,78.96829751488758,76.81376699785014
train,cej_int_midpoint,9,1,1,78.90722248514963,76.75512937220155
train,paper_eq1,9,2,1,13.163450773549542,10.756260597306895
train,mask_pca,9,2,1,14.092938232696312,11.13810086466247
train,cej_int_midpoint,9,2,1,14.42118812093984,11.108415095873632
train,paper_eq1,9,4,1,10.579376695034203,18.219788835617393
train,mask_pca,9,4,1,10.740103235856514,18.56538746615289
train,cej_int_midpoint,9,4,1,10.665066283816778,18.96147481109047
train,paper_eq1,90,0,1,59.41602965564534,39.79414028866446
train,mask_pca,90,0,1,59.4701829514604,39.84224788630591
train,cej_int_midpoint,90,0,1,59.42438087589635,39.82224584908294
train,paper_eq1,90,1,1,61.980127821123986,59.76256129654796
train,mask_pca,90,1,1,56.31680469044957,53.59026889939928
train,cej_int_midpoint,90,1,1,59.100381495031954,56.571491263585436
train,paper_eq1,900,1,0,7.93078413228005,10.439283599701616
train,paper_eq1,900,1,1,5.532640066376875,9.23054899555313
train,mask_pca,900,1,0,7.764489681541158,10.230136369118462
train,mask_pca,900,1,1,5.186459350355782,9.210639141285773
train,cej_int_midpoint,900,1,0,7.748569625424732,10.26422938605296
train,cej_int_midpoint,900,1,1,5.21266062347596,9.207808970425306
train,paper_eq1,900,2,1,6.67052694211485,11.655910048760544
train,mask_pca,900,2,1,6.599372368184625,11.551280981345064
train,cej_int_midpoint,900,2,1,6.67625582426287,11.684972241195043
train,paper_eq1,901,1,1,89.5305571407946,85.06103763325217
train,mask_pca,901,1,1,16.80237845423347,20.270642256101834
train,cej_int_midpoint,901,1,1,74.87920925758293,70.56086013052465
train,mask_pca,901,3,1,6.73567197657284,3.646661145555828
train,paper_eq1,902,0,1,46.24468257386671,43.9541415190217
train,mask_pca,902,0,1,46.53713707036838,44.15593383071792
train,cej_int_midpoint,902,0,1,46.54768038351025,44.13578501301187
train,paper_eq1,902,1,1,71.14498293925817,71.55733649990216
train,mask_pca,902,1,1,59.329191235399584,61.4927339439475
train,cej_int_midpoint,902,1,1,65.00195643502909,66.18830907974957
train,paper_eq1,903,0,1,9.857713557624749,7.6191006211998955
train,mask_pca,903,0,1,9.931267217421942,7.931411029769464
train,cej_int_midpoint,903,0,1,9.928641234606179,7.944614263961529
train,paper_eq1,903,1,1,19.75315932435693,21.44063368378083
train,mask_pca,903,1,1,20.74165239415226,22.37495246344902
train,cej_int_midpoint,903,1,1,20.454142029550283,21.914879391873193
train,paper_eq1,903,2,1,13.656836553107258,13.692791730628684
train,mask_pca,903,2,1,13.646797683597814,13.714006612228829
train,cej_int_midpoint,903,2,1,13.669390697631819,13.709489785057189
train,paper_eq1,903,3,1,5.900229508952007,0.18995400039850777
train,mask_pca,903,3,1,5.978231597920882,0.051484063113560866
train,cej_int_midpoint,903,3,1,5.92957198934125,0.005795859836944946
train,paper_eq1,905,2,1,27.259184574231547,28.72009522230784
train,mask_pca,905,2,1,28.10013598733573,28.815000965407062
train,cej_int_midpoint,905,2,1,25.445367657576096,28.873542831990218
train,paper_eq1,905,3,1,55.45666634237366,57.055923466569766
train,mask_pca,905,3,1,55.696064119123555,57.593386091905515
train,cej_int_midpoint,905,3,1,55.726349523644544,57.63747788219542
train,paper_eq1,905,4,1,57.37215944783013,55.24092784522738
train,mask_pca,905,4,1,58.59345163023433,55.64535355927103
train,cej_int_midpoint,905,4,1,59.67223980819294,55.54321690559977
train,paper_eq1,91,0,0,25.645372034535086,26.6209513444778
train,paper_eq1,91,0,1,43.68389192465127,42.59475209842245
train,mask_pca,91,0,0,26.382984329383213,27.360045733816747
train,mask_pca,91,0,1,43.78835407504507,42.85847023159434
train,cej_int_midpoint,91,0,0,27.668500016188553,28.722430981858267
train,cej_int_midpoint,91,0,1,43.62565066782194,42.52770651078267
train,paper_eq1,910,0,1,14.918185817894539,14.485764681403094
train,mask_pca,910,0,1,14.970388955378052,14.590869831862499
train,cej_int_midpoint,910,0,1,14.948599022012099,14.550278862877677
train,paper_eq1,910,1,0,24.820723933805425,27.135352991066835
train,paper_eq1,910,1,1,22.80653452009698,17.84198103115662
train,mask_pca,910,1,0,24.777072705875568,27.138467970502354
train,mask_pca,910,1,1,22.280524734827477,24.171261564611495
train,cej_int_midpoint,910,1,0,24.69941673305271,27.142632102124075
train,cej_int_midpoint,910,1,1,22.517101444527523,23.182652090336962
train,paper_eq1,910,2,1,34.00692375154009,34.42572572591452
train,mask_pca,910,2,1,33.71700499261247,34.12473919435567
train,cej_int_midpoint,910,2,1,37.49555281300656,34.31780375133914
train,paper_eq1,910,3,1,9.253363363647551,10.494176664512501
train,mask_pca,910,3,1,9.147901168337974,10.401540648060571
train,cej_int_midpoint,910,3,1,9.317995395071826,8.379117201279518
train,paper_eq1,912,0,1,54.71586030721759,38.278766812861306
train,mask_pca,912,0,1,55.10962358269733,38.38291196266347
train,cej_int_midpoint,912,0,1,54.847306515133155,38.35599824223995
train,paper_eq1,912,2,1,28.56127399395849,79.31528356003919
train,mask_pca,912,2,1,49.84985249968878,22.881186142227776
train,cej_int_midpoint,912,2,1,54.139722624024486,58.01959079902773
train,paper_eq1,912,3,0,40.92579867525723,39.953907409954084
train,paper_eq1,912,3,1,37.79114535025985,40.51370864640224
train,mask_pca,912,3,0,42.3059073071718,41.23761933511263
train,mask_pca,912,3,1,38.12188640790325,43.72838937521559
train,cej_int_midpoint,912,3,0,42.36973251041371,41.33514158337518
train,cej_int_midpoint,912,3,1,38.08071322315763,43.59440168001753
train,paper_eq1,914,0,1,22.70884979500988,19.206102131666498
train,mask_pca,914,0,1,22.934096588949892,19.252757687846124
train,cej_int_midpoint,914,0,1,24.389492610634207,19.259204942405173
train,paper_eq1,914,1,1,14.072042281158515,11.800659026751294
train,mask_pca,914,1,1,14.02057092392993,11.705149782502005
train,cej_int_midpoint,914,1,1,14.0340362356247,11.70766180881217
train,paper_eq1,914,2,1,16.019026759153345,16.237532047953035
train,mask_pca,914,2,1,15.996399461443112,16.34325186895971
train,cej_int_midpoint,914,2,1,15.999268437614,16.262316285230106
train,paper_eq1,914,3,1,12.129271905283236,92.283913167906
train,mask_pca,914,3,1,11.332633103360115,21.736645906438202
train,cej_int_midpoint,914,3,1,11.891540663118699,78.99832108671502
train,paper_eq1,919,1,0,36.64310311328748,37.59293785914032
train,paper_eq1,919,1,1,43.01026071611066,43.72797573295087
train,mask_pca,919,1,0,42.27538024535706,43.31794130520898
train,mask_pca,919,1,1,43.23382192479847,44.0518942099039
train,cej_int_midpoint,919,1,0,43.132711082467566,44.33726090466287
train,cej_int_midpoint,919,1,1,43.12857528706418,43.88232584163349
train,paper_eq1,919,2,0,37.62709184000654,28.202191010159055
train,paper_eq1,919,2,1,34.24838713584021,34.191546663810676
train,mask_pca,919,2,0,37.825264641322434,33.47957574479479
train,mask_pca,919,2,1,34.88673141085737,34.71693779039195
train,cej_int_midpoint,919,2,0,37.853929270742924,34.21415219908008
train,cej_int_midpoint,919,2,1,34.832820670602125,34.5710438927798
train,paper_eq1,92,0,1,64.47498088942385,64.61457144346771
train,mask_pca,92,0,1,64.9257202285606,64.97352064344064
train,cej_int_midpoint,92,0,1,64.92045045972768,64.93207377871776
train,paper_eq1,92,1,1,36.998941733906435,34.947639355502304
train,mask_pca,92,1,1,37.33582945926658,35.165550118225944
train,cej_int_midpoint,92,1,1,37.38262592707344,35.18509846216628
train,paper_eq1,92,2,1,46.72937535479428,46.27597561988112
train,mask_pca,92,2,1,48.792986060240054,47.95151291989275
train,cej_int_midpoint,92,2,1,52.17752334892807,51.40581838103094
train,paper_eq1,921,0,1,18.1686280673068,15.766282077408539
train,mask_pca,921,0,1,18.862210606150576,16.135743965804135
train,cej_int_midpoint,921,0,1,19.150458918888884,15.969481006721578
train,paper_eq1,921,1,1,18.380781552649594,19.101667050404817
train,mask_pca,921,1,1,19.074275160401285,19.868295968933598
train,cej_int_midpoint,921,1,1,19.25890181623231,19.955336492810012
train,paper_eq1,921,2,1,26.035171648341105,25.82409934302871
train,mask_pca,921,2,1,27.08728104950568,26.379105016187015
train,cej_int_midpoint,921,2,1,27.19272358837791,26.28811749459598
train,paper_eq1,921,3,1,13.836324813486753,11.594949036448455
train,mask_pca,921,3,1,14.17083153989654,11.934843994924597
train,cej_int_midpoint,921,3,1,14.079594806065293,11.82911873107716
train,paper_eq1,922,1,1,94.7002577485838,10.483369008352222
train,mask_pca,922,1,1,3.300876748428272,10.489658303291371
train,cej_int_midpoint,922,1,1,94.7002577485838,10.48889276837619
train,paper_eq1,922,2,1,11.847430249125743,15.923157584631756
train,mask_pca,922,2,1,12.033598149190668,16.189793965979504
train,cej_int_midpoint,922,2,1,11.961781031707783,16.172462233953944
train,paper_eq1,922,3,1,11.924237884710722,14.905563910831907
train,mask_pca,922,3,1,11.9411848666457,14.937728259233934
train,cej_int_midpoint,922,3,1,11.934113297284968,14.934464677794681
train,paper_eq1,923,0,1,12.513759788499632,17.24650959210293
train,mask_pca,923,0,1,12.340248037540023,18.722697615838946
train,cej_int_midpoint,923,0,1,12.450832799821196,18.364816798796575
train,mask_pca,923,1,1,6.810909314534965,60.127137062323776
train,paper_eq1,923,2,0,2.805006816881372,3.660129240236909
train,paper_eq1,923,2,1,5.688171917345833,7.386077332061436
train,mask_pca,923,2,0,2.8457565539991627,3.971979213544969
train,mask_pca,923,2,1,5.431621266879228,7.359269376431396
train,cej_int_midpoint,923,2,0,2.592731641022703,4.106704507072136
train,cej_int_midpoint,923,2,1,5.742926617067832,7.376673523118796
train,paper_eq1,923,3,1,14.561027609810887,13.66605352457107
train,mask_pca,923,3,1,14.663118278081292,14.015074756657475
train,cej_int_midpoint,923,3,1,14.664020869418074,14.00880491385765
train,paper_eq1,923,4,1,15.665705926586766,16.908983709868686
train,mask_pca,923,4,1,17.066934482971728,8.693054701693043
train,cej_int_midpoint,923,4,1,18.272339331350206,57.9237523834922
train,paper_eq1,924,0,1,17.748740432579776,20.076074914661195
train,mask_pca,924,0,1,18.32248213794111,20.72294166974423
train,cej_int_midpoint,924,0,1,18.424154633758484,20.82401946931843
train,paper_eq1,924,1,1,27.58889508362874,25.179029660000186
train,mask_pca,924,1,1,27.881191538392358,25.364173273994155
train,cej_int_midpoint,924,1,1,27.810430183611906,25.335169012595827
train,paper_eq1,924,2,1,36.171453419939574,43.61228201128195
train,mask_pca,924,2,1,36.31803445108117,31.18441888413288
train,cej_int_midpoint,924,2,1,35.891160562752134,37.22224831662071
train,paper_eq1,924,3,1,48.08335229834428,41.79341617243019
train,mask_pca,924,3,1,48.68904042032969,42.88782713792465
train,cej_int_midpoint,924,3,1,48.75044473700066,43.016777136692106
train,paper_eq1,924,4,1,25.343902490998758,23.505566011722316
train,mask_pca,924,4,1,25.652625716882778,23.772205187805675
train,cej_int_midpoint,924,4,1,25.643666053687582,23.713659945396813
train,paper_eq1,924,5,1,36.98397754244699,37.77042412772934
train,mask_pca,924,5,1,38.04449994084319,38.78627420923546
train,cej_int_midpoint,924,5,1,37.76331580413409,39.029660546181034
train,paper_eq1,926,4,1,34.08012040323293,35.23890681941433
train,mask_pca,926,4,1,34.6423439540421,35.63368354164143
train,cej_int_midpoint,926,4,1,34.567350727614006,35.50429506741345
train,paper_eq1,927,0,0,2.5816569728237626,4.667683317111167
train,paper_eq1,927,0,1,3.76838490541253,5.02869689342442
train,mask_pca,927,0,0,2.8312160218299924,4.707074505076771
train,mask_pca,927,0,1,3.654766723918578,4.892750470661846
train,cej_int_midpoint,927,0,0,3.276637775964892,4.731484806990129
train,cej_int_midpoint,927,0,1,4.113998906559544,4.992373497228835
train,paper_eq1,927,1,0,2.17902854224993,0.18097821145578363
train,mask_pca,927,1,0,2.28613973096048,0.0728939090036701
train,cej_int_midpoint,927,1,0,2.405136442245923,0.47680878837257773
train,paper_eq1,927,2,1,10.091428805201708,13.225229531595673
train,mask_pca,927,2,1,10.13166953516705,13.26816563561147
train,cej_int_midpoint,927,2,1,10.123336166046444,13.318962572157588
train,paper_eq1,933,0,1,13.848201900333699,10.806334736352738
train,mask_pca,933,0,1,14.14697776882376,11.079725783814927
train,cej_int_midpoint,933,0,1,12.046869602116029,11.076626124157178
train,paper_eq1,933,1,1,18.543120632617587,18.052520290778673
train,mask_pca,933,1,1,18.65920169761739,18.232995601176068
train,cej_int_midpoint,933,1,1,17.325052287570465,18.49576592229563
train,paper_eq1,937,0,1,39.2951622520239,38.09196835065897
train,mask_pca,937,0,1,41.366013906483964,39.05182006491095
train,cej_int_midpoint,937,0,1,41.615492276387506,39.24334627586548
train,paper_eq1,937,1,1,29.55819564241705,46.67003754595989
train,mask_pca,937,1,1,30.32899485216629,39.47286916239506
train,cej_int_midpoint,937,1,1,30.553242054039913,52.783958624068624
train,paper_eq1,937,2,1,26.00680367452584,26.308929423894124
train,mask_pca,937,2,1,26.024283069322284,26.31079103525443
train,cej_int_midpoint,937,2,1,25.494228817263448,26.45094064406931
train,paper_eq1,94,0,1,4.0611922709253605,10.292237336550244
train,mask_pca,94,0,1,4.052856229043124,10.31704270502478
train,cej_int_midpoint,94,0,1,4.054942523920895,10.310362610991026
train,paper_eq1,94,1,0,4.6474323580114305,7.894591043097625
train,paper_eq1,94,1,1,12.849304358680389,11.139889781856311
train,mask_pca,94,1,0,4.736387715174946,8.193164771057145
train,mask_pca,94,1,1,13.037422925988873,11.133829960514232
train,cej_int_midpoint,94,1,0,4.8398194924059235,8.563164631630968
train,cej_int_midpoint,94,1,1,13.557159360761538,11.520327846028115
train,paper_eq1,94,2,0,16.99069258152481,16.390445018250706
train,paper_eq1,94,2,1,25.542833579176182,25.73239276861737
train,mask_pca,94,2,0,17.70119191099172,17.33538814544813
train,mask_pca,94,2,1,25.42431836924563,25.553546561520935
train,cej_int_midpoint,94,2,0,18.196484600056344,17.843738022397844
train,cej_int_midpoint,94,2,1,25.83502900046065,25.867731996034532
train,paper_eq1,94,3,1,32.97919730334021,29.275008316107698
train,mask_pca,94,3,1,33.42294734409222,30.023806618379194
train,cej_int_midpoint,94,3,1,33.32296840769417,29.94000235565449
train,paper_eq1,940,0,1,2.5315232139708774,5.916990468559922
train,mask_pca,940,0,1,2.5254024224535083,5.926628704020714
train,cej_int_midpoint,940,0,1,2.544197655489692,5.798887358453076
train,paper_eq1,940,1,1,0.05385696631233681,4.097302383489242
train,mask_pca,940,1,1,0.14858920021486008,4.200861676339993
train,cej_int_midpoint,940,1,1,0.568758450953145,4.439434874512122
train,paper_eq1,940,2,1,0.947684286978457,4.217381211572605
train,mask_pca,940,2,1,0.9037223717521612,4.24383209654444
train,cej_int_midpoint,940,2,1,0.9469868726409031,4.243819081956392
train,paper_eq1,941,1,1,1.2505178841446736,4.751732430672739
train,mask_pca,941,1,1,1.1982536056071105,4.7999849036529145
train,cej_int_midpoint,941,1,1,1.6659021656167647,4.808880300254658
train,paper_eq1,941,2,1,22.670189207054005,25.978256429500135
train,mask_pca,941,2,1,24.36956994978074,28.1330128799853
train,cej_int_midpoint,941,2,1,24.14483179535203,27.88702492018168
train,paper_eq1,941,3,1,17.704680212595246,19.390382394401396
train,mask_pca,941,3,1,18.383193883664227,19.6714324691341
train,cej_int_midpoint,941,3,1,18.108425161706332,19.543267002685674
train,paper_eq1,941,4,1,100.0,87.10375173724726
train,mask_pca,941,4,1,8.46034663591447,14.0398266849949
train,paper_eq1,948,1,1,10.231585228064361,15.98719500337632
train,mask_pca,948,1,1,10.519844811642983,16.25620133879872
train,cej_int_midpoint,948,1,1,10.677172797119697,16.306357161887565
train,paper_eq1,948,2,1,9.948509740028989,11.697680121892581
train,mask_pca,948,2,1,9.86849172253715,11.714673414278609
train,cej_int_midpoint,948,2,1,9.89175914255593,11.712579338427204
train,paper_eq1,949,0,1,7.9178339013273025,10.606187457033679
train,mask_pca,949,0,1,8.432619678486649,10.857905934108045
train,cej_int_midpoint,949,0,1,8.914534293952423,10.926279549145242
train,paper_eq1,949,1,1,7.2309017696326485,17.550720788145824
train,mask_pca,949,1,1,7.202484045007242,17.389981894579563
train,cej_int_midpoint,949,1,1,7.583560798021086,18.947261990716356
train,paper_eq1,949,2,1,4.458806189326087,5.106188371293653
train,mask_pca,949,2,1,4.474172315073816,5.224816968882372
train,cej_int_midpoint,949,2,1,4.474410187238456,5.251280659482202
train,paper_eq1,95,1,0,40.87629733234689,42.58097375325953
train,paper_eq1,95,1,1,12.894209717129437,12.160583887585972
train,mask_pca,95,1,0,41.413181522639356,43.063834657302735
train,mask_pca,95,1,1,14.402907763606205,14.977686477390591
train,cej_int_midpoint,95,1,0,41.000874025456056,42.79239092568866
train,cej_int_midpoint,95,1,1,15.215827503959222,15.688893032330315
train,paper_eq1,95,2,1,10.304610966794138,11.858547218845885
train,mask_pca,95,2,1,10.991019921893459,13.280740513389713
train,cej_int_midpoint,95,2,1,10.741983686279283,13.3268509955388
train,paper_eq1,951,0,1,10.996093291620936,17.56760713179735
train,mask_pca,951,0,1,11.121640830402939,18.32648529361418
train,cej_int_midpoint,951,0,1,8.971005074174759,23.185004301420076
train,paper_eq1,951,1,1,4.608139623773693,10.82398898504321
train,mask_pca,951,1,1,13.202327524195448,15.76592120169412
train,cej_int_midpoint,951,1,1,55.211799679686855,45.412315571058016
train,paper_eq1,951,2,1,12.261007541577888,16.33928494339422
train,mask_pca,951,2,1,12.39224084820443,16.473795023889952
train,cej_int_midpoint,951,2,1,10.360826576810963,16.51644008419229
train,paper_eq1,952,0,0,11.270059313623673,16.629226602930075
train,paper_eq1,952,0,1,13.94666089917811,15.033298516070007
train,mask_pca,952,0,0,11.244895262499949,16.64364062579931
train,mask_pca,952,0,1,14.407606809249973,15.439984834722468
train,cej_int_midpoint,952,0,0,11.252042371900037,16.639075722371345
train,cej_int_midpoint,952,0,1,14.53846535559095,15.575809996860663
train,paper_eq1,952,1,0,6.476037985521075,9.029571556150213
train,paper_eq1,952,1,1,15.935841828893697,17.674565204664606
train,mask_pca,952,1,0,7.015422066307081,9.33867491169719
train,mask_pca,952,1,1,15.653559697777839,17.60632086749295
train,cej_int_midpoint,952,1,0,7.555084988179949,9.491968336301221
train,cej_int_midpoint,952,1,1,15.898730786005421,17.639116462900205
train,paper_eq1,954,1,1,11.561073387030756,14.777139716881871
train,mask_pca,954,1,1,11.743514397658076,14.986886947208793
train,cej_int_midpoint,954,1,1,11.752504911582957,14.991232462066058
train,paper_eq1,954,2,1,1.8033769999822191,3.2343537569049383
train,mask_pca,954,2,1,1.8376524650443455,4.0522410922130065
train,cej_int_midpoint,954,2,1,1.8117271197009053,5.2669707325353015
train,paper_eq1,955,1,1,1.4841264392348406,0.2822170142924335
train,mask_pca,955,1,1,2.2611899068046637,0.06986439030407472
train,cej_int_midpoint,955,1,1,4.207646676283412,0.10548131530254917
train,paper_eq1,955,2,0,8.554509511043246,10.66283240438416
train,paper_eq1,955,2,1,14.246201544169343,13.66876907563001
train,mask_pca,955,2,0,8.641478767742033,10.830496021812577
train,mask_pca,955,2,1,15.04558422129863,14.359029504944207
train,cej_int_midpoint,955,2,0,8.609977953481032,10.770845453135546
train,cej_int_midpoint,955,2,1,15.278828478282522,14.565173062347556
train,paper_eq1,956,1,1,8.022431725353522,13.723524721078373
train,mask_pca,956,1,1,8.040535627573824,13.803685777309132
train,cej_int_midpoint,956,1,1,8.069092189660394,13.814502889180035
train,paper_eq1,956,2,1,10.598175084787805,10.421620654147915
train,mask_pca,956,2,1,10.429981060366762,10.43501800456975
train,cej_int_midpoint,956,2,1,10.608943961242726,10.430824650017255
train,paper_eq1,956,3,1,11.972955008399055,11.608788247959714
train,mask_pca,956,3,1,11.918742366001867,13.418854356515192
train,cej_int_midpoint,956,3,1,11.936023286081825,13.015696296677342
train,paper_eq1,956,4,1,16.827157385081318,14.501741847521366
train,mask_pca,956,4,1,17.150997794288575,14.587454404378015
train,cej_int_midpoint,956,4,1,17.053409320934144,14.556122959752816
train,paper_eq1,956,5,1,11.295598859540537,10.911118434648124
train,mask_pca,956,5,1,11.518986272845162,11.250449006731815
train,cej_int_midpoint,956,5,1,11.398209396099293,11.197275302577603
train,paper_eq1,959,0,1,7.293030732625177,6.714696218062843
train,mask_pca,959,0,1,3.004892499295398,2.067463195679357
train,paper_eq1,959,1,1,13.659061251117668,15.82456858897679
train,mask_pca,959,1,1,14.071479640364416,16.03153894283595
train,cej_int_midpoint,959,1,1,10.45324187473439,16.011945201829562
train,paper_eq1,959,2,1,11.927145036704895,10.364633902769144
train,mask_pca,959,2,1,11.977163753226819,10.483764811094458
train,cej_int_midpoint,959,2,1,11.994105927218403,10.50282256462317
train,paper_eq1,96,0,1,22.50576575282693,20.774809161867562
train,mask_pca,96,0,1,14.65001402655611,14.403656074924875
train,cej_int_midpoint,96,0,1,55.12241667837969,58.817606511383744
train,paper_eq1,96,2,1,9.186483878231172,8.955979513099177
train,mask_pca,96,2,1,8.86965857646103,8.59455358253141
train,cej_int_midpoint,96,2,1,12.340562731583638,9.123556501437385
train,paper_eq1,96,3,1,5.964355766361389,9.600829882669046
train,mask_pca,96,3,1,6.04598238207144,9.778853264895957
train,cej_int_midpoint,96,3,1,6.048060747405952,9.7290335960567
train,paper_eq1,96,4,1,11.627781486142883,9.369851828535472
train,mask_pca,96,4,1,11.74932106207955,9.418575044118793
train,cej_int_midpoint,96,4,1,12.351494910708432,9.580371195217287
train,paper_eq1,960,0,0,10.569751832193116,10.487524540061507
train,paper_eq1,960,0,1,3.9471449330703194,4.671257705890062
train,mask_pca,960,0,0,10.574179337649754,10.519554683157265
train,mask_pca,960,0,1,3.94053415992415,4.654029511226385
train,cej_int_midpoint,960,0,0,10.572139854928425,10.529358916557372
train,cej_int_midpoint,960,0,1,3.9312492826154655,4.661147900183284
train,mask_pca,960,1,1,5.7824328340038775,5.445045077653717
train,paper_eq1,962,2,1,9.228710552485063,14.929072912105903
train,mask_pca,962,2,1,10.21101513771336,15.599539396611654
train,cej_int_midpoint,962,2,1,10.997812713121096,15.645189255626612
train,paper_eq1,962,3,1,3.4018212340048133,6.65159273652615
train,mask_pca,962,3,1,3.151676600251646,6.6929406998216745
train,cej_int_midpoint,962,3,1,3.137738831554262,6.675674378037899
train,paper_eq1,962,4,1,1.468535231929783,5.266038318405393
train,mask_pca,962,4,1,1.6222897337456874,5.652178719509441
train,cej_int_midpoint,962,4,1,1.7759713250002664,5.841900762213557
train,paper_eq1,963,1,1,5.177401576791191,7.045945133545341
train,mask_pca,963,1,1,4.96130997239869,6.886965899037903
train,cej_int_midpoint,963,1,1,5.352923181850251,6.892984981000265
train,paper_eq1,963,2,0,10.209363888088104,14.373451184528797
train,paper_eq1,963,2,1,5.846522683572196,10.569520358187374
train,mask_pca,963,2,0,10.07363713804278,13.799458987787663
train,mask_pca,963,2,1,6.141705447477445,10.923717945194078
train,cej_int_midpoint,963,2,0,10.268873197693638,14.150606846151101
train,cej_int_midpoint,963,2,1,6.4030955050059095,11.322472360830398
train,paper_eq1,963,3,1,6.634451162623585,9.656268126452618
train,mask_pca,963,3,1,6.844785096897484,9.95961280896536
train,cej_int_midpoint,963,3,1,6.887084881702534,10.084907214714965
train,paper_eq1,964,0,1,7.539877678091676,6.24537381149715
train,mask_pca,964,0,1,7.796742594365663,6.279105324205079
train,cej_int_midpoint,964,0,1,7.8033428741664705,6.266082594047207
train,paper_eq1,964,1,1,7.149754380894076,6.281794220863175
train,mask_pca,964,1,1,7.2265255443654235,6.443627598386654
train,cej_int_midpoint,964,1,1,7.25444326129876,6.522698222515295
train,paper_eq1,964,2,0,14.548001485452438,11.94494759826458
train,paper_eq1,964,2,1,5.441358446536444,4.161201382894045
train,mask_pca,964,2,0,14.567114763096686,12.017666592000182
train,mask_pca,964,2,1,5.210910987194894,4.147965347933321
train,cej_int_midpoint,964,2,0,14.632756637151298,12.176358485763007
train,cej_int_midpoint,964,2,1,5.306521754035085,4.153927101460264
train,paper_eq1,966,0,1,12.28265102489118,13.338659338147373
train,mask_pca,966,0,1,13.035858818879245,14.039082469576488
train,cej_int_midpoint,966,0,1,13.154749105762015,14.160408395245511
train,paper_eq1,966,1,1,79.06077048148487,80.0169457160261
train,mask_pca,966,1,1,22.5051726432409,22.154637860726652
train,cej_int_midpoint,966,1,1,74.06351719680036,77.38632636993042
train,paper_eq1,966,2,1,4.73694995074269,4.0831034933971635
train,mask_pca,966,2,1,5.467847122294062,4.768962091167964
train,cej_int_midpoint,966,2,1,5.238855340204904,4.54888183181039
train,mask_pca,967,0,1,29.049434728939644,31.465020975223297
train,cej_int_midpoint,967,0,1,81.42281022678132,82.95960539677392
train,paper_eq1,967,1,0,18.21401760503157,14.075320230551004
train,paper_eq1,967,1,1,7.853334223542155,7.259327080244919
train,mask_pca,967,1,0,17.81347787060469,13.901579764195333
train,mask_pca,967,1,1,8.235217923476274,7.544151032071846
train,cej_int_midpoint,967,1,0,18.20053579320935,14.041011455167606
train,cej_int_midpoint,967,1,1,8.629347141467099,7.79619802469123
train,paper_eq1,967,2,1,6.537367412660144,7.20042584242368
train,mask_pca,967,2,1,7.314048229088575,7.4945417169725275
train,cej_int_midpoint,967,2,1,7.730553819468828,7.574310686354928
train,paper_eq1,968,0,1,8.212536843206198,9.642258582622972
train,mask_pca,968,0,1,8.41247368751127,9.664534565910353
train,cej_int_midpoint,968,0,1,8.48360448678119,9.648404484868859
train,paper_eq1,968,1,1,9.262703316011047,9.635832667425692
train,mask_pca,968,1,1,10.357811243755503,9.644131018647393
train,cej_int_midpoint,968,1,1,10.168377424875139,9.638438609477596
train,paper_eq1,969,0,1,6.716787303567538,11.027256036728126
train,mask_pca,969,0,1,6.700168858480248,11.012410645238543
train,cej_int_midpoint,969,0,1,6.76348015802177,11.070126655973162
train,paper_eq1,969,1,1,6.591723213143232,5.368029125705834
train,mask_pca,969,1,1,6.457728306912959,5.338924761244529
train,cej_int_midpoint,969,1,1,6.69713310592977,5.356543029225663
train,paper_eq1,969,2,0,9.87573415665642,9.547979310199509
train,paper_eq1,969,2,1,1.9829154292274818,0.8164760885099015
train,mask_pca,969,2,0,10.201490101966314,9.767741762891175
train,mask_pca,969,2,1,1.8643621486629944,0.4385181655054731
train,cej_int_midpoint,969,2,0,11.201843757484927,10.863896850905155
train,cej_int_midpoint,969,2,1,2.0478371752172384,0.6438007784149619
train,paper_eq1,969,3,1,82.44981603284239,9.508466148470697
train,mask_pca,969,3,1,17.926422202374393,9.076745261003026
train,cej_int_midpoint,969,3,1,74.00644665345172,9.474160132931038
train,paper_eq1,97,0,1,35.2748183803595,34.71249115772435
train,mask_pca,97,0,1,35.826000830637575,35.61932512444832
train,cej_int_midpoint,97,0,1,37.692335381636234,35.67885171198729
train,paper_eq1,97,4,1,11.227149780613065,8.736364853374495
train,mask_pca,97,4,1,11.40437905302641,8.868507168217825
train,cej_int_midpoint,97,4,1,11.501475176786972,8.95261839210989
train,paper_eq1,970,1,0,7.244850306673527,10.576089231255922
train,paper_eq1,970,1,1,8.669393184646225,7.586323911796073
train,mask_pca,970,1,0,6.91587160684458,10.35476709173399
train,mask_pca,970,1,1,8.625563401176965,7.47859488745234
train,cej_int_midpoint,970,1,0,6.999705003676741,10.414930475732366
train,cej_int_midpoint,970,1,1,8.617269143872038,7.449479775950461
train,paper_eq1,970,2,0,23.99686314951356,21.21555851393758
train,paper_eq1,970,2,1,17.447878520836845,11.34436022448021
train,mask_pca,970,2,0,23.751178441592376,20.964708508520527
train,mask_pca,970,2,1,17.34746017982622,13.773722648057458
train,cej_int_midpoint,970,2,0,23.9271970248015,21.261640917037024
train,cej_int_midpoint,970,2,1,17.294575884454265,14.550063031080024
train,paper_eq1,970,3,1,9.513914338470396,7.727632722372816
train,mask_pca,970,3,1,8.876724962299157,7.594395089237625
train,cej_int_midpoint,970,3,1,9.513914338470519,7.834425290747617
train,paper_eq1,974,1,0,8.702094016872051,8.443766208666958
train,paper_eq1,974,1,1,9.483685737217014,8.807388668746427
train,mask_pca,974,1,0,8.728175246326716,8.445128478487934
train,mask_pca,974,1,1,9.75812191790468,8.88925206120728
train,cej_int_midpoint,974,1,0,8.722078517322048,8.445854245512393
train,cej_int_midpoint,974,1,1,9.784374018790865,8.871832043084378
train,paper_eq1,974,2,1,4.183567268181396,4.226757556844879
train,mask_pca,974,2,1,4.309859766901601,4.30471036421727
train,cej_int_midpoint,974,2,1,4.3505983855223755,4.292019252470167
train,paper_eq1,974,3,1,19.598732589703605,16.544779328281475
train,mask_pca,974,3,1,19.534615791631907,16.67735203048644
train,cej_int_midpoint,974,3,1,19.583414477511806,16.645546743413483
train,paper_eq1,978,2,1,33.75859893301932,34.934949772661675
train,mask_pca,978,2,1,33.70836825819502,34.84379463278982
train,cej_int_midpoint,978,2,1,33.73090536263724,34.9120679839121
train,paper_eq1,978,3,1,14.457386869291561,72.88779757012436
train,mask_pca,978,3,1,15.217045488712552,12.533464386068141
train,cej_int_midpoint,978,3,1,15.508944896474405,42.73868710225444
train,paper_eq1,978,4,1,22.84978265723732,21.384655106757428
train,mask_pca,978,4,1,23.879330200353007,22.21558269015928
train,cej_int_midpoint,978,4,1,23.862615814450947,22.79248438814053
train,paper_eq1,979,0,1,10.68812095195802,17.9285692698082
train,mask_pca,979,0,1,15.696901262711096,20.568352256816542
train,cej_int_midpoint,979,0,1,16.67316589854794,21.42781551816684
train,paper_eq1,979,1,1,57.93346519017908,55.11918751396506
train,mask_pca,979,1,1,17.967987404051424,20.784067742721792
train,cej_int_midpoint,979,1,1,42.92417905048407,42.03996768622041
train,paper_eq1,979,2,1,23.89937586586097,22.81107584786632
train,mask_pca,979,2,1,23.832943983769482,23.19539603147249
train,cej_int_midpoint,979,2,1,20.814076403390047,23.21195587043369
train,paper_eq1,980,1,1,1.2666839209475114,5.126655617097577
train,mask_pca,980,1,1,1.3183804601507256,5.127203189130264
train,cej_int_midpoint,980,1,1,0.9493230206284687,5.125472238127252
train,paper_eq1,980,2,1,7.116893503069637,8.907152997427632
train,mask_pca,980,2,1,7.281656175090216,8.986622999535182
train,cej_int_midpoint,980,2,1,15.432616952559265,8.40584659517675
train,paper_eq1,981,0,1,10.206827362193263,19.562097701573165
train,mask_pca,981,0,1,16.404260550438,14.77665660901796
train,cej_int_midpoint,981,0,1,58.65965936703639,74.09738929046277
train,paper_eq1,982,1,1,3.572004560461191,9.136497539701608
train,mask_pca,982,1,1,3.5054008322879984,9.292016473579604
train,cej_int_midpoint,982,1,1,6.546251395562611,9.218660325188436
train,paper_eq1,982,2,1,8.836812747227242,12.746887449749355
train,mask_pca,982,2,1,9.09891345996471,13.02601458448948
train,cej_int_midpoint,982,2,1,9.133953569668233,12.97130341902788
train,paper_eq1,982,3,1,10.151473429741529,8.734992872675797
train,mask_pca,982,3,1,10.279655639886775,9.01007333779112
train,cej_int_midpoint,982,3,1,10.243587058413677,9.009257262930234
train,paper_eq1,983,1,1,5.595680537735285,4.915898241203824
train,mask_pca,983,1,1,5.839743211705616,5.388565846741
train,cej_int_midpoint,983,1,1,5.735726450508262,5.316747060020585
train,mask_pca,983,2,1,8.244821617701325,6.472413704245887
train,paper_eq1,986,1,1,1.5814571017990589,4.824694816026792
train,mask_pca,986,1,1,1.7099953031760613,4.778324423018305
train,cej_int_midpoint,986,1,1,1.6427487306205566,4.799980508267712
train,paper_eq1,986,2,0,11.360341411439396,7.406818801367858
train,paper_eq1,986,2,1,5.798721274304351,4.610481509552358
train,mask_pca,986,2,0,2.039407776601412,6.645526273785792
train,mask_pca,986,2,1,5.655438582750714,5.048301175510953
train,cej_int_midpoint,986,2,0,5.315390755209156,7.489143895311212
train,cej_int_midpoint,986,2,1,6.526768310748819,4.780339669137134
train,paper_eq1,986,3,1,4.253138477279225,8.198604326723359
train,mask_pca,986,3,1,4.022614632713749,8.092576351730303
train,cej_int_midpoint,986,3,1,4.114520928587291,8.224284559491588
train,paper_eq1,987,0,1,24.5180195270437,25.819585049146355
train,mask_pca,987,0,1,26.98570832988339,27.93005307926849
train,cej_int_midpoint,987,0,1,28.3605086808964,29.65982871153624
train,paper_eq1,987,1,1,22.096658682050542,20.08307086371472
train,mask_pca,987,1,1,24.300150747613607,21.948392425245885
train,cej_int_midpoint,987,1,1,19.22260267625589,22.37289173659384
train,paper_eq1,987,2,1,9.232568026768599,17.82384646432905
train,mask_pca,987,2,1,11.932068084359761,17.896825164054327
train,cej_int_midpoint,987,2,1,11.252576457309049,18.70130553140855
train,paper_eq1,99,0,1,21.291918819598386,19.759492340981872
train,mask_pca,99,0,1,21.222079748319377,19.749158946288304
train,cej_int_midpoint,99,0,1,21.321762095873172,19.760633428900658
train,paper_eq1,99,1,1,21.968581278058505,20.489869595993433
train,mask_pca,99,1,1,17.747092749470053,16.045037410084888
train,cej_int_midpoint,99,1,1,36.85133674236496,38.204260635148266
train,paper_eq1,99,2,0,25.90214467473472,26.15666117286607
train,paper_eq1,99,2,1,30.68140422132411,22.966700173568213
train,mask_pca,99,2,0,26.093575070060304,26.209680036878204
train,mask_pca,99,2,1,30.621445186121488,28.644058733376944
train,cej_int_midpoint,99,2,0,26.667389764456257,26.395984545840363
train,cej_int_midpoint,99,2,1,30.662430960225063,27.225407301864053
train,paper_eq1,991,0,0,16.434687206874656,19.82831919427765
train,paper_eq1,991,0,1,21.01606391917157,20.830934325603327
train,mask_pca,991,0,0,16.45527880455832,20.117168952101537
train,mask_pca,991,0,1,21.835851012348982,21.72848654956346
train,cej_int_midpoint,991,0,0,16.45192346571487,20.06031277325483
train,cej_int_midpoint,991,0,1,21.980513542931142,21.906783011474076
train,paper_eq1,991,1,1,6.140671786776335,4.084510359439281
train,mask_pca,991,1,1,6.148064679333364,4.1025642583324196
train,cej_int_midpoint,991,1,1,6.143131051950624,4.120648925166024
train,paper_eq1,992,1,0,2.0269486726921295,6.756547346357469
train,paper_eq1,992,1,1,4.434894480123012,0.26318825559634634
train,mask_pca,992,1,0,2.2113739479723535,6.8223225584447755
train,mask_pca,992,1,1,4.563686062438606,0.3118913874125401
train,cej_int_midpoint,992,1,0,2.2773241493869096,6.7648284357827535
train,cej_int_midpoint,992,1,1,4.520298585377984,0.35919069936954506
train,paper_eq1,992,2,1,3.864685368995641,9.13797471753342
train,mask_pca,992,2,1,4.112027084499907,9.404314781503405
train,cej_int_midpoint,992,2,1,1.292315029067717,9.705310327285076
train,paper_eq1,996,0,1,3.9849217908059025,7.824041114806708
train,mask_pca,996,0,1,4.169214711802897,7.739796572836427
train,cej_int_midpoint,996,0,1,4.15497233021049,7.77228461224892
train,paper_eq1,996,1,1,17.45974298436489,19.060134249167433
train,mask_pca,996,1,1,16.981070545199323,18.537293531254853
train,cej_int_midpoint,996,1,1,18.906612803925967,19.605393218496854
train,paper_eq1,996,2,1,13.6327222169746,12.069280142106535
train,mask_pca,996,2,1,16.654715652048694,14.108809789219325
train,cej_int_midpoint,996,2,1,17.159787438478276,14.306985186016533
train,paper_eq1,996,3,1,8.77894602457325,7.007736943678696
train,mask_pca,996,3,1,8.851774415147842,7.044284044240825
train,cej_int_midpoint,996,3,1,8.821635289894795,7.0161603444619765
train,paper_eq1,997,0,1,42.27556997437183,20.54073526173931
train,mask_pca,997,0,1,42.28709099277104,20.707225929591285
train,cej_int_midpoint,997,0,1,42.27591599986834,20.71432515010801
train,paper_eq1,997,1,1,36.67978593790396,43.404954100503
train,mask_pca,997,1,1,38.24118252301036,44.802634853835
train,cej_int_midpoint,997,1,1,40.61562382926826,44.96806982293939
train,paper_eq1,997,3,1,26.4858273926811,21.803915425676273
train,mask_pca,997,3,1,28.22858679663548,22.39711049440712
train,cej_int_midpoint,997,3,1,29.083322878559198,22.616536415401754
train,paper_eq1,997,4,1,43.22285498674229,43.340017362395315
train,mask_pca,997,4,1,43.58255371625911,43.614443845357926
train,cej_int_midpoint,997,4,1,43.54281890645642,43.64703954259558
train,paper_eq1,999,0,0,2.9196088237657003,2.3617207422898807
train,paper_eq1,999,0,1,6.419834321122813,7.196296406848964
train,mask_pca,999,0,0,2.6742606463140555,1.9489958015279953
train,mask_pca,999,0,1,7.028747876780983,7.923409436357688
train,cej_int_midpoint,999,0,0,2.371573847127359,1.7598640554400407
train,cej_int_midpoint,999,0,1,6.398967325064203,7.549594119159536
train,paper_eq1,999,2,1,10.401380286022183,11.62802817608222
train,mask_pca,999,2,1,11.035697247311901,12.563894298429574
train,cej_int_midpoint,999,2,1,10.017297893965713,11.944853008565053
val,paper_eq1,1002,0,1,12.733328341628175,12.299123421409591
val,mask_pca,1002,0,1,13.524541192255551,13.04209006303374
val,cej_int_midpoint,1002,0,1,13.974143772280339,13.571597300306316
val,paper_eq1,1002,1,1,19.087229856202935,20.02609901212675
val,mask_pca,1002,1,1,19.86711387448935,20.250402851862752
val,cej_int_midpoint,1002,1,1,17.036251442692986,20.279910411755477
val,paper_eq1,1002,2,1,17.625618508632677,15.594386863366626
val,mask_pca,1002,2,1,19.06128571974228,17.027332826896576
val,cej_int_midpoint,1002,2,1,14.824100755575827,17.613498406942146
val,paper_eq1,1004,0,1,11.024479392902544,9.992391551776612
val,mask_pca,1004,0,1,11.652041404111872,10.080661167234448
val,cej_int_midpoint,1004,0,1,5.173791122900583,10.569723277581947
val,paper_eq1,1004,1,0,8.439967872534526,11.640028029821107
val,paper_eq1,1004,1,1,5.707990111109132,9.108354061487802
val,mask_pca,1004,1,0,8.434040974822782,11.624533050346816
val,mask_pca,1004,1,1,6.019575143455561,9.474608293388044
val,cej_int_midpoint,1004,1,0,8.588258736286374,11.93495587772045
val,cej_int_midpoint,1004,1,1,6.310976390083754,9.911864587850623
val,paper_eq1,1004,2,1,6.602301690064634,8.810833120044082
val,mask_pca,1004,2,1,6.665231896595439,9.01533175682295
val,cej_int_midpoint,1004,2,1,6.660094288768881,9.056555860500968
val,paper_eq1,1006,0,1,19.70918491072398,67.95943331017446
val,mask_pca,1006,0,1,19.56746495381442,23.329947099571484
val,cej_int_midpoint,1006,0,1,19.634198160733877,54.27675586885994
val,paper_eq1,1006,2,1,8.438379592516833,10.329296176768135
val,mask_pca,1006,2,1,8.380594218172908,10.403491472863552
val,cej_int_midpoint,1006,2,1,8.469698113724904,10.415095270367642
val,paper_eq1,102,0,1,29.502715058077307,1.4711824796079422
val,mask_pca,102,0,1,29.589650616797154,1.4043834368008772
val,cej_int_midpoint,102,0,1,29.80516935386718,1.3714777458218539
val,paper_eq1,102,1,1,31.20784730013732,29.519387369356348
val,mask_pca,102,1,1,31.25657009479491,29.597653160753
val,cej_int_midpoint,102,1,1,31.235045530769252,29.565982370639315
val,paper_eq1,1021,0,1,3.254262906531676,4.401972493214534
val,mask_pca,1021,0,1,3.37704464021511,4.788805132599191
val,cej_int_midpoint,1021,0,1,3.444418220277619,5.286872350855787
val,paper_eq1,1021,1,0,7.012867321886787,7.440158085294281
val,paper_eq1,1021,1,1,6.439048682892465,8.033379034937385
val,mask_pca,1021,1,0,3.5611031847652477,7.2873330530918965
val,mask_pca,1021,1,1,6.428147373173212,8.112911803943296
val,cej_int_midpoint,1021,1,0,4.537483277876299,7.45996391584317
val,cej_int_midpoint,1021,1,1,6.3984104152803924,8.260038848842918
val,paper_eq1,1021,2,0,2.7629151084223698,11.928880677043269
val,paper_eq1,1021,2,1,3.1535810278667067,8.508748791807145
val,mask_pca,1021,2,0,2.7660804143935733,11.817931424754166
val,mask_pca,1021,2,1,3.061515446669324,8.52418692519888
val,cej_int_midpoint,1021,2,0,2.7880788107016357,11.993119589279287
val,cej_int_midpoint,1021,2,1,3.1886585267214764,8.539745311469895
val,paper_eq1,1026,0,1,2.703609967289383,16.047557442060565
val,mask_pca,1026,0,1,2.7674960262754693,16.10492387488494
val,cej_int_midpoint,1026,0,1,2.7467363427665745,16.13067634235218
val,paper_eq1,1026,1,1,12.888284740252754,21.63797516988674
val,mask_pca,1026,1,1,13.487493136904416,22.06128334816885
val,cej_int_midpoint,1026,1,1,13.854295951750744,22.092599988675065
val,paper_eq1,1026,2,1,15.620987120502816,20.65868908186711
val,mask_pca,1026,2,1,15.865794907237035,20.68189517970921
val,cej_int_midpoint,1026,2,1,15.841241202963829,20.695859445731486
val,paper_eq1,1026,3,1,11.296964306230056,14.974927140449005
val,mask_pca,1026,3,1,11.556945780222309,15.144453824840195
val,cej_int_midpoint,1026,3,1,11.590045447740472,15.185685522776016
val,paper_eq1,1054,0,0,16.253996072121378,7.820697631969066
val,paper_eq1,1054,0,1,13.784861909942139,6.632000559932577
val,mask_pca,1054,0,0,15.894380444876822,7.687139528554987
val,mask_pca,1054,0,1,13.964739239794705,8.583578776165437
val,cej_int_midpoint,1054,0,0,16.263517685929568,7.842375516445651
val,cej_int_midpoint,1054,0,1,14.354134969949014,9.72891390151893
val,paper_eq1,1054,1,1,12.724722031491714,11.51826417453916
val,mask_pca,1054,1,1,13.337230021392662,11.800381398394586
val,cej_int_midpoint,1054,1,1,13.745070832675394,11.832934703983186
val,paper_eq1,1054,3,1,15.149438191585876,9.54456570816312
val,mask_pca,1054,3,1,14.951412434301448,9.468327339759691
val,cej_int_midpoint,1054,3,1,10.505438759395028,9.217090908298712
val,paper_eq1,1055,0,0,31.75807842612904,14.134948366052186
val,paper_eq1,1055,0,1,10.810026071193143,8.686367892267777
val,mask_pca,1055,0,0,29.06094489911063,14.39384059905571
val,mask_pca,1055,0,1,11.521927867370636,8.892517139802896
val,cej_int_midpoint,1055,0,0,30.8236278963729,14.273060691915354
val,cej_int_midpoint,1055,0,1,12.275087033079542,9.079937501729722
val,paper_eq1,1055,1,1,5.496964121973312,4.107008122553384
val,mask_pca,1055,1,1,5.909498836427754,4.354440402913988
val,cej_int_midpoint,1055,1,1,6.150950599237593,4.433949582351153
val,paper_eq1,1055,2,1,5.476775083579613,9.113491175551484
val,mask_pca,1055,2,1,7.105906087351242,9.207567808332518
val,cej_int_midpoint,1055,2,1,9.402764228935263,9.182966901642835
val,paper_eq1,1055,4,1,21.04549004894088,20.248939786452258
val,mask_pca,1055,4,1,22.429993987800145,21.02229424658238
val,cej_int_midpoint,1055,4,1,29.354327143050025,21.360484288037156
val,paper_eq1,1062,2,1,16.484083884323724,14.168624330245358
val,mask_pca,1062,2,1,16.943482848250753,14.653255121609071
val,cej_int_midpoint,1062,2,1,14.001328699991566,14.784918684055137
val,paper_eq1,1066,0,1,2.4866842813724257,3.7949095756738243
val,mask_pca,1066,0,1,2.4254042471367825,3.830117299629226
val,cej_int_midpoint,1066,0,1,2.4611513057419248,3.829808817149802
val,paper_eq1,1066,1,0,7.665637963781151,1.485652621565386
val,paper_eq1,1066,1,1,3.206817220495854,0.7895308980966083
val,mask_pca,1066,1,0,9.03993787348692,2.529164996278955
val,mask_pca,1066,1,1,3.3616032684918147,0.8115868903586957
val,cej_int_midpoint,1066,1,0,11.36234331724064,11.926072214063113
val,cej_int_midpoint,1066,1,1,3.9819197282585157,0.3336972221723969
val,paper_eq1,1080,0,1,4.87751242759314,2.3664333346535456
val,mask_pca,1080,0,0,7.155248972678428,8.962222953137536
val,mask_pca,1080,0,1,4.34855799318848,2.2844103225317545
val,cej_int_midpoint,1080,0,1,3.451537862277744,2.0599671219953803
val,paper_eq1,1080,1,0,1.3755873529517184,4.406849928412604
val,paper_eq1,1080,1,1,5.151381652457928,8.037129776793691
val,mask_pca,1080,1,0,1.6163490433629701,4.422567480471983
val,mask_pca,1080,1,1,5.481854949217353,8.204952398975559
val,cej_int_midpoint,1080,1,0,1.9363916663547396,4.42101449771144
val,cej_int_midpoint,1080,1,1,5.229738768466328,8.21680278534391
val,paper_eq1,1091,0,1,36.93503626235463,6.941761947020725
val,mask_pca,1091,0,1,16.665026733343474,6.868953889329636
val,cej_int_midpoint,1091,0,1,76.47265718805423,6.828749417895868
val,paper_eq1,1091,1,1,7.138794720943839,4.297827661928066
val,mask_pca,1091,1,1,7.486813943376946,4.8755044258564295
val,cej_int_midpoint,1091,1,1,7.431587813294656,5.05634432699584
val,paper_eq1,1097,1,1,7.544170504763727,5.791212661673947
val,mask_pca,1097,1,1,7.420371495005801,6.029411139191841
val,cej_int_midpoint,1097,1,1,7.455672622677318,5.963878836358298
val,mask_pca,1097,2,1,8.098970919473796,5.381356207931303
val,paper_eq1,1103,1,1,2.5386088021034783,8.983564964274446
val,mask_pca,1103,1,1,2.9349665935401834,10.029882941327442
val,cej_int_midpoint,1103,1,1,3.176791244985331,10.37290478049698
val,mask_pca,1103,2,1,4.3729385548476465,9.576059771487683
val,paper_eq1,1103,3,1,6.298051135279449,6.717776936469024
val,mask_pca,1103,3,1,6.280250466946071,6.7961012148724675
val,cej_int_midpoint,1103,3,1,6.526684601952269,6.998554125251596
val,paper_eq1,1103,4,1,11.013511538755237,12.007418770896649
val,mask_pca,1103,4,1,11.880200102178334,12.494112045737973
val,cej_int_midpoint,1103,4,1,12.443360784046314,12.518601867992643
val,paper_eq1,111,0,1,20.457385758849703,16.8366458942902
val,mask_pca,111,0,1,21.010691279904147,16.956861735505623
val,cej_int_midpoint,111,0,1,21.11036378342148,16.98286728546739
val,paper_eq1,111,1,1,21.407255696237375,23.93197568228737
val,mask_pca,111,1,1,21.508827560637105,23.79871947354012
val,cej_int_midpoint,111,1,1,21.490009518572663,23.87657659556822
val,paper_eq1,111,2,1,16.72453267232723,17.62188644436771
val,mask_pca,111,2,1,16.889320724211153,17.68634507524954
val,cej_int_midpoint,111,2,1,16.90633279468704,17.71266913630891
val,paper_eq1,111,3,1,21.495286447395756,24.35740982448791
val,mask_pca,111,3,1,22.99506374592772,24.770822673388356
val,cej_int_midpoint,111,3,1,31.160968231160147,24.634784096163962
val,paper_eq1,1124,0,0,13.572976813380965,8.774832329798228
val,paper_eq1,1124,0,1,15.200767259407074,18.09748625912595
val,mask_pca,1124,0,0,13.882337565570971,9.144587263774088
val,mask_pca,1124,0,1,14.808567900651223,17.253979691755983
val,cej_int_midpoint,1124,0,0,14.017807128087792,9.335716118785001
val,cej_int_midpoint,1124,0,1,14.972311926462684,17.61420005956782
val,paper_eq1,1124,1,0,15.324987184027824,12.524445726346636
val,paper_eq1,1124,1,1,11.97152300552883,16.54257455524126
val,mask_pca,1124,1,0,15.242050436578895,15.48768008148797
val,mask_pca,1124,1,1,12.297367624470649,16.828288456492526
val,cej_int_midpoint,1124,1,0,15.25798485102405,15.939814617863462
val,cej_int_midpoint,1124,1,1,12.321402382301148,16.899092979520507
val,paper_eq1,1124,2,1,23.69358184507346,24.96396560492045
val,mask_pca,1124,2,1,18.644750086632914,18.766174632860015
val,cej_int_midpoint,1124,2,1,53.09409984093618,52.03659959180915
val,paper_eq1,113,2,1,12.877772502300527,12.643735373967141
val,mask_pca,113,2,1,13.905377338509512,13.366286112446568
val,cej_int_midpoint,113,2,1,14.349338483637581,13.930801040368346
val,paper_eq1,1148,0,1,26.035222231903344,28.879045979529593
val,mask_pca,1148,0,1,25.987450149401937,28.803100444284762
val,cej_int_midpoint,1148,0,1,26.01661780659445,28.871228268714162
val,paper_eq1,1148,1,1,16.79345867430796,18.479019913754353
val,mask_pca,1148,1,1,17.00527101130659,18.621152456095384
val,cej_int_midpoint,1148,1,1,18.515470948823136,18.602468782613325
val,paper_eq1,1155,0,0,22.17208317027975,12.299890495812445
val,paper_eq1,1155,0,1,2.7878604458700393,3.831286011897511
val,mask_pca,1155,0,0,22.19898409672244,12.254053811118725
val,mask_pca,1155,0,1,2.7496309298269805,3.80704174304683
val,cej_int_midpoint,1155,0,0,22.18175578896479,12.278423478449582
val,cej_int_midpoint,1155,0,1,2.72971219296805,3.794647324982134
val,paper_eq1,1155,1,1,11.665494504566096,9.592845436048028
val,mask_pca,1155,1,1,12.145710788796187,12.20480300638091
val,cej_int_midpoint,1155,1,1,12.402790115473534,12.489818260183256
val,paper_eq1,1155,3,1,9.58372409026851,4.553732956958122
val,mask_pca,1155,3,1,10.291477542928009,5.349641019344687
val,cej_int_midpoint,1155,3,1,9.769391313236884,9.366555263430126
val,paper_eq1,1162,0,0,32.75703698434837,32.47495123116937
val,paper_eq1,1162,0,1,17.12266480351942,57.74644979565464
val,mask_pca,1162,0,0,33.2203008161001,32.440577780391344
val,mask_pca,1162,0,1,17.40053783529783,41.47375696327772
val,cej_int_midpoint,1162,0,0,33.17894629265384,32.326544879712735
val,cej_int_midpoint,1162,0,1,17.422658560441768,51.00714169193928
val,paper_eq1,1162,1,0,12.092364325210605,15.090095959753357
val,paper_eq1,1162,1,1,14.872648104838138,10.380253353854597
val,mask_pca,1162,1,0,12.111712525178875,17.21168275795668
val,mask_pca,1162,1,1,14.873991609216224,4.441924089243915
val,cej_int_midpoint,1162,1,0,12.146573807355935,15.575067118803695
val,cej_int_midpoint,1162,1,1,14.805482614095752,6.339363078967322
val,paper_eq1,1162,2,1,16.284530372318827,49.78105564734708
val,mask_pca,1162,2,1,16.743584216852128,23.409635809461527
val,cej_int_midpoint,1162,2,1,16.78571759408477,40.206615471115576
val,paper_eq1,1166,0,1,6.481848265296651,7.270832298916874
val,mask_pca,1166,0,1,6.622535663337863,7.415244018369066
val,cej_int_midpoint,1166,0,1,4.274940472280252,8.234059098969844
val,paper_eq1,1166,1,0,6.388224621164016,9.43981896116985
val,paper_eq1,1166,1,1,12.307638066869222,12.247669117726229
val,mask_pca,1166,1,0,6.089197395720727,9.534752676543796
val,mask_pca,1166,1,1,12.204793104451596,12.377293979796036
val,cej_int_midpoint,1166,1,0,6.087926538072877,9.52236524297511
val,cej_int_midpoint,1166,1,1,12.205121004448964,12.401557272771768
val,paper_eq1,1166,2,1,12.466602047640732,14.853922051650784
val,mask_pca,1166,2,1,12.759045655589475,15.183721125949369
val,cej_int_midpoint,1166,2,1,12.66675111701814,15.125238583507015
val,paper_eq1,1166,3,1,10.403166578172078,15.451290208255802
val,mask_pca,1166,3,1,10.523301635820463,15.558919816305389
val,cej_int_midpoint,1166,3,1,10.517127153679528,15.520234993763053
val,paper_eq1,1174,0,1,45.226045310696286,38.40174906430785
val,mask_pca,1174,0,1,49.8674114850505,39.67309194483933
val,cej_int_midpoint,1174,0,1,49.95430141054053,39.90396381834011
val,paper_eq1,1174,1,1,74.25645935362395,60.995594735084744
val,mask_pca,1174,1,1,74.99385306262602,54.282311071152044
val,cej_int_midpoint,1174,1,1,74.91708439498807,57.450798602090714
val,paper_eq1,1180,0,0,37.0307909339772,37.65053531907137
val,mask_pca,1180,0,0,37.47879410384892,38.72823045570966
val,mask_pca,1180,0,1,42.466347656689244,29.23261879030748
val,cej_int_midpoint,1180,0,0,37.56367550562183,45.824856468773056
val,cej_int_midpoint,1180,0,1,42.203763200897306,81.60013865367763
val,paper_eq1,1182,1,1,28.946616491650428,32.56710143046984
val,mask_pca,1182,1,1,29.12959865519768,32.61063932515711
val,cej_int_midpoint,1182,1,1,29.08878725647798,32.60582535266142
val,paper_eq1,1182,2,1,33.32828808012504,39.7634430052185
val,mask_pca,1182,2,1,33.8911426863045,41.01216752636984
val,cej_int_midpoint,1182,2,1,33.833903980223916,41.00756217407537
val,paper_eq1,1182,4,1,40.74618285861361,50.60012346682561
val,mask_pca,1182,4,1,38.08340868066832,48.65381343676794
val,cej_int_midpoint,1182,4,1,44.83106276542854,49.83072607261749
val,paper_eq1,1182,5,1,7.0851041225760625,23.904541467067904
val,mask_pca,1182,5,1,18.1185519123842,31.471521079491154
val,cej_int_midpoint,1182,5,1,78.69731939102135,44.672260861136195
val,paper_eq1,1205,1,0,11.17845718987063,13.056201591735977
val,paper_eq1,1205,1,1,6.15802375842656,9.622903627184186
val,mask_pca,1205,1,0,12.971038348885996,14.90766866479653
val,mask_pca,1205,1,1,6.042246009255029,9.377187428232087
val,cej_int_midpoint,1205,1,0,15.013985614476525,17.146608207601716
val,cej_int_midpoint,1205,1,1,6.497417549540134,9.794004853381281
val,paper_eq1,1205,2,1,53.90130258788709,17.53973683204774
val,mask_pca,1205,2,1,37.68180309953051,20.318215756720868
val,cej_int_midpoint,1205,2,1,70.95874062543791,20.357153610472952
val,paper_eq1,1205,3,0,2.6977933302263066,10.910409009370888
val,mask_pca,1205,3,0,2.4415435553913385,12.201038457348016
val,cej_int_midpoint,1205,3,0,2.3724731902332303,5.895067618671451
val,paper_eq1,1210,0,1,2.402814297946734,0.12322629426551852
val,mask_pca,1210,0,1,2.610054830626192,0.19010349898890033
val,cej_int_midpoint,1210,0,1,0.635938607315471,0.2772981783329697
val,paper_eq1,1210,1,1,12.85566071642475,13.661190274868448
val,mask_pca,1210,1,1,13.124461628298413,13.929205530867947
val,cej_int_midpoint,1210,1,1,13.246946769705822,13.95898835847512
val,paper_eq1,1210,2,1,24.32182525548403,23.97730176074049
val,mask_pca,1210,2,1,25.241404077215503,24.939472038174205
val,cej_int_midpoint,1210,2,1,25.56000571567355,25.102906820962996
val,paper_eq1,1210,3,1,14.373109621624092,47.341261480983874
val,mask_pca,1210,3,1,18.92960514536402,18.170407598407827
val,cej_int_midpoint,1210,3,1,36.18130731095929,34.16350487674374
val,paper_eq1,1216,1,1,24.525982295022526,39.00656953889909
val,mask_pca,1216,1,1,24.928070727220927,39.66819428684115
val,cej_int_midpoint,1216,1,1,24.696743145654736,39.73153343371395
val,paper_eq1,1216,2,1,44.91839853402703,45.97380910651171
val,mask_pca,1216,2,1,45.222148399368976,46.28299373697756
val,cej_int_midpoint,1216,2,1,45.2120744919628,46.353289964842645
val,paper_eq1,1216,3,1,52.16006057387541,53.621004486113186
val,mask_pca,1216,3,1,52.06172837314461,53.725056080655854
val,cej_int_midpoint,1216,3,1,52.072048450410726,53.699766348426415
val,paper_eq1,1216,4,1,22.79544513672959,10.566608054554793
val,mask_pca,1216,4,1,23.26884878991318,10.840718746918716
val,cej_int_midpoint,1216,4,1,23.239831533582567,10.908893120271944
val,paper_eq1,1225,2,1,59.21926773744352,59.28818584581268
val,mask_pca,1225,2,1,59.374289196524266,60.026276629448546
val,cej_int_midpoint,1225,2,1,59.534722447455394,60.13375499500982
val,paper_eq1,1225,3,1,70.80533648642212,31.53473055771128
val,mask_pca,1225,3,1,67.59036391209119,41.472413509190446
val,cej_int_midpoint,1225,3,1,71.54032248118718,50.757986928751066
val,paper_eq1,1236,1,1,69.72057874404325,12.674124037430287
val,mask_pca,1236,1,1,15.058218810013384,12.668176727913174
val,cej_int_midpoint,1236,1,1,53.39157015105981,12.671592494727557
val,paper_eq1,1236,2,1,12.040339719432577,12.452142805036084
val,mask_pca,1236,2,1,12.094251859537977,12.389030423694344
val,cej_int_midpoint,1236,2,1,12.09056337590188,12.401954853178475
val,paper_eq1,1245,1,0,13.46854704927723,15.848624455794724
val,paper_eq1,1245,1,1,2.8283504586688917,6.976126253274632
val,mask_pca,1245,1,0,13.580923659245359,16.941893819595904
val,mask_pca,1245,1,1,2.7770489197503334,6.902474424941139
val,cej_int_midpoint,1245,1,0,13.539995207092256,17.2172291605821
val,cej_int_midpoint,1245,1,1,2.745164376483723,6.94521490877667
val,paper_eq1,1245,2,1,10.151406592740377,11.687038388580985
val,mask_pca,1245,2,1,10.06943035435896,11.75796993149438
val,cej_int_midpoint,1245,2,1,10.116425145934048,11.736226033878634
val,paper_eq1,1245,3,1,2.7297122772881894,5.606003243499542
val,mask_pca,1245,3,1,3.7372514433435153,8.272937806338177
val,cej_int_midpoint,1245,3,1,0.12365501812881738,6.9344905913700545
val,paper_eq1,1262,0,1,3.9776599655450218,3.691688196455706
val,mask_pca,1262,0,1,3.892530690705992,3.609177923120911
val,cej_int_midpoint,1262,0,1,3.9012143525166283,3.6390783186777313
val,paper_eq1,1262,1,1,2.520157725861632,4.367928617186084
val,mask_pca,1262,1,1,2.5810782232990594,4.567539513837967
val,cej_int_midpoint,1262,1,1,2.5644501580796644,4.543981243834499
val,paper_eq1,1265,0,1,1.0780825886344951,7.8879248746502375
val,mask_pca,1265,0,1,1.2716751100111554,10.088803933907544
val,cej_int_midpoint,1265,0,1,1.3527263311853635,10.866346793208995
val,paper_eq1,1265,1,0,7.86967363685291,6.877056734941325
val,mask_pca,1265,1,0,7.85462381081808,6.935401609373828
val,mask_pca,1265,1,1,3.9349539055455796,6.808201307062054
val,cej_int_midpoint,1265,1,0,7.872948777004697,13.385330620554925
val,paper_eq1,1265,2,1,1.464637330065992,6.250299049819455
val,mask_pca,1265,2,1,1.4590524803665132,6.293967583948061
val,cej_int_midpoint,1265,2,1,1.5287543113541873,6.3025753247725955
val,paper_eq1,1268,0,1,6.033444438004832,5.211542745465199
val,mask_pca,1268,0,1,5.9901906753717835,5.177179357358298
val,cej_int_midpoint,1268,0,1,6.015614263744676,5.230492657965944
val,paper_eq1,1268,1,1,1.7800452452595754,4.419995135140177
val,mask_pca,1268,1,1,1.7298698593458994,4.451226806325543
val,cej_int_midpoint,1268,1,1,1.857029673477921,4.43862761622992
val,paper_eq1,1268,2,0,10.687503785026271,10.088165483820235
val,paper_eq1,1268,2,1,6.420263456398985,5.536448728670362
val,mask_pca,1268,2,0,11.257600197246072,10.788357629706393
val,mask_pca,1268,2,1,6.175265391130407,5.2675500225346985
val,cej_int_midpoint,1268,2,0,11.645976108803644,11.400279482344438
val,cej_int_midpoint,1268,2,1,6.315529095038441,5.481139861084848
val,paper_eq1,1268,3,1,14.970559264266523,15.317709521634217
val,mask_pca,1268,3,1,15.912718428812166,15.7231408343312
val,cej_int_midpoint,1268,3,1,15.977259483383573,15.666055468452072
val,paper_eq1,1275,1,0,14.368390730545947,12.53739949845476
val,paper_eq1,1275,1,1,8.943477696921523,8.602074234685585
val,mask_pca,1275,1,0,14.45255444345818,12.644743972690032
val,mask_pca,1275,1,1,9.21630781454798,8.819231802588233
val,cej_int_midpoint,1275,1,0,14.41441126019362,12.60294360106234
val,cej_int_midpoint,1275,1,1,9.335018893427439,8.913375462925405
val,paper_eq1,1275,2,1,11.502971473821344,16.060582106415847
val,mask_pca,1275,2,1,11.739692251675878,16.285071074615995
val,cej_int_midpoint,1275,2,1,10.108965373557002,16.203522848488735
val,paper_eq1,1279,0,1,20.745279450223734,4.310894964753782
val,mask_pca,1279,0,1,21.75806068849416,4.147198388620522
val,cej_int_midpoint,1279,0,1,19.20565912144828,4.924590776093455
val,paper_eq1,1279,1,0,7.521907974653491,7.204736361608918
val,mask_pca,1279,1,0,7.552632053060973,7.421782817279289
val,mask_pca,1279,1,1,0.628348248571814,13.635610063940378
val,cej_int_midpoint,1279,1,0,8.483435640897275,19.55925010065295
val,cej_int_midpoint,1279,1,1,0.7784494739038291,92.85501237009373
val,paper_eq1,1279,2,1,10.91858320961849,10.862612969020041
val,mask_pca,1279,2,1,10.933806086989481,10.948377186951646
val,cej_int_midpoint,1279,2,1,10.930993103536437,10.90830965050224
val,paper_eq1,1279,3,1,11.11496701619969,10.108636731869955
val,mask_pca,1279,3,1,10.59975679398159,10.237049925381916
val,cej_int_midpoint,1279,3,1,11.093377211803746,10.192095547920735
val,paper_eq1,1279,4,1,4.796408772519948,12.57643234171283
val,mask_pca,1279,4,1,4.814359030619995,12.562895625259335
val,cej_int_midpoint,1279,4,1,4.9387527392215125,12.609738976838905
val,paper_eq1,1280,0,1,18.09663070894525,15.750621911683332
val,mask_pca,1280,0,1,18.19752127090407,16.453251902336362
val,cej_int_midpoint,1280,0,1,18.12968470569912,16.231874039458706
val,paper_eq1,1280,1,1,86.88961517362998,3.936932194653643
val,mask_pca,1280,1,1,20.3784197775823,3.961848541021589
val,cej_int_midpoint,1280,1,1,89.65394154997055,3.9360202110865226
val,paper_eq1,1280,2,0,3.423340510182788,11.439610510349674
val,paper_eq1,1280,2,1,0.7640274891136754,4.709727373707092
val,mask_pca,1280,2,0,3.4209612849892697,11.985985314341262
val,mask_pca,1280,2,1,0.9877158942596381,4.794870069538491
val,cej_int_midpoint,1280,2,0,3.422051143014281,12.104209369061836
val,cej_int_midpoint,1280,2,1,1.12178843032963,4.775664718847099
val,paper_eq1,1280,3,1,1.3936090923478293,6.0059975312162575
val,mask_pca,1280,3,1,1.7728424050608407,6.529302169120788
val,cej_int_midpoint,1280,3,1,2.3411555533490747,6.670527552423381
val,paper_eq1,1286,0,1,15.481362333941131,19.316561173209802
val,mask_pca,1286,0,1,15.444139196044656,19.458082873850536
val,cej_int_midpoint,1286,0,1,16.324085981077687,20.10662877312605
val,paper_eq1,1286,1,1,7.749978271138418,10.889805087613011
val,mask_pca,1286,1,1,7.827991076279414,15.06966927875196
val,cej_int_midpoint,1286,1,1,7.844556164910971,14.834800033456668
val,paper_eq1,1286,2,1,2.8908214647728436,6.107353394545708
val,mask_pca,1286,2,1,3.0355941433180567,6.258586792132085
val,cej_int_midpoint,1286,2,1,2.805727641716757,6.851957900571364
val,paper_eq1,1286,3,1,1.0585266415751404,7.307075235869144
val,mask_pca,1286,3,1,1.8962834800667585,7.6710290910052965
val,paper_eq1,158,1,1,18.953000932199053,21.016858650991523
val,mask_pca,158,1,1,20.06498203924952,22.18525909327723
val,cej_int_midpoint,158,1,1,19.807693703990726,22.209177345161336
val,paper_eq1,158,2,0,4.107480237446193,8.326735934028429
val,paper_eq1,158,2,1,17.429058557877685,8.141768205250248
val,mask_pca,158,2,0,4.026096433911467,8.200633750370695
val,mask_pca,158,2,1,17.36604264035222,8.599126825520887
val,cej_int_midpoint,158,2,0,3.987240199138024,8.33293974138151
val,cej_int_midpoint,158,2,1,17.405561977603533,9.20155799208333
val,paper_eq1,16,0,1,12.857916965346297,17.130040225771538
val,mask_pca,16,0,1,13.182382975339513,17.340844190381098
val,cej_int_midpoint,16,0,1,13.407906277687104,17.391734351298
val,paper_eq1,16,1,1,15.315451322807514,1.848740648498728
val,mask_pca,16,1,1,15.964783839947435,1.680341389725698
val,paper_eq1,16,2,1,21.405363278745657,24.82809409204388
val,mask_pca,16,2,1,22.1777304733143,32.88452447996143
val,cej_int_midpoint,16,2,1,22.00337660457148,57.33008339893387
val,paper_eq1,16,3,1,26.87281269384118,18.812936872691292
val,mask_pca,16,3,1,27.75793388966762,19.296856360049087
val,cej_int_midpoint,16,3,1,27.62542485391367,18.992123442269442
val,paper_eq1,172,1,0,16.54231530896309,10.500293410429782
val,mask_pca,172,1,0,16.309710319492567,10.501519226927817
val,cej_int_midpoint,172,1,0,16.367280769036725,10.521086332918319
val,paper_eq1,176,0,1,5.178447010882452,1.336249379541025
val,mask_pca,176,0,1,4.752959046469709,1.1108771017817023
val,cej_int_midpoint,176,0,1,5.782637212536163,1.3531057075141886
val,paper_eq1,181,0,0,10.887828764763114,9.470520512357613
val,paper_eq1,181,0,1,14.025739641395324,16.161952063272324
val,mask_pca,181,0,0,12.19538013073682,9.666602956747965
val,mask_pca,181,0,1,15.245305513640625,16.379121325156763
val,cej_int_midpoint,181,0,0,12.31306558523314,9.666471620115558
val,cej_int_midpoint,181,0,1,15.12844536142682,16.379319044143877
val,paper_eq1,187,1,1,7.382527361887825,7.754055789909884
val,mask_pca,187,1,1,7.515621865427799,7.7332222713896535
val,cej_int_midpoint,187,1,1,7.480485415070008,7.684229666354585
val,mask_pca,187,2,1,4.0020850979583775,6.454637588316271
val,paper_eq1,194,0,0,21.788674431720494,4.52449004049709
val,paper_eq1,194,0,1,1.5578717039986418,2.502366319440932
val,mask_pca,194,0,0,22.392533117333695,4.401207667755007
val,mask_pca,194,0,1,1.5235337462564844,2.452009815833094
val,cej_int_midpoint,194,0,0,22.019099003436672,4.405899195467673
val,cej_int_midpoint,194,0,1,1.3360632070766718,2.44133007445317
val,paper_eq1,194,1,1,13.472830865002186,13.24458896876668
val,mask_pca,194,1,1,14.993689272927574,13.337415010061543
val,cej_int_midpoint,194,1,1,14.063614907166903,13.167839001776565
val,mask_pca,195,1,1,4.869152912718013,3.9609918876707764
val,paper_eq1,20,0,0,19.583457643613343,2.4443790494171767
val,paper_eq1,20,0,1,6.032828832028845,14.62826182826618
val,mask_pca,20,0,0,19.721888618127135,3.20440810212654
val,mask_pca,20,0,1,6.430182004009935,15.417226579480275
val,cej_int_midpoint,20,0,0,19.657714828042064,3.8873754802271216
val,cej_int_midpoint,20,0,1,6.576582278384212,14.856186406940838
val,paper_eq1,20,1,1,11.16814416900142,5.663734427720713
val,mask_pca,20,1,1,11.524369776922994,7.968455915718582
val,cej_int_midpoint,20,1,1,7.811664481902607,8.953547228203098
val,mask_pca,20,2,1,1.5113217840196451,5.0575954450071885
val,paper_eq1,205,0,1,9.268938783136328,9.136537746920931
val,mask_pca,205,0,1,10.06183694732965,9.614640559738852
val,cej_int_midpoint,205,0,1,10.909444492255922,10.18867466298088
val,paper_eq1,205,1,1,23.299725364003603,7.835260091223121
val,mask_pca,205,1,1,4.819277226296874,5.052896472586661
val,cej_int_midpoint,205,1,1,89.90635869279839,6.845932502815688
val,paper_eq1,223,0,1,8.874358203153793,8.187451484726786
val,mask_pca,223,0,1,8.763607049846966,8.069075066281513
val,cej_int_midpoint,223,0,1,8.994761227989931,5.926010963460879
val,paper_eq1,223,1,1,27.19942344511786,40.61658767216291
val,mask_pca,223,1,1,27.207929777684726,40.765597663768474
val,cej_int_midpoint,223,1,1,27.207863812644117,40.7165233422583
val,paper_eq1,223,2,1,19.784416588859518,28.88227139268161
val,mask_pca,223,2,1,20.034280361414282,29.233524165041775
val,cej_int_midpoint,223,2,1,20.062144416655354,29.20784868822659
val,paper_eq1,237,0,0,29.817823446257453,25.56412136733251
val,paper_eq1,237,0,1,17.38009660021122,44.248303316549666
val,mask_pca,237,0,0,29.76518204374169,25.64292743939958
val,mask_pca,237,0,1,18.223090665251025,45.43472988539815
val,cej_int_midpoint,237,0,0,29.973647105879696,25.86310271460804
val,cej_int_midpoint,237,0,1,18.091762711466593,45.06961384363767
val,paper_eq1,237,1,1,18.931094573319477,19.01098719315529
val,mask_pca,237,1,1,19.045932455750265,20.222497800373322
val,cej_int_midpoint,237,1,1,17.804042067944092,19.993324770050027
val,paper_eq1,237,2,1,14.18770577880496,14.727687202942036
val,mask_pca,237,2,1,14.721305775850468,15.058744796233245
val,cej_int_midpoint,237,2,1,14.576857843988158,14.974461212208832
val,paper_eq1,237,3,1,19.188697172366428,21.932862160879534
val,mask_pca,237,3,1,20.05883247132728,22.358192136201367
val,cej_int_midpoint,237,3,1,20.343821848033087,22.346994240569092
val,paper_eq1,239,2,1,4.072946386745152,6.574108596173664
val,mask_pca,239,2,1,4.374577223245157,6.972944627196859
val,cej_int_midpoint,239,2,1,2.672674408326837,6.936913737557187
val,paper_eq1,243,0,1,3.9810610188717233,15.61322684894357
val,mask_pca,243,0,1,17.684936922956034,16.72142360295269
val,cej_int_midpoint,243,0,1,52.490516906073225,17.037445984143815
val,paper_eq1,243,1,1,18.008671911107538,19.078600755297956
val,mask_pca,243,1,1,18.66573544415686,19.45216527348054
val,cej_int_midpoint,243,1,1,15.586859281233204,19.540510077906763
val,paper_eq1,249,0,1,5.597923080939217,4.921734643954882
val,mask_pca,249,0,1,5.747252105042419,4.836674876148452
val,cej_int_midpoint,249,0,1,5.264647079772686,4.8679122338618654
val,paper_eq1,249,1,1,8.392090441934297,10.204449390896606
val,mask_pca,249,1,1,8.551818183731271,10.414465325212682
val,cej_int_midpoint,249,1,1,7.554653111064612,10.470084249252105
val,paper_eq1,249,2,1,17.81666260320209,19.960281280804733
val,mask_pca,249,2,1,17.84241738872978,13.609155419854089
val,cej_int_midpoint,249,2,1,17.82995653031256,40.90005677396076
val,mask_pca,256,1,1,4.421558244507751,4.596830032406987
val,paper_eq1,256,2,1,23.31299688794268,23.585486201269067
val,mask_pca,256,2,1,24.34129957969462,24.56280072260798
val,cej_int_midpoint,256,2,1,28.623098391226797,24.233601917486165
val,paper_eq1,256,3,1,0.9297587399620133,11.21996468793399
val,mask_pca,256,3,1,1.2684072121015364,5.63954152053934
val,cej_int_midpoint,256,3,1,7.804780820313119,82.45400433439535
val,paper_eq1,27,0,1,7.902487326911969,6.00573303762176
val,mask_pca,27,0,1,9.074389746486524,7.574741885883007
val,cej_int_midpoint,27,0,1,9.412307356754,8.123162583039685
val,paper_eq1,27,1,1,22.656311859269643,3.8928117620130167
val,mask_pca,27,1,1,23.78947590054929,3.84587741705974
val,cej_int_midpoint,27,1,1,23.70875749444396,3.8966535753065106
val,paper_eq1,27,2,1,3.5940802861520913,5.192869776387267
val,mask_pca,27,2,1,3.7342677313808657,5.29919426301955
val,cej_int_midpoint,27,2,1,3.8431225617458833,5.159869522756408
val,paper_eq1,27,3,1,3.002194012192758,3.7535324443969924
val,mask_pca,27,3,1,3.1560408659948163,3.9126170082849083
val,cej_int_midpoint,27,3,1,3.3562632908757406,3.8272783342743697
val,paper_eq1,27,4,1,3.0679637344722352,1.5623650120981245
val,mask_pca,27,4,1,2.993125914555521,1.473994894582698
val,cej_int_midpoint,27,4,1,4.541701718960678,3.5935137445574266
val,mask_pca,31,0,1,15.787374845571122,2.6640622590324927
val,mask_pca,31,2,1,14.452575506455414,9.806222722245158
val,paper_eq1,329,1,1,17.817563462773812,14.079366933397802
val,mask_pca,329,1,1,17.885468113690198,14.213049848847447
val,cej_int_midpoint,329,1,1,17.909506663027212,14.235359183657234
val,paper_eq1,329,3,0,19.9825062137813,18.330344907068984
val,paper_eq1,329,3,1,23.366682930254925,20.522426122201075
val,mask_pca,329,3,0,20.456411642702875,18.553566385093
val,mask_pca,329,3,1,23.29881519246298,20.379189134917905
val,cej_int_midpoint,329,3,0,20.861392977131185,18.7218065019892
val,cej_int_midpoint,329,3,1,23.343118880620985,20.442847868052784
val,paper_eq1,333,0,1,18.418080757179087,19.884172850617936
val,mask_pca,333,0,1,19.56255618465602,20.593826391652097
val,cej_int_midpoint,333,0,1,19.79791664080153,20.8784818671998
val,paper_eq1,333,1,1,31.509059475315503,65.67042661473504
val,mask_pca,333,1,1,32.2458508049737,23.340241765146146
val,cej_int_midpoint,333,1,1,32.49252152451972,50.08788385575118
val,paper_eq1,333,2,1,25.9362526109431,24.97266991891959
val,mask_pca,333,2,1,26.247366866963468,25.197245213726582
val,cej_int_midpoint,333,2,1,26.14052311582379,25.125455972625073
val,paper_eq1,333,3,1,26.56021195999329,22.980897419055655
val,mask_pca,333,3,1,27.52936640385228,23.586124615478447
val,cej_int_midpoint,333,3,1,28.042396866224443,23.816086876638813
val,paper_eq1,339,1,1,4.33293279341841,9.1829539627621
val,mask_pca,339,1,1,4.525721577111479,9.588823484184477
val,cej_int_midpoint,339,1,1,2.5755639034480247,9.742680350240466
val,paper_eq1,339,2,1,13.091524644205894,15.106686867944461
val,mask_pca,339,2,1,12.951432367656885,15.383968448897967
val,cej_int_midpoint,339,2,1,9.941803082416238,15.616774407588652
val,paper_eq1,339,3,1,16.581805198978618,13.02429038995199
val,mask_pca,339,3,1,16.776195604010386,13.11524778593592
val,cej_int_midpoint,339,3,1,16.714409475106056,13.163621878205975
val,paper_eq1,345,0,1,16.531502766607748,7.501487292763833
val,mask_pca,345,0,1,20.430293228456556,7.827961344884709
val,cej_int_midpoint,345,0,1,20.01109171627082,7.853959242052532
val,paper_eq1,345,1,0,10.950884069389684,11.587817121602885
val,paper_eq1,345,1,1,20.145976437671393,21.896881074734438
val,mask_pca,345,1,0,11.05250077549323,13.366715629892267
val,mask_pca,345,1,1,21.409599087424493,22.497639111456955
val,cej_int_midpoint,345,1,0,11.254044971731313,12.868325790212568
val,cej_int_midpoint,345,1,1,21.942322509116057,23.004643315971034
val,paper_eq1,349,0,1,25.74714646172164,15.406484662705461
val,mask_pca,349,0,1,26.03938946424817,15.563756556554287
val,cej_int_midpoint,349,0,1,26.17371429123595,15.82420881545334
val,paper_eq1,349,1,1,16.735193709561067,17.389056154050113
val,mask_pca,349,1,1,17.41444805581347,18.124743891495047
val,cej_int_midpoint,349,1,1,17.28596439474676,18.429998268391483
val,mask_pca,349,2,1,0.11282447883424847,19.130203147309263
val,cej_int_midpoint,349,2,1,68.28666192742016,46.498509045508285
val,paper_eq1,37,0,1,59.938924466047595,51.934995306342266
val,mask_pca,37,0,1,60.244090065029546,52.30360167107187
val,cej_int_midpoint,37,0,1,60.084866356030005,52.159635928923834
val,paper_eq1,37,1,1,10.462560522445088,8.748171619980177
val,mask_pca,37,1,1,11.414035564880038,9.037566778125989
val,cej_int_midpoint,37,1,1,11.480616995030111,9.021142410573775
val,paper_eq1,37,3,1,10.611546750311437,16.617643385780017
val,mask_pca,37,3,1,10.60366707187983,16.500278106536904
val,cej_int_midpoint,37,3,1,10.774087803045788,16.666604930040084
val,paper_eq1,390,0,1,24.744960612813692,0.9449778815299592
val,mask_pca,390,0,1,7.536092214267858,0.9858561922443276
val,paper_eq1,390,1,1,12.003545149356697,10.36582230173402
val,mask_pca,390,1,1,12.229645463220162,12.561186751125069
val,cej_int_midpoint,390,1,1,12.466179219024145,17.090650681415326
val,paper_eq1,391,0,1,10.892665875132513,7.895873871386848
val,mask_pca,391,0,1,11.43996546135617,8.599168347866003
val,cej_int_midpoint,391,0,1,11.377463935865528,8.635763473694723
val,paper_eq1,391,1,0,44.188854907929596,42.403827343536456
val,paper_eq1,391,1,1,37.07129196767496,31.059619440070797
val,mask_pca,391,1,0,44.54402755112855,43.43238573187993
val,mask_pca,391,1,1,37.52227581645769,31.274144041204337
val,cej_int_midpoint,391,1,0,44.57429989395399,43.653882528656155
val,cej_int_midpoint,391,1,1,37.495359826329754,31.237429532460254
val,paper_eq1,391,2,1,14.90111514529312,14.125130652123499
val,mask_pca,391,2,1,15.233700607655765,14.287349498504668
val,cej_int_midpoint,391,2,1,15.366551389624922,14.027207299025365
val,paper_eq1,407,2,1,11.850987730411804,14.919265289228786
val,mask_pca,407,2,1,15.066701893795562,16.930240663335095
val,cej_int_midpoint,407,2,1,16.47229648529145,17.54853069392484
val,paper_eq1,41,0,1,15.31569831255178,9.178874556610458
val,mask_pca,41,0,1,15.822855370089101,9.521622101939617
val,cej_int_midpoint,41,0,1,50.492183265119635,9.576108641586737
val,paper_eq1,41,1,1,17.40274761326715,100.0
val,mask_pca,41,1,1,19.189525289394016,19.887308857880733
val,cej_int_midpoint,41,1,1,19.548787490288426,91.33148302691956
val,paper_eq1,41,2,1,97.92678684746961,81.88906983409187
val,mask_pca,41,2,1,70.67381089857449,67.92435107274196
val,cej_int_midpoint,41,2,1,84.26406639528135,75.66234793923971
val,paper_eq1,418,1,1,5.536269913035963,4.532986616590667
val,mask_pca,418,1,1,5.763405140216495,4.631337905003569
val,cej_int_midpoint,418,1,1,5.943046941294918,4.649507811416174
val,paper_eq1,418,2,0,22.248897068859065,15.928537941146143
val,paper_eq1,418,2,1,8.57659449291463,8.156529746273158
val,mask_pca,418,2,0,22.209320904912403,15.921874799597136
val,mask_pca,418,2,1,8.632741739347093,7.9098974528559145
val,cej_int_midpoint,418,2,0,22.640944384917443,15.987849331046183
val,cej_int_midpoint,418,2,1,8.596206662053222,8.052024756481226
val,mask_pca,418,3,1,36.34665731074727,27.37436787325334
val,cej_int_midpoint,418,3,1,80.09414029103648,93.94430348110706
val,mask_pca,419,0,1,27.175115956126323,30.56338679777041
val,paper_eq1,419,1,1,20.576648925541026,14.501761522877162
val,mask_pca,419,1,1,20.78602243701056,14.614011558638001
val,cej_int_midpoint,419,1,1,24.401044639311074,14.607419684944748
val,paper_eq1,424,0,1,59.820588626856704,54.947676095557355
val,mask_pca,424,0,1,23.510416893914577,27.39796009849169
val,cej_int_midpoint,424,0,1,47.32711428284185,45.412261096119316
val,paper_eq1,424,1,1,12.213653645343216,26.37248477244573
val,mask_pca,424,1,1,11.859183011532082,26.79349342928532
val,cej_int_midpoint,424,1,1,16.353812522916797,26.659806658184575
val,paper_eq1,424,2,0,24.733981633535535,26.116390958044732
val,paper_eq1,424,2,1,19.799539922057637,21.916322364810696
val,mask_pca,424,2,0,26.418379028165837,27.756917163600587
val,mask_pca,424,2,1,20.288600364749996,25.74891247748039
val,cej_int_midpoint,424,2,0,27.622139675538847,28.258180680426776
val,cej_int_midpoint,424,2,1,20.05105964641446,25.112037078189076
val,paper_eq1,43,0,1,48.16942616838516,44.555453475680565
val,mask_pca,43,0,1,48.90624001885135,45.00294374468592
val,cej_int_midpoint,43,0,1,48.86167965852699,45.029678948076246
val,paper_eq1,464,0,1,18.280263108188453,22.006476959306365
val,mask_pca,464,0,1,18.184215513488,21.905756274010997
val,cej_int_midpoint,464,0,1,18.254728738065403,21.985638347777687
val,paper_eq1,464,2,1,26.085268925258525,33.65449648101199
val,mask_pca,464,2,1,26.05612542497552,33.61955910046344
val,cej_int_midpoint,464,2,1,27.15120397563312,33.13899427822809
val,paper_eq1,467,0,1,8.799198813809813,10.632054282173423
val,mask_pca,467,0,1,9.72764781820053,14.14321333046675
val,mask_pca,467,1,1,11.916309154589802,6.640182816211879
val,cej_int_midpoint,467,1,1,83.40696682019858,100.0
val,paper_eq1,467,2,1,19.99990977436676,20.105453770743374
val,mask_pca,467,2,1,19.99990480107774,20.109062730896806
val,cej_int_midpoint,467,2,1,19.99999175576639,20.109140705965867
val,paper_eq1,467,3,1,5.804627567612776,4.972915653637383
val,mask_pca,467,3,1,5.841534924154157,4.991796946686607
val,cej_int_midpoint,467,3,1,5.832261531522299,4.9818229348258605
val,paper_eq1,475,0,1,4.7185560448291,3.437397871571437
val,mask_pca,475,0,1,4.721305641552765,3.5752643288051256
val,cej_int_midpoint,475,0,1,4.718602421627527,3.592188860206124
val,paper_eq1,475,1,1,18.705248996801295,68.32753315327732
val,mask_pca,475,1,1,20.218006918734673,23.052401127680856
val,cej_int_midpoint,475,1,1,20.031161820215942,49.216242074103064
val,paper_eq1,475,2,1,42.63171133237999,37.35290237279698
val,mask_pca,475,2,1,43.618432197649355,37.938874794199705
val,cej_int_midpoint,475,2,1,43.58602768855371,37.945941296932
val,paper_eq1,475,3,1,67.57382609277694,21.50772662612287
val,mask_pca,475,3,1,21.186376266241716,22.664695030052727
val,cej_int_midpoint,475,3,1,43.41312435847758,23.031637668136703
val,paper_eq1,48,0,1,31.378607586390057,30.284498590150598
val,mask_pca,48,0,1,32.774159623084905,30.887729971013115
val,cej_int_midpoint,48,0,1,32.98095912316132,30.884727470595468
val,paper_eq1,48,2,1,19.931635427299483,23.280107921230044
val,mask_pca,48,2,1,17.576555013751282,23.54251738609724
val,cej_int_midpoint,48,2,1,28.749704975135227,23.414474768417737
val,paper_eq1,48,3,1,9.373382149092793,6.1650240892319275
val,mask_pca,48,3,1,9.50067263866835,0.993879603857299
val,cej_int_midpoint,48,3,1,10.935261695214406,100.0
val,paper_eq1,48,4,1,42.26120180558478,48.11758963467131
val,mask_pca,48,4,1,42.4898171612609,48.75734296223823
val,cej_int_midpoint,48,4,1,42.824307221163835,48.794813770499914
val,paper_eq1,488,0,1,77.87752130322716,81.72716648520039
val,mask_pca,488,0,1,78.28226073840003,82.21464132620318
val,cej_int_midpoint,488,0,1,78.29450436266883,82.22406768893498
val,paper_eq1,488,1,1,41.10903426633406,30.48603009457387
val,mask_pca,488,1,1,34.08170224066019,30.425896838787914
val,cej_int_midpoint,488,1,1,42.456976697693314,30.48979202984831
val,paper_eq1,489,0,1,26.58847041813064,23.29486280632725
val,mask_pca,489,0,1,27.30012276412656,24.096506683978344
val,cej_int_midpoint,489,0,1,27.520569795736442,24.38968701334654
val,paper_eq1,489,1,1,16.93689267300653,17.147515701694253
val,mask_pca,489,1,1,17.679888554153305,17.90406213370733
val,cej_int_midpoint,489,1,1,17.9157178320653,17.960458452370627
val,paper_eq1,489,2,1,30.884998770907284,30.0416761706208
val,mask_pca,489,2,1,31.465470666977208,30.385643898098852
val,cej_int_midpoint,489,2,1,31.428869322789698,30.337282368114465
val,paper_eq1,493,0,1,4.116400425830826,6.878585006616994
val,mask_pca,493,0,1,4.675324715989886,7.43283055130434
val,cej_int_midpoint,493,0,1,0.8451807767648339,7.511301225667771
val,paper_eq1,493,1,1,13.656407122603694,14.734116656559365
val,mask_pca,493,1,1,13.88830471178085,15.057874623431939
val,cej_int_midpoint,493,1,1,13.829230737902373,14.960281707128201
val,paper_eq1,493,2,1,5.2964640955717694,6.667683749087034
val,mask_pca,493,2,1,5.233829508364145,6.701733614750539
val,cej_int_midpoint,493,2,1,5.492466027467173,6.697799762724184
val,paper_eq1,494,0,1,7.898363466402632,8.399019296595288
val,mask_pca,494,0,1,8.139395255267749,8.685191776689912
val,cej_int_midpoint,494,0,1,8.249382667374386,8.66812880070238
val,paper_eq1,494,1,1,1.6117462901856283,1.9198375205188447
val,mask_pca,494,1,1,1.7931543179927334,1.6887900790877979
val,cej_int_midpoint,494,1,1,4.468322457470228,1.4966714280035103
val,paper_eq1,496,0,1,7.851105973395576,7.873128202675263
val,mask_pca,496,0,1,8.46827378657747,8.118597407576075
val,cej_int_midpoint,496,0,1,8.407458343211706,8.071189184653413
val,paper_eq1,496,1,1,15.479755534714068,15.180243769851188
val,mask_pca,496,1,1,15.747940473239272,15.256437597530104
val,cej_int_midpoint,496,1,1,15.67103560163538,15.215660334038382
val,paper_eq1,50,0,1,57.83274603043176,52.53489320829129
val,mask_pca,50,0,1,58.254418309712065,52.921160929574874
val,cej_int_midpoint,50,0,1,58.17729402789151,52.87820627763953
val,paper_eq1,50,1,1,29.964645655808802,42.153431399441736
val,mask_pca,50,1,1,30.515450891873318,41.73370798826118
val,cej_int_midpoint,50,1,1,30.48349876154881,41.9274644759673
val,paper_eq1,50,2,1,38.35101283836778,42.9439209398922
val,mask_pca,50,2,1,38.902613540828284,43.467449033393706
val,cej_int_midpoint,50,2,1,38.710641556983084,43.2013568504139
val,mask_pca,50,4,1,27.39942696923337,37.03509522419043
val,cej_int_midpoint,50,4,1,27.271017360693804,78.5669654476941
val,paper_eq1,500,0,1,19.77908827108491,19.297278515227596
val,mask_pca,500,0,1,20.889891073061705,20.198033211879917
val,cej_int_midpoint,500,0,1,21.16342600032139,20.41801180904936
val,paper_eq1,500,1,1,64.18231611893583,67.71877157245294
val,mask_pca,500,1,1,32.500857420550155,33.898867823682366
val,cej_int_midpoint,500,1,1,52.68969589607323,56.40496436195538
val,paper_eq1,500,2,1,35.97069689442553,40.69789778926973
val,mask_pca,500,2,1,36.251460675347126,40.89169171479403
val,cej_int_midpoint,500,2,1,36.12490951299268,40.7659115635117
val,paper_eq1,506,0,1,13.514309089105767,12.173456265033899
val,mask_pca,506,0,1,13.364580185756719,12.013383643885643
val,cej_int_midpoint,506,0,1,13.645781312384342,12.176826537699437
val,paper_eq1,506,1,1,3.1471830789663264,4.257086232064928
val,mask_pca,506,1,1,3.037026353613464,4.252202305044756
val,cej_int_midpoint,506,1,1,2.998942520404331,4.255599249698651
val,paper_eq1,506,2,1,2.6950636840676983,1.0474055043862087
val,mask_pca,506,2,1,3.4322323147985867,0.9641759979754685
val,cej_int_midpoint,506,2,1,3.372102273584323,1.0086542876821452
val,paper_eq1,525,0,1,6.328106758485028,8.381747570784343
val,mask_pca,525,0,1,6.433259097132811,8.378496835598195
val,cej_int_midpoint,525,0,1,6.436445010872266,8.380067417995805
val,paper_eq1,525,1,1,3.528826439276696,3.2212611612246076
val,mask_pca,525,1,1,3.812823130922575,3.3866653366665966
val,cej_int_midpoint,525,1,1,3.903806655293936,3.436487075124389
val,paper_eq1,525,2,0,4.069514826868227,3.048066636360207
val,paper_eq1,525,2,1,3.8910705086054,3.007472148831667
val,mask_pca,525,2,0,4.051883727284359,3.1461381019440493
val,mask_pca,525,2,1,3.907634997209063,3.084165581890341
val,cej_int_midpoint,525,2,0,4.0625271722200305,3.099167566264612
val,cej_int_midpoint,525,2,1,3.923584437032864,3.1478033364124207
val,paper_eq1,533,0,1,37.926054366980836,37.695712942424684
val,mask_pca,533,0,1,38.74024505833512,38.332779788354046
val,cej_int_midpoint,533,0,1,38.91305713205912,38.535632141293604
val,paper_eq1,533,1,1,71.19354066953815,53.44763104942836
val,mask_pca,533,1,1,71.79710531960438,53.7706870507021
val,cej_int_midpoint,533,1,1,71.9578814220751,53.822117081376156
val,paper_eq1,533,3,1,13.282897803334151,56.30828063316474
val,mask_pca,533,3,1,13.896837851781099,32.03366347761965
val,cej_int_midpoint,533,3,1,13.97146540693214,46.93153903045871
val,paper_eq1,55,0,1,6.782632500685884,7.917263433422378
val,mask_pca,55,0,1,6.997102682575274,8.060646098815852
val,cej_int_midpoint,55,0,1,5.316477859022322,8.22343399066841
val,paper_eq1,55,1,1,31.352425823552966,22.16164139500212
val,mask_pca,55,1,1,32.23317103152436,22.919117288623195
val,cej_int_midpoint,55,1,1,32.45059920271218,22.977978111188584
val,paper_eq1,55,2,1,34.40178561555287,35.965395773488204
val,mask_pca,55,2,1,35.39244965118324,36.93832586804544
val,cej_int_midpoint,55,2,1,35.50933078059115,36.83173898364151
val,paper_eq1,55,3,1,10.669842836198123,4.819434129907314
val,mask_pca,55,3,1,10.784688307059028,4.926772863894072
val,cej_int_midpoint,55,3,1,10.764302900287179,4.969383529395557
val,paper_eq1,550,0,1,4.192820649460767,5.070744901770622
val,mask_pca,550,0,1,5.797032419278667,6.84304390867905
val,cej_int_midpoint,550,0,1,8.694337327658944,8.919389522458713
val,paper_eq1,550,1,1,0.38744299179301445,7.015390721980795
val,mask_pca,550,1,1,1.0453486500069513,8.70456860165851
val,paper_eq1,550,2,1,3.2670568357251204,6.331493629217944
val,mask_pca,550,2,1,3.1814072061192173,10.804618321204455
val,cej_int_midpoint,550,2,1,3.59032057018457,9.445054124599348
val,mask_pca,554,0,1,34.78318262252331,35.91210839643219
val,cej_int_midpoint,554,0,1,81.09933447129701,80.10684882550966
val,paper_eq1,556,0,1,10.401734335419798,13.534245435395748
val,mask_pca,556,0,1,11.19134817214689,14.996346995028398
val,cej_int_midpoint,556,0,1,11.911633352337542,15.969621668787557
val,paper_eq1,556,1,0,24.791840310347922,26.861797417999977
val,paper_eq1,556,1,1,42.40532716463685,54.90224301479757
val,mask_pca,556,1,0,24.510417525079813,27.245459674949622
val,mask_pca,556,1,1,44.16598607357332,57.143474801739494
val,cej_int_midpoint,556,1,0,24.481202404763778,27.65190089905147
val,cej_int_midpoint,556,1,1,44.09754655970335,56.5020150055605
val,paper_eq1,556,2,0,20.970791064998874,11.234622537136973
val,paper_eq1,556,2,1,10.853930355967403,13.493051639431538
val,mask_pca,556,2,0,20.8269923289728,12.031807010478046
val,mask_pca,556,2,1,12.675772423020188,14.510055569605113
val,cej_int_midpoint,556,2,0,21.132031133848457,11.756083054129041
val,cej_int_midpoint,556,2,1,14.19725459935886,15.006730016323974
val,paper_eq1,556,3,1,13.677785271292011,15.906664324478845
val,mask_pca,556,3,1,13.68597641347613,15.853001933556655
val,cej_int_midpoint,556,3,1,13.683227502025971,15.858267664830642
val,paper_eq1,559,1,1,58.95388166086227,51.73319060404259
val,mask_pca,559,1,1,59.768978988569756,53.84554812177108
val,cej_int_midpoint,559,1,1,60.69376906077789,53.81837246142561
val,paper_eq1,574,0,1,11.1371645842578,8.864619442279757
val,mask_pca,574,0,1,11.703090636991702,9.246857235285418
val,cej_int_midpoint,574,0,1,11.975992658124985,9.824661939992495
val,paper_eq1,574,1,1,17.431000434960684,10.514200556966827
val,mask_pca,574,1,1,14.083159905395748,7.673191352508865
val,cej_int_midpoint,574,1,1,38.27896847977047,33.39969092325033
val,paper_eq1,586,0,0,22.19524858892477,21.820592790153242
val,paper_eq1,586,0,1,9.996451360228944,7.865749781068762
val,mask_pca,586,0,0,22.362254959360563,22.508803991881614
val,mask_pca,586,0,1,10.0408528799381,10.048323273471773
val,cej_int_midpoint,586,0,0,22.294520410868365,22.37786011745724
val,cej_int_midpoint,586,0,1,10.066341318584945,10.263518293716318
val,paper_eq1,586,1,0,18.20145809342071,17.544222356654473
val,paper_eq1,586,1,1,15.160083293658369,7.574068583479009
val,mask_pca,586,1,0,18.614795082887387,17.820573206668087
val,mask_pca,586,1,1,15.6555578328804,9.336173295348186
val,cej_int_midpoint,586,1,0,18.595864591046162,17.719490825582334
val,cej_int_midpoint,586,1,1,15.675822937801634,9.644791790395377
val,paper_eq1,586,2,0,14.311387174872472,12.53240542807403
val,paper_eq1,586,2,1,13.697598741655359,14.597761061803597
val,mask_pca,586,2,0,14.258314937935934,12.418060167428175
val,mask_pca,586,2,1,14.17936544282875,15.028555229045654
val,cej_int_midpoint,586,2,0,14.315661247149727,12.584472161266591
val,cej_int_midpoint,586,2,1,14.404150253616049,15.385373815083298
val,paper_eq1,591,0,1,13.966938404724733,11.892111832623758
val,mask_pca,591,0,1,13.907349819607603,11.915692923281544
val,cej_int_midpoint,591,0,1,14.09069590145992,11.905441948756192
val,paper_eq1,591,1,1,25.703711323016304,24.576777992717915
val,mask_pca,591,1,1,26.586828578092614,25.940061436621765
val,cej_int_midpoint,591,1,1,26.533912535438436,25.77581289877179
val,paper_eq1,591,2,1,47.26761401820457,45.30205182307614
val,mask_pca,591,2,1,48.03756455422624,46.78911807011011
val,cej_int_midpoint,591,2,1,47.78880804873325,46.63876126762676
val,paper_eq1,591,3,1,8.61321012472112,12.383986350072247
val,mask_pca,591,3,1,7.804173587502676,12.791709099454195
val,cej_int_midpoint,591,3,1,8.613210124720954,12.974204010917582
val,paper_eq1,601,0,1,3.4984427201176573,4.590528814002552
val,mask_pca,601,0,1,3.4939208600897422,4.560769232074051
val,cej_int_midpoint,601,0,1,3.498582591657874,4.560500514241133
val,paper_eq1,601,1,0,1.9495594201760427,1.1552230885681947
val,paper_eq1,601,1,1,1.169045000391708,2.932309414055703
val,mask_pca,601,1,0,1.8992257244620374,0.8912170806013407
val,mask_pca,601,1,1,1.2107696164001347,3.025849576180367
val,cej_int_midpoint,601,1,0,2.5243566346608173,0.4865417073792195
val,cej_int_midpoint,601,1,1,1.3371713308850086,2.798086901553537
val,paper_eq1,601,2,1,7.0356336036494,8.322200067770332
val,mask_pca,601,2,1,7.042788164500418,8.279851872098885
val,cej_int_midpoint,601,2,1,7.034017263209486,8.311757386784466
val,paper_eq1,601,3,1,16.71567962594368,12.651519837237002
val,mask_pca,601,3,1,15.805764016817195,13.098907813900212
val,cej_int_midpoint,601,3,1,16.649022504954573,12.970330366199937
val,paper_eq1,601,4,1,13.752402166437768,12.91182046481168
val,mask_pca,601,4,1,13.767199787447455,13.131969758094266
val,cej_int_midpoint,601,4,1,13.758049174854706,13.267159814805519
val,paper_eq1,603,0,1,11.659415648179788,11.210099544548155
val,mask_pca,603,0,1,11.620233276605804,11.280524859623187
val,cej_int_midpoint,603,0,1,11.649568663155332,11.249241427649334
val,paper_eq1,603,1,1,16.720379244543544,12.119749544945185
val,mask_pca,603,1,1,16.71060483997832,12.098138585943548
val,cej_int_midpoint,603,1,1,16.709272976100422,12.101713800251666
val,paper_eq1,603,2,0,14.995584077329948,14.931298187567457
val,paper_eq1,603,2,1,34.25893864560107,20.645159955467886
val,mask_pca,603,2,0,15.858382061145354,15.397030778164938
val,mask_pca,603,2,1,34.07240031755504,37.127001314108696
val,cej_int_midpoint,603,2,0,15.381456798277544,15.132904818682222
val,cej_int_midpoint,603,2,1,34.84714549835417,41.70732227339229
val,paper_eq1,609,1,1,2.0520367240222015,0.6602017101615707
val,mask_pca,609,1,1,1.6137647775875223,0.7945715513818018
val,paper_eq1,616,0,1,70.11356621906725,56.08301759706792
val,mask_pca,616,0,1,71.09529638379296,60.483545743372225
val,cej_int_midpoint,616,0,1,70.86948927785728,64.32072469910685
val,paper_eq1,616,2,1,26.344657033268916,23.266031971855984
val,mask_pca,616,2,1,26.933406969220403,23.856650027099082
val,cej_int_midpoint,616,2,1,26.96695193666635,23.955340800445732
val,paper_eq1,617,1,1,4.779713178794321,0.33853534367072247
val,mask_pca,617,1,1,4.8696310765107365,0.29109482753658905
val,cej_int_midpoint,617,1,1,4.909336957490088,0.2913298800095673
val,paper_eq1,617,2,1,8.616159388724583,10.13083934258694
val,mask_pca,617,2,1,9.283757625759407,10.397756862669713
val,cej_int_midpoint,617,2,1,9.722249357550547,10.487804943989046
val,paper_eq1,626,0,1,51.111654652581336,83.06354523858447
val,mask_pca,626,0,1,51.264980236879,83.54819607846626
val,cej_int_midpoint,626,0,1,51.30130769021671,83.52227136203616
val,paper_eq1,626,1,1,54.61720750663833,29.754426797496077
val,mask_pca,626,1,1,31.163312864446368,29.710448516225483
val,cej_int_midpoint,626,1,1,42.211337991703466,29.75951864329081
val,paper_eq1,644,1,1,33.7109080109501,5.845423346146389
val,mask_pca,644,1,1,35.14909715985147,6.143096081394956
val,cej_int_midpoint,644,1,1,34.91373090603089,6.305010629199422
val,paper_eq1,644,2,1,4.977234402706985,10.776170481776216
val,mask_pca,644,2,1,4.9690659380369935,10.036620901128005
val,cej_int_midpoint,644,2,1,5.117584062842962,10.529683295153186
val,paper_eq1,644,3,1,11.849023950264193,13.522645746175726
val,mask_pca,644,3,1,12.145042927757114,13.946841307710342
val,cej_int_midpoint,644,3,1,12.1346539349218,14.069229059553019
val,paper_eq1,644,4,1,7.931798991291967,12.571782656731227
val,mask_pca,644,4,1,7.939634684465665,12.556065330530014
val,cej_int_midpoint,644,4,1,7.93699053996868,12.582182331547898
val,paper_eq1,653,0,0,52.87066745771671,44.394143226480146
val,paper_eq1,653,0,1,76.75624389160743,75.98259866484703
val,mask_pca,653,0,0,55.39655427929435,51.01495258252334
val,mask_pca,653,0,1,79.46889359744374,82.67669345569519
val,cej_int_midpoint,653,0,0,56.842178679823874,52.80334500932956
val,cej_int_midpoint,653,0,1,78.38446949038463,80.3718560140738
val,paper_eq1,66,0,1,84.67476624301814,79.2591529682998
val,mask_pca,66,0,1,85.89750576464785,81.22684898605243
val,cej_int_midpoint,66,0,1,85.90706170708991,81.48256356367493
val,mask_pca,66,1,1,3.0028333065750004,12.660212341474764
val,paper_eq1,66,2,1,8.30811882442475,6.422979263238382
val,mask_pca,66,2,1,8.476162452275924,7.31906794974053
val,cej_int_midpoint,66,2,1,8.52578209627667,7.5589568960843945
val,paper_eq1,672,0,0,8.394309122026582,6.21611829094393
val,paper_eq1,672,0,1,19.670231176060394,22.675938769231543
val,mask_pca,672,0,0,8.04744837142275,5.934022117808371
val,mask_pca,672,0,1,20.25767246813421,23.335066242411155
val,cej_int_midpoint,672,0,0,8.357059595640816,6.031016124732507
val,cej_int_midpoint,672,0,1,20.62089726555742,23.59387406266104
val,paper_eq1,672,1,1,22.17558943881208,14.302636647726263
val,mask_pca,672,1,1,22.280033033678844,14.525217847118244
val,cej_int_midpoint,672,1,1,22.27072606836303,14.718114738360008
val,paper_eq1,676,1,1,0.275969285642412,1.142364341813027
val,mask_pca,676,1,1,0.010578463151393139,1.3969559672715066
val,cej_int_midpoint,676,1,1,0.47023062298794027,1.3767909986498084
val,paper_eq1,676,2,1,7.718586059110422,6.587018146094471
val,mask_pca,676,2,1,7.501816293122615,6.794334242238674
val,cej_int_midpoint,676,2,1,7.642552971743075,6.77057913664448
val,paper_eq1,676,3,1,8.254233498097053,7.212048115332805
val,mask_pca,676,3,1,8.19397290684145,7.284248055076575
val,cej_int_midpoint,676,3,1,8.223675363647658,7.270599240262292
val,paper_eq1,676,4,1,6.546161286436545,7.1072805888792265
val,mask_pca,676,4,1,6.581775154110009,7.116569292644588
val,cej_int_midpoint,676,4,1,6.7320352367317735,7.200636531897084
val,paper_eq1,683,1,1,26.38816788112449,25.000263350194203
val,mask_pca,683,1,1,26.900228995245946,25.486112269236404
val,cej_int_midpoint,683,1,1,26.889581001932534,25.589611560380032
val,paper_eq1,683,2,1,36.92783771864473,37.26527119017136
val,mask_pca,683,2,1,40.97374169741712,37.81609521765468
val,cej_int_midpoint,683,2,1,46.11561126394057,38.04013702695623
val,paper_eq1,686,0,0,8.315070956081685,7.886318174377502
val,paper_eq1,686,0,1,10.456899082301904,12.238452239632592
val,mask_pca,686,0,0,8.420124844888116,8.118801096894849
val,mask_pca,686,0,1,10.681430883987316,12.537716079353146
val,cej_int_midpoint,686,0,0,8.39708315854967,8.083065876213851
val,cej_int_midpoint,686,0,1,10.741205624300058,12.602230533402341
val,paper_eq1,686,1,0,19.038769955972338,20.391087624022113
val,paper_eq1,686,1,1,11.680864685457216,8.926676612980618
val,mask_pca,686,1,0,19.00174152248779,20.371014567908453
val,mask_pca,686,1,1,12.479131894620243,12.388587605914077
val,cej_int_midpoint,686,1,0,19.029639802036357,20.39261934457942
val,cej_int_midpoint,686,1,1,12.683532483546731,13.1557037515138
val,paper_eq1,694,1,0,8.976935711114436,8.676389744671402
val,paper_eq1,694,1,1,7.015971895691085,7.700050233992474
val,mask_pca,694,1,0,8.967446920843107,8.678948720437797
val,mask_pca,694,1,1,7.423152439935881,8.160100402607297
val,cej_int_midpoint,694,1,0,8.975517715702196,8.676903248287118
val,cej_int_midpoint,694,1,1,7.800508732400314,8.526603277554413
val,paper_eq1,694,2,0,9.352406674791009,13.659107471218283
val,paper_eq1,694,2,1,9.1465657082013,6.228354740056136
val,mask_pca,694,2,0,9.202540440795806,13.291468175494165
val,mask_pca,694,2,1,9.128624035767993,6.285207210052659
val,cej_int_midpoint,694,2,0,9.2674747978755,13.86713829324446
val,cej_int_midpoint,694,2,1,9.073910559475449,7.201869761500646
val,paper_eq1,70,2,1,6.338569786126946,7.091747893378889
val,mask_pca,70,2,1,6.323814160299504,9.300224475297615
val,cej_int_midpoint,70,2,1,7.024786219530106,10.074492653943334
val,paper_eq1,702,0,1,7.527958885183014,5.529302154974447
val,mask_pca,702,0,1,7.352041776480195,5.485133526783184
val,cej_int_midpoint,702,0,1,7.4212953200113825,5.480849817928823
val,paper_eq1,702,1,1,14.688172179202008,18.228437296917598
val,mask_pca,702,1,1,15.459101168455906,18.675715130631684
val,cej_int_midpoint,702,1,1,15.753067292538178,18.747737854814442
val,paper_eq1,702,2,1,8.236161440054735,9.31925628735026
val,mask_pca,702,2,1,8.419603387946719,9.613420204530891
val,cej_int_midpoint,702,2,1,8.335287600261857,9.55896998440424
val,paper_eq1,705,0,1,41.45268827593579,40.6649094673552
val,mask_pca,705,0,1,41.91088897583852,41.35771113769498
val,cej_int_midpoint,705,0,1,42.894585445488815,41.667450085477725
val,paper_eq1,705,1,1,63.52304672996342,64.99169509074461
val,mask_pca,705,1,1,64.42069743133627,65.8819968454544
val,cej_int_midpoint,705,1,1,64.21619426069226,65.77061974538839
val,paper_eq1,705,2,1,37.41870381122673,35.05289421695405
val,mask_pca,705,2,1,38.450696955765075,36.08575202560784
val,cej_int_midpoint,705,2,1,38.62790954080037,36.295026112984445
val,paper_eq1,705,3,1,31.43376759715011,33.968277392502486
val,mask_pca,705,3,1,31.974699828755522,34.2238459765044
val,cej_int_midpoint,705,3,1,31.941881203726325,34.22243080335503
val,paper_eq1,705,4,1,15.452037465389571,13.594080411335238
val,mask_pca,705,4,1,17.24105344909593,14.72263065171683
val,cej_int_midpoint,705,4,1,17.847570175497847,14.83040812564875
val,paper_eq1,71,0,0,29.326620530037843,14.823431642504396
val,paper_eq1,71,0,1,18.09451464186516,17.725974250205937
val,mask_pca,71,0,0,28.66711168655356,14.623802985759069
val,mask_pca,71,0,1,19.00820936792254,18.32773391854461
val,cej_int_midpoint,71,0,0,29.231933500411422,14.792839770234552
val,cej_int_midpoint,71,0,1,20.002122645007624,18.663338082997942
val,paper_eq1,71,1,1,4.594511147879984,3.0740653398007853
val,mask_pca,71,1,1,4.538849875588395,3.0543261333573306
val,cej_int_midpoint,71,1,1,4.549963345681448,3.0636446678164386
val,paper_eq1,71,2,1,16.217499745700735,9.112237907711675
val,mask_pca,71,2,1,15.632458486510236,8.453779959441357
val,cej_int_midpoint,71,2,1,16.193681150051038,9.01986426710499
val,paper_eq1,71,4,1,38.22827367932354,36.01714898728696
val,mask_pca,71,4,1,38.21199153105384,36.20335043598346
val,cej_int_midpoint,71,4,1,38.31789113998141,36.1883531179869
val,paper_eq1,724,0,0,11.844090598013695,5.683415219668534
val,paper_eq1,724,0,1,7.389841155939234,7.93954018568042
val,mask_pca,724,0,0,12.058825424997687,4.209253625286441
val,mask_pca,724,0,1,8.156591258834855,8.337592422565363
val,cej_int_midpoint,724,0,0,11.895392949249182,1.2980900574410816
val,cej_int_midpoint,724,0,1,8.423657733704033,7.170957189129172
val,paper_eq1,724,1,0,7.163586315290141,8.251865402445501
val,paper_eq1,724,1,1,10.20716044333216,9.992609845720395
val,mask_pca,724,1,0,7.354928016588314,8.596123654347586
val,mask_pca,724,1,1,10.908148417849256,10.71506839777559
val,cej_int_midpoint,724,1,0,7.264808456049231,8.448825990342154
val,cej_int_midpoint,724,1,1,11.352787990725934,11.131068287539723
val,paper_eq1,724,2,0,11.371422790551991,13.043186161852175
val,paper_eq1,724,2,1,13.150887814871298,12.688533366879723
val,mask_pca,724,2,0,11.440497549439964,12.992350379035416
val,mask_pca,724,2,1,13.41692598202343,12.470399163443
val,cej_int_midpoint,724,2,0,11.410741709502359,13.037882633011504
val,cej_int_midpoint,724,2,1,13.546177115309213,12.784925480677861
val,paper_eq1,728,0,1,6.038426793732893,8.074234391508286
val,mask_pca,728,0,1,8.355023060349694,8.54817207863146
val,cej_int_midpoint,728,0,1,7.8261624642683545,8.63514370480461
val,paper_eq1,728,1,0,12.213151592446412,14.941596230422094
val,paper_eq1,728,1,1,9.037855028579525,8.372633344096936
val,mask_pca,728,1,0,12.108043588961623,14.88205459411353
val,mask_pca,728,1,1,9.559740204578727,8.967735179383952
val,cej_int_midpoint,728,1,0,12.205904292900346,14.94037396082427
val,cej_int_midpoint,728,1,1,10.02862584060287,9.509031192344716
val,paper_eq1,728,2,1,4.5555868036691365,5.718346042658172
val,mask_pca,728,2,1,5.23351677093874,6.625704748486733
val,cej_int_midpoint,728,2,1,5.2420699996728715,6.545140308633221
val,paper_eq1,744,2,0,9.585096320338812,14.028649781322386
val,paper_eq1,744,2,1,6.4060502385649265,9.006387933044508
val,mask_pca,744,2,0,9.610068332120509,14.029791626737415
val,mask_pca,744,2,1,6.454108413532676,9.088071380492831
val,cej_int_midpoint,744,2,0,9.602640191343799,14.029136015705616
val,cej_int_midpoint,744,2,1,6.469995812748267,9.143194986599582
val,paper_eq1,744,3,1,9.476596091743277,11.41358740322667
val,mask_pca,744,3,1,9.833176115398278,11.982302792020914
val,cej_int_midpoint,744,3,1,9.783518136843593,12.257500504312482
val,paper_eq1,771,0,0,19.97348913137381,22.347770814731582
val,paper_eq1,771,0,1,9.986060310821616,10.5561295958006
val,mask_pca,771,0,0,19.99341087039455,22.409379609283693
val,mask_pca,771,0,1,10.015536322892839,10.58032546641823
val,cej_int_midpoint,771,0,0,19.984188592171655,22.381483658283855
val,cej_int_midpoint,771,0,1,10.037983049796267,10.598530207312729
val,paper_eq1,779,0,0,27.915715316672664,34.692740335965965
val,paper_eq1,779,0,1,17.666553845647048,22.198484047804552
val,mask_pca,779,0,0,25.965563179151218,33.293628042943354
val,mask_pca,779,0,1,18.573765508001316,22.298314594027936
val,cej_int_midpoint,779,0,0,27.86651014044752,34.64476999526425
val,cej_int_midpoint,779,0,1,19.435433433007248,23.31706129078605
val,paper_eq1,779,1,1,32.589489464795236,42.28684841163625
val,mask_pca,779,1,1,33.27379496955528,43.4911233640738
val,cej_int_midpoint,779,1,1,31.31851634075647,43.26148895806672
val,paper_eq1,779,2,1,9.98345777692437,9.152389475961312
val,mask_pca,779,2,1,9.925075658935988,8.969227292766648
val,cej_int_midpoint,779,2,1,9.987220797951304,9.208402127076383
val,paper_eq1,779,3,1,12.708947787764313,13.954197379152578
val,mask_pca,779,3,1,14.791541080949216,14.636038311128722
val,cej_int_midpoint,779,3,1,17.88142312648745,15.191087251142918
val,paper_eq1,785,0,1,29.907126318973965,34.61662358788528
val,mask_pca,785,0,1,29.861561168872807,34.77697961837687
val,cej_int_midpoint,785,0,1,29.86998627151151,34.74319768322545
val,paper_eq1,785,1,1,49.480667056900664,51.0245554821236
val,mask_pca,785,1,1,49.939920660019794,51.416562185026535
val,cej_int_midpoint,785,1,1,49.93543481828755,51.341594672815624
val,paper_eq1,785,2,1,63.479494708237695,57.08377395365927
val,mask_pca,785,2,1,64.67504764199886,58.22573236877001
val,cej_int_midpoint,785,2,1,64.65891385103882,58.22767067567729
val,paper_eq1,785,3,1,29.48281092276638,20.540224027081873
val,mask_pca,785,3,1,29.651137636755255,23.454032329384862
val,cej_int_midpoint,785,3,1,29.619373614299434,29.86188379434801
val,paper_eq1,788,0,1,94.52918557369414,11.599404607252172
val,mask_pca,788,0,1,95.60445975851592,25.17685541437344
val,cej_int_midpoint,788,0,1,95.16975299134604,50.03469439570185
val,paper_eq1,788,1,1,48.011264332846714,84.91248097804457
val,mask_pca,788,1,1,51.47726801225713,76.60052384083072
val,cej_int_midpoint,788,1,1,51.73815334039795,80.38311119504135
val,paper_eq1,813,0,1,21.768355092583203,19.20250101363177
val,mask_pca,813,0,1,21.983851628841975,19.338404773455984
val,cej_int_midpoint,813,0,1,23.694330913568606,19.381498249328327
val,paper_eq1,813,1,1,24.5543121647228,29.684183115389068
val,mask_pca,813,1,1,24.63010373089801,29.725034906183765
val,cej_int_midpoint,813,1,1,24.626063077643916,29.714813993112514
val,paper_eq1,813,2,1,26.729186634609224,26.593977278352597
val,mask_pca,813,2,1,26.945436317416434,26.92148546401703
val,cej_int_midpoint,813,2,1,26.97585169050951,26.999818772401685
val,paper_eq1,813,3,1,17.150130178418525,12.0653332045068
val,mask_pca,813,3,1,17.105737112995453,12.09953404425033
val,cej_int_midpoint,813,3,1,17.17333596278683,12.079823492779168
val,paper_eq1,814,0,1,8.827408237387383,13.314399181974801
val,mask_pca,814,0,1,8.646365964951151,13.223199216753667
val,cej_int_midpoint,814,0,1,8.827408237387445,13.212014994924942
val,paper_eq1,814,1,1,14.018884269944513,18.34997063628766
val,mask_pca,814,1,1,13.896401756714402,18.321527627942828
val,cej_int_midpoint,814,1,1,13.90079350649881,18.324551066742227
val,paper_eq1,814,2,1,8.740259916477765,100.0
val,mask_pca,814,2,1,9.369426579865625,33.913544027071865
val,cej_int_midpoint,814,2,1,9.151211484360624,76.95053201006722
val,paper_eq1,814,3,1,80.63317694790823,1.3972948262760692
val,mask_pca,814,3,1,62.74978229611637,1.8796445390386034
val,cej_int_midpoint,814,3,1,80.38752729371173,1.986682358114839
val,paper_eq1,817,1,1,29.611926129339196,55.65382047284335
val,mask_pca,817,1,1,29.737436643480553,35.11535932136605
val,cej_int_midpoint,817,1,1,29.650093579727315,48.00196261853735
val,paper_eq1,817,2,1,42.11602316523934,76.24861357986428
val,mask_pca,817,2,1,42.12930398451839,77.64358846442755
val,cej_int_midpoint,817,2,1,42.12346271507602,77.42008996250166
val,paper_eq1,817,3,1,50.46139182665554,43.79543038640535
val,mask_pca,817,3,1,51.889788670134884,44.79514794807199
val,cej_int_midpoint,817,3,1,51.58064370557421,44.065625970312254
val,paper_eq1,817,4,1,24.554722202273652,26.596094988725973
val,mask_pca,817,4,1,26.01527056984451,27.159490306617627
val,cej_int_midpoint,817,4,1,25.916764889653916,27.046671440527803
val,paper_eq1,825,0,1,5.300158181892366,1.100510859124153
val,mask_pca,825,0,1,5.928907638132908,0.8783692261167424
val,cej_int_midpoint,825,0,1,5.548456861274102,1.5884756070677648
val,paper_eq1,825,1,1,0.8021225525262885,2.9974345045595285
val,mask_pca,825,1,1,0.28992637413617395,3.684586343705919
val,cej_int_midpoint,825,1,1,0.4223088553884576,3.947064168246903
val,paper_eq1,825,2,1,4.427702020053356,6.9098439339570845
val,mask_pca,825,2,1,4.2038010489702415,7.13830177231668
val,cej_int_midpoint,825,2,1,4.625501403110234,7.175332529747047
val,mask_pca,825,3,1,0.059764445241322975,10.485991164730688
val,paper_eq1,826,0,1,44.72287921405373,47.9727862156862
val,mask_pca,826,0,1,44.86250240561056,48.148148706599265
val,cej_int_midpoint,826,0,1,45.404681722875914,48.14056764126472
val,paper_eq1,826,1,1,46.907682583695106,49.35303120997888
val,mask_pca,826,1,1,47.018579214070364,49.52745878233326
val,cej_int_midpoint,826,1,1,47.00908801039635,49.50636631149095
val,paper_eq1,826,2,1,62.68203138046889,42.76009703967221
val,mask_pca,826,2,1,53.92036769328874,43.21820846058817
val,cej_int_midpoint,826,2,1,58.11540521204447,44.36907010373398
val,mask_pca,833,0,1,47.8228229266375,2.4927005877293174
val,paper_eq1,833,1,1,16.80539429068483,12.031248840167176
val,mask_pca,833,1,1,17.040578406152306,28.282813830123192
val,cej_int_midpoint,833,1,1,16.960160775833792,31.78253102441799
val,paper_eq1,837,0,1,3.6315065989456685,0.24323371253618178
val,mask_pca,837,0,1,3.5361480206172318,0.09345302013940193
val,cej_int_midpoint,837,0,1,4.424564732457595,0.04350230301172735
val,mask_pca,837,1,1,6.854070703011075,8.23970812088732
val,paper_eq1,846,0,0,24.31004675686274,25.009073014566447
val,paper_eq1,846,0,1,10.040535283370192,72.04253038818014
val,mask_pca,846,0,0,24.332708163702844,25.40002631206707
val,mask_pca,846,0,1,10.158407663249218,17.11322823744354
val,cej_int_midpoint,846,0,0,24.319467846498853,28.013426583891203
val,cej_int_midpoint,846,0,1,10.222417760603108,43.044849975449495
val,paper_eq1,846,1,1,9.412165915957964,19.189202255403938
val,mask_pca,846,1,1,9.526000902288374,19.217859057551287
val,cej_int_midpoint,846,1,1,9.50258122289009,19.195425860192437
val,paper_eq1,853,0,0,4.458420622076025,2.1278367219426135
val,paper_eq1,853,0,1,4.5541249339838545,2.1599482273700903
val,mask_pca,853,0,0,4.5370830133403555,2.1365796558558525
val,mask_pca,853,0,1,5.0009272207721995,2.348664452178606
val,cej_int_midpoint,853,0,0,4.472863339216715,2.1272783447868786
val,cej_int_midpoint,853,0,1,5.222789033746589,2.484745071614296
val,paper_eq1,853,1,1,2.430497547451541,16.883264318690813
val,mask_pca,853,1,1,4.334940514877123,16.958729915435075
val,cej_int_midpoint,853,1,1,4.760734697908523,16.870994236753877
val,paper_eq1,866,0,1,6.11155531812945,4.464042043186655
val,mask_pca,866,0,1,6.1665495459115105,4.539342504597039
val,cej_int_midpoint,866,0,1,5.36674268443088,4.603383193227791
val,paper_eq1,866,1,0,2.3365901139649266,0.6030243126302267
val,paper_eq1,866,1,1,0.1065038691149074,2.111223386533458
val,mask_pca,866,1,0,2.336544300211963,0.6573113268912392
val,mask_pca,866,1,1,0.178473295408772,2.7262881532354073
val,cej_int_midpoint,866,1,0,2.336395642166592,0.8117368943379262
val,cej_int_midpoint,866,1,1,0.7853877313001794,2.4225346883035823
val,paper_eq1,871,0,1,51.3827470289257,28.713108525071146
val,mask_pca,871,0,1,51.67796483890756,30.230890109845383
val,cej_int_midpoint,871,0,1,53.32919005063188,31.064780106190042
val,paper_eq1,871,1,1,61.88075745952597,66.52107901655586
val,mask_pca,871,1,1,65.7858797641397,60.042786554945195
val,cej_int_midpoint,871,1,1,65.7448138717133,63.37999770233732
val,paper_eq1,871,2,1,55.92946272811135,38.573712385391104
val,mask_pca,871,2,1,58.237056606951235,24.264035017563646
val,cej_int_midpoint,871,2,1,58.30555901881461,33.55038302544386
val,paper_eq1,894,1,1,5.993334706687192,13.775680189406009
val,mask_pca,894,1,1,6.212240010177316,14.8261754034089
val,cej_int_midpoint,894,1,1,2.5578774570816996,15.500602459541394
val,paper_eq1,894,2,1,10.672158952383919,12.322714542666722
val,mask_pca,894,2,1,10.925924870756955,12.465728660005997
val,cej_int_midpoint,894,2,1,8.222798602647602,12.49776106536666
val,paper_eq1,894,3,1,7.826132923706035,10.292658229338048
val,mask_pca,894,3,1,8.058981272799203,10.501747006646506
val,cej_int_midpoint,894,3,1,8.115083450598942,10.550900002325408
val,paper_eq1,895,1,1,2.3718383723326326,5.589946457393544
val,mask_pca,895,1,1,2.7035727408981276,5.854386670546803
val,cej_int_midpoint,895,1,1,3.2477275097195606,5.989762253592696
val,paper_eq1,895,2,1,3.4558592248124653,3.215372229904398
val,mask_pca,895,2,1,3.474179048399504,3.2519878848317565
val,cej_int_midpoint,895,2,1,3.5439875860123164,3.228925903865275
val,paper_eq1,899,0,1,12.01117042865369,7.619315946521886
val,mask_pca,899,0,1,13.255099548870295,7.925098271268574
val,cej_int_midpoint,899,0,1,13.534994640480031,7.936884072228375
val,paper_eq1,899,1,1,17.18889017435116,21.547446721408534
val,mask_pca,899,1,1,18.217500993304835,22.49631595580827
val,cej_int_midpoint,899,1,1,18.144075734397457,22.031743559406987
val,paper_eq1,899,2,1,14.969502221106573,13.619687154151736
val,mask_pca,899,2,1,14.961727702774787,13.646292313389043
val,cej_int_midpoint,899,2,1,14.978043944062474,13.650591933010507
val,paper_eq1,899,3,1,3.8808496674356396,0.1292117559678291
val,mask_pca,899,3,1,3.977909504096859,0.010428006373401575
val,cej_int_midpoint,899,3,1,3.958795222590092,0.04990040736359783
val,paper_eq1,906,0,0,40.8281281392058,42.44799552732192
val,paper_eq1,906,0,1,29.01199083890818,28.092561551848377
val,mask_pca,906,0,0,42.966286859992195,39.386930778671406
val,mask_pca,906,0,1,29.27910941630159,28.41483249126983
val,cej_int_midpoint,906,0,0,42.855967311339505,41.03020942056666
val,cej_int_midpoint,906,0,1,29.307426888194104,28.164841389489126
val,paper_eq1,906,1,1,58.56521187317766,58.61857866266811
val,mask_pca,906,1,1,58.865140662105716,58.96000806375062
val,cej_int_midpoint,906,1,1,58.81678743733785,58.933746545755305
val,paper_eq1,906,2,1,58.32787407311619,18.196386129330754
val,mask_pca,906,2,1,59.85814019739841,18.69726486758088
val,cej_int_midpoint,906,2,1,59.8908422015754,18.793202321119406
val,paper_eq1,906,4,1,25.26843906575951,23.492046277624752
val,mask_pca,906,4,1,25.37335474944295,23.687004059912162
val,cej_int_midpoint,906,4,1,25.322162445710884,23.80222692884035
val,paper_eq1,908,2,1,20.82197465127096,20.856375808746275
val,mask_pca,908,2,1,21.311332657662753,21.101161267403498
val,cej_int_midpoint,908,2,1,21.395459916231687,21.11361328044803
val,paper_eq1,908,3,1,27.86451362431674,27.228111522926856
val,mask_pca,908,3,1,30.19521374905739,28.55442043339172
val,cej_int_midpoint,908,3,1,31.283978792741753,29.365566784428975
val,paper_eq1,916,1,1,3.0792642782111934,4.55592929603787
val,mask_pca,916,1,1,3.000650514922537,4.483205374572296
val,cej_int_midpoint,916,1,1,4.11169575697791,4.655456502246056
val,paper_eq1,916,2,0,20.97086765059117,11.983631553810348
val,paper_eq1,916,2,1,9.373831795650286,11.547186321232823
val,mask_pca,916,2,0,21.876563050935715,12.33787491466685
val,mask_pca,916,2,1,9.376116571628854,13.893442123921277
val,cej_int_midpoint,916,2,0,22.048906836427882,12.25618952153695
val,cej_int_midpoint,916,2,1,9.375490133801739,13.63303266115816
val,paper_eq1,916,3,1,10.45987253619872,8.551977034941023
val,mask_pca,916,3,1,11.619842914872072,8.48616262293508
val,cej_int_midpoint,916,3,1,6.202556413301164,8.538684040552067
val,paper_eq1,928,0,1,4.221080843253529,28.327438431621882
val,mask_pca,928,0,1,4.4398899916153525,28.477101858260095
val,cej_int_midpoint,928,0,1,4.748501313306696,28.45260025009535
val,paper_eq1,928,1,1,19.384891561560107,17.77373393481041
val,mask_pca,928,1,1,19.833341535288245,18.959601318035986
val,cej_int_midpoint,928,1,1,19.958399990960608,19.349102335295186
val,paper_eq1,928,2,1,25.584505266012343,28.85683333869979
val,mask_pca,928,2,1,26.440567947870992,30.070300343733347
val,cej_int_midpoint,928,2,1,26.40367434892174,30.392800219915195
val,paper_eq1,928,4,1,8.797084614880458,0.6370421694499429
val,mask_pca,928,4,1,9.109068842698463,0.7203180354250935
val,cej_int_midpoint,928,4,1,8.678418461263062,0.7241854646524308
val,paper_eq1,932,0,1,34.588789697960706,32.040508304255646
val,mask_pca,932,0,1,35.70724499309159,32.98141233512993
val,cej_int_midpoint,932,0,1,35.95090029816664,33.17352222379269
val,paper_eq1,932,1,1,66.28734118954102,60.0212695553298
val,mask_pca,932,1,1,65.98913136377452,59.924821936384035
val,cej_int_midpoint,932,1,1,66.28734118954107,59.73959750620273
val,paper_eq1,932,2,1,67.72675833417286,74.4965073809076
val,mask_pca,932,2,1,67.96043188006422,74.80163165747243
val,cej_int_midpoint,932,2,1,67.90038434718534,74.70753039743589
val,paper_eq1,932,3,1,25.437860060015673,49.723411955116106
val,mask_pca,932,3,1,25.638167729439715,50.27463505809525
val,cej_int_midpoint,932,3,1,25.567584827850247,50.08730925854471
val,paper_eq1,935,0,1,23.022851268623477,23.17926005300263
val,mask_pca,935,0,1,23.49124664511174,23.719634469991824
val,cej_int_midpoint,935,0,1,23.676625072636824,23.94512462524527
val,paper_eq1,935,1,1,34.40743040528027,29.46867797985313
val,mask_pca,935,1,1,35.51487637419501,23.926659597351115
val,cej_int_midpoint,935,1,1,35.65482377954704,35.42455256168122
val,paper_eq1,936,0,1,16.02227103445084,18.314480445684065
val,mask_pca,936,0,1,15.921977763103893,18.280103175181264
val,cej_int_midpoint,936,0,1,16.007474404942833,18.307082175942796
val,paper_eq1,936,1,0,27.810614353801768,25.515073182418966
val,paper_eq1,936,1,1,26.496998298009363,39.08807121267942
val,mask_pca,936,1,0,28.226606881205196,30.760704957586345
val,mask_pca,936,1,1,27.78083543265433,43.338914966882975
val,cej_int_midpoint,936,1,0,29.775578370623855,34.396429526161185
val,cej_int_midpoint,936,1,1,27.04844556852251,41.63213186879208
val,paper_eq1,936,2,1,30.793019173981495,38.84082189215253
val,mask_pca,936,2,1,31.74225371630574,39.12092484164124
val,cej_int_midpoint,936,2,1,31.50589834292547,39.146521691567436
val,paper_eq1,939,0,1,13.204912552508041,16.347858260503855
val,mask_pca,939,0,1,13.088128506608134,16.563744006995417
val,cej_int_midpoint,939,0,1,13.148668303484751,16.477938216235472
val,paper_eq1,939,1,0,8.539805979672872,10.665062879472924
val,paper_eq1,939,1,1,17.765591284337408,20.392858180062245
val,mask_pca,939,1,0,9.997811852276365,11.184873553845351
val,mask_pca,939,1,1,17.690561239279397,20.393286986084604
val,cej_int_midpoint,939,1,0,12.088341673409529,11.420123662939766
val,cej_int_midpoint,939,1,1,17.91398385905731,20.392902496937545
val,paper_eq1,939,2,0,10.895166253275681,12.80398201982646
val,paper_eq1,939,2,1,14.346116710714114,48.09058323134677
val,mask_pca,939,2,0,11.127578776521514,13.017422842433488
val,mask_pca,939,2,1,14.052026884198018,28.46235882825962
val,cej_int_midpoint,939,2,0,11.318317482305606,11.55251338854145
val,cej_int_midpoint,939,2,1,14.224413789580318,75.45838516068272
val,paper_eq1,939,3,1,6.907367248672022,6.023587292623675
val,mask_pca,939,3,1,9.053153105046613,7.447853989282828
val,cej_int_midpoint,939,3,1,9.54982208241669,7.451846547801765
val,paper_eq1,942,0,1,3.461898562700752,0.158818682415823
val,mask_pca,942,0,1,3.53788489120892,0.2538665911206813
val,cej_int_midpoint,942,0,1,3.4457847492887343,0.5469478664432633
val,paper_eq1,942,1,1,6.184553584656923,8.812576031200896
val,mask_pca,942,1,1,7.360303168710021,9.298741536211846
val,cej_int_midpoint,942,1,1,1.1566283289278823,9.297519711002675
val,paper_eq1,942,2,1,16.30094163694901,3.3227498222851164
val,mask_pca,942,2,1,9.051507483081792,3.309602382768139
val,cej_int_midpoint,942,2,1,54.60213748650043,3.3301193885534097
val,paper_eq1,942,3,0,1.8757405240982856,5.212933024497586
val,paper_eq1,942,3,1,0.3934255804444308,4.115734902067991
val,mask_pca,942,3,0,1.511610136266223,2.1630758950192925
val,mask_pca,942,3,1,0.34202572428001243,3.992022148504643
val,cej_int_midpoint,942,3,0,3.1701910194609266,2.356463297807141
val,cej_int_midpoint,942,3,1,2.0342762448440372,3.9400005530559628
val,paper_eq1,945,0,0,10.416675237239376,14.653780062732903
val,paper_eq1,945,0,1,9.074749652144366,11.235227720589778
val,mask_pca,945,0,0,10.506629487666382,14.787271865238813
val,mask_pca,945,0,1,9.125085480331897,11.515474619719258
val,cej_int_midpoint,945,0,0,10.478200955522185,14.724353368928483
val,cej_int_midpoint,945,0,1,9.155910251978431,11.694719679042356
val,paper_eq1,945,1,1,2.484542168902121,4.351921486043308
val,mask_pca,945,1,1,2.432262896099863,4.778006928285125
val,cej_int_midpoint,945,1,1,2.433528389073367,4.907935234889757
val,paper_eq1,945,2,0,14.611665897897948,16.058151985263823
val,mask_pca,945,2,0,15.256088370212836,16.025562152171954
val,mask_pca,945,2,1,7.088582034870707,0.6170378774876973
val,paper_eq1,957,0,1,16.026763566811795,14.492288583510064
val,mask_pca,957,0,1,16.449288241872765,14.847438010252908
val,cej_int_midpoint,957,0,1,16.57586176339827,14.898538164972297
val,paper_eq1,957,1,1,11.263647431323855,12.300187337662047
val,mask_pca,957,1,1,11.780223691659588,12.842419630419268
val,cej_int_midpoint,957,1,1,8.641054449862152,13.140508348637445
val,paper_eq1,971,0,1,3.8182213737291573,9.468214013815324
val,mask_pca,971,0,1,4.307778166555547,10.331867479905512
val,cej_int_midpoint,971,0,1,6.637422464997603,10.61295986098677
val,paper_eq1,971,1,1,4.035679464595779,5.800634254856849
val,mask_pca,971,1,1,4.115769155314592,6.142143045938665
val,cej_int_midpoint,971,1,1,4.147722086762499,6.135865354505286
val,mask_pca,971,2,1,3.425728273892209,4.796628010099006
val,paper_eq1,971,3,1,7.6931709333282985,12.064724341151239
val,mask_pca,971,3,1,8.637144827033762,12.624171173964246
val,cej_int_midpoint,971,3,1,4.443894434712823,12.845978057523592
val,paper_eq1,971,4,1,8.251753913823297,4.457511094079531
val,mask_pca,971,4,1,8.802422439450837,17.762226088281388
val,cej_int_midpoint,971,4,1,8.920671968982031,61.78222664178264
val,paper_eq1,972,0,0,8.927632354948067,7.328326985834986
val,paper_eq1,972,0,1,8.238172669307554,7.545139849723348
val,mask_pca,972,0,0,8.493448814180342,7.3088678605220005
val,mask_pca,972,0,1,8.72481266339505,7.778933138320196
val,cej_int_midpoint,972,0,0,8.8707591990287,7.312451090567902
val,cej_int_midpoint,972,0,1,9.10265986019962,7.822669535866613
val,paper_eq1,972,1,1,11.031399119748652,14.079997471544909
val,mask_pca,972,1,1,11.07482693281986,14.179827899283461
val,cej_int_midpoint,972,1,1,10.825774850785816,14.173259163398132
val,paper_eq1,972,2,1,8.591875478666475,9.719260684549551
val,mask_pca,972,2,1,8.514837011155262,10.404281077805813
val,cej_int_midpoint,972,2,1,8.51526927070628,10.580436791668625
val,paper_eq1,985,1,1,20.029491873109137,17.23584603496782
val,mask_pca,985,1,1,20.93455415705993,17.7038269634209
val,cej_int_midpoint,985,1,1,21.32127651210936,17.803706032044712
val,paper_eq1,985,2,0,22.45223386562028,12.09321784556347
val,paper_eq1,985,2,1,11.98917721627236,15.390306277913007
val,mask_pca,985,2,0,21.809701142777925,12.33995628730711
val,mask_pca,985,2,1,12.982264296443983,15.612197862133065
val,cej_int_midpoint,985,2,0,23.272461016277397,12.20503844328179
val,cej_int_midpoint,985,2,1,14.237214022363759,16.056599304629373
val,paper_eq1,990,0,1,7.986350885606715,9.558489632888557
val,mask_pca,990,0,1,8.25475305032899,9.617417118015716
val,cej_int_midpoint,990,0,1,8.333390148186764,9.6107405739154
val,paper_eq1,990,1,1,24.49140662019037,26.637694869871968
val,mask_pca,990,1,1,24.93334258334348,27.031814478561767
val,cej_int_midpoint,990,1,1,24.99284038181383,26.953748466368992
val,paper_eq1,990,2,1,35.307238551157546,35.94637004107633
val,mask_pca,990,2,1,35.261751333014395,35.91668031938653
val,cej_int_midpoint,990,2,1,37.86214099274237,35.9329178620937
val,paper_eq1,994,0,0,8.845371764154502,6.990389161050343
val,paper_eq1,994,0,1,13.659962034149487,13.207751819812232
val,mask_pca,994,0,0,9.091620001805461,7.312956814035994
val,mask_pca,994,0,1,13.420828884533822,13.193289516595112
val,cej_int_midpoint,994,0,0,9.343425288698985,7.518339245600382
val,cej_int_midpoint,994,0,1,13.64642362550409,13.20355382550816
val,paper_eq1,994,1,1,12.554836769404693,10.788452582622849
val,mask_pca,994,1,1,15.634322772384898,11.430429391274576
val,cej_int_midpoint,994,1,1,14.571667009196986,11.165549080427045
test,paper_eq1,1,0,1,97.01204748897932,82.55269736501212
test,mask_pca,1,0,1,15.401859544718036,19.336662236131346
test,cej_int_midpoint,1,0,1,77.03750764612003,63.40219015062761
test,paper_eq1,1,1,1,12.989651293716854,16.836227939607102
test,mask_pca,1,1,1,13.42061452550054,17.30785778653221
test,cej_int_midpoint,1,1,1,11.641688450012849,17.381479920768445
test,paper_eq1,1,2,1,12.23646341947053,13.773065412471059
test,mask_pca,1,2,1,12.331859346407732,13.816057294853435
test,cej_int_midpoint,1,2,1,12.45521534824066,13.80324884314891
test,paper_eq1,1,3,0,17.260639904364456,15.856972249007214
test,paper_eq1,1,3,1,18.547971132453313,6.168498144761333
test,mask_pca,1,3,0,17.63217229097346,16.989929068703464
test,mask_pca,1,3,1,18.992870967589305,6.418861498978787
test,cej_int_midpoint,1,3,0,17.563809403529444,16.783360951970984
test,cej_int_midpoint,1,3,1,19.05071644600557,6.4821719975771925
test,paper_eq1,100,0,1,8.29712156725782,6.471992705549516
test,mask_pca,100,0,1,8.599634200816821,6.918884541732091
test,cej_int_midpoint,100,0,1,8.757083936420344,7.535311688863897
test,paper_eq1,100,1,0,16.693952041819248,17.74724325087296
test,paper_eq1,100,1,1,6.673789793942161,6.639066905067476
test,mask_pca,100,1,0,16.814465351776946,19.6233980321662
test,mask_pca,100,1,1,6.63266426332958,6.480044262153934
test,cej_int_midpoint,100,1,0,19.517761293039385,18.67172712630348
test,cej_int_midpoint,100,1,1,6.711359263583286,6.356725171194073
test,paper_eq1,100,2,1,19.537149311396252,15.766499098057087
test,mask_pca,100,2,1,20.44606481731798,16.508977039017793
test,cej_int_midpoint,100,2,1,20.805029626684636,16.78289511226152
test,paper_eq1,1000,0,1,58.9676159929198,8.079855126167203
test,mask_pca,1000,0,1,29.194007503718574,8.376748159892223
test,cej_int_midpoint,1000,0,1,51.4081867910601,8.332870125407236
test,paper_eq1,1000,1,1,11.10567260600646,72.86804593067457
test,mask_pca,1000,1,1,11.805609495792496,19.606343265208487
test,cej_int_midpoint,1000,1,1,8.868545697989003,57.110253241188694
test,paper_eq1,1000,2,1,12.861620557674442,5.542762760761589
test,mask_pca,1000,2,1,12.854908330411249,5.656746658615386
test,cej_int_midpoint,1000,2,1,12.861620557674453,5.5327854528782385
test,paper_eq1,1007,0,1,75.90929184071167,75.6966962178428
test,mask_pca,1007,0,1,77.67254927087536,77.56626292292901
test,cej_int_midpoint,1007,0,1,77.49843992974519,77.14360579046212
test,paper_eq1,1007,1,1,34.80289504334928,17.937152563695403
test,mask_pca,1007,1,1,34.91217117068216,18.183815668777815
test,cej_int_midpoint,1007,1,1,34.87353677130745,18.367045326058754
test,paper_eq1,1007,2,1,81.82505176205711,10.832597256350123
test,mask_pca,1007,2,1,83.09900005655999,10.930261408375177
test,cej_int_midpoint,1007,2,1,82.81936126748047,10.952849471683173
test,paper_eq1,1027,1,1,20.391662826823797,19.431630446506258
test,mask_pca,1027,1,1,20.75224977411417,20.992554998565016
test,cej_int_midpoint,1027,1,1,20.692237986190428,20.89827856521731
test,paper_eq1,1027,2,1,93.37864361016301,67.93319346698115
test,mask_pca,1027,2,1,67.44703705872813,40.192567121693116
test,cej_int_midpoint,1027,2,1,88.70241555928246,80.94274871989937
test,paper_eq1,103,0,1,37.4594015481384,22.37998905464682
test,mask_pca,103,0,1,37.685643990610714,22.374451063097407
test,cej_int_midpoint,103,0,1,38.32824031014962,22.376898336010147
test,paper_eq1,103,3,1,37.17570697758519,38.87480508789277
test,mask_pca,103,3,1,38.263682019215025,39.806321837943464
test,cej_int_midpoint,103,3,1,37.85761892807607,39.44035140053871
test,paper_eq1,1036,0,0,13.66700790543601,0.3120576449285407
test,paper_eq1,1036,0,1,8.790412208299765,8.379869542669544
test,mask_pca,1036,0,0,15.11675955696916,3.849421580128957
test,mask_pca,1036,0,1,9.337194115544637,8.814781496412579
test,cej_int_midpoint,1036,0,0,15.310397027733952,19.639440167841748
test,cej_int_midpoint,1036,0,1,9.245550922472633,7.202053493249795
test,paper_eq1,1036,1,0,1.9706323705094082,0.6677444047788036
test,paper_eq1,1036,1,1,96.65197940037237,15.92614598664712
test,mask_pca,1036,1,0,1.4871655593267241,0.7654597119644666
test,mask_pca,1036,1,1,0.9921268899776039,22.535587038998447
test,cej_int_midpoint,1036,1,0,17.075489609147834,0.7859204661023904
test,cej_int_midpoint,1036,1,1,7.424128889569033,21.86197937330462
test,paper_eq1,1042,0,1,5.296239846137842,4.32852398772366
test,mask_pca,1042,0,1,5.218120430722585,4.374225799820249
test,cej_int_midpoint,1042,0,1,5.334385299305527,4.243491965842154
test,paper_eq1,1042,1,0,5.082679730339964,5.443979349926787
test,paper_eq1,1042,1,1,4.792962825933534,5.917913807963829
test,mask_pca,1042,1,0,5.583837518259589,5.673535951559742
test,mask_pca,1042,1,1,4.778661269418461,5.907652982319593
test,cej_int_midpoint,1042,1,0,5.876248641906249,5.742301052712176
test,cej_int_midpoint,1042,1,1,4.958359005208841,5.9253757461724454
test,mask_pca,1042,2,1,4.7562374464968835,6.422043209315483
test,paper_eq1,1048,1,1,6.116739250729997,3.0170954250604938
test,mask_pca,1048,1,1,6.041269177940771,2.848198602644696
test,cej_int_midpoint,1048,1,1,6.954911061698519,4.640533423520125
test,paper_eq1,1059,0,1,10.803865545489622,13.957652557232075
test,mask_pca,1059,0,1,11.314317752710949,14.659362226809943
test,cej_int_midpoint,1059,0,1,0.3034285424707775,13.665270031798386
test,paper_eq1,1059,2,1,13.018425084766868,12.178501106019423
test,mask_pca,1059,2,1,12.936619482476653,12.541418157169742
test,cej_int_midpoint,1059,2,1,13.46551841962547,12.498023932533203
test,paper_eq1,1059,3,1,9.334404320260226,10.504352716043124
test,mask_pca,1059,3,1,9.40534766266599,10.54855498561901
test,cej_int_midpoint,1059,3,1,9.358309746610361,10.519507077522755
test,paper_eq1,106,0,1,66.49180496588652,67.3070090255046
test,mask_pca,106,0,1,66.60960361257632,67.56523571056506
test,cej_int_midpoint,106,0,1,67.10227484833257,67.62271230407231
test,paper_eq1,106,1,1,61.53348482582022,61.640472314745466
test,mask_pca,106,1,1,61.99108714810213,62.02103416271725
test,cej_int_midpoint,106,1,1,62.08637805194327,62.039964380249
test,paper_eq1,106,2,1,51.06470607438531,44.80584099220912
test,mask_pca,106,2,1,51.199321665465604,44.88289787250162
test,cej_int_midpoint,106,2,1,51.15548271499875,44.86481657026358
test,paper_eq1,1064,0,1,14.636023955235581,29.99551426138612
test,mask_pca,1064,0,1,15.334789216489062,30.80628922706696
test,cej_int_midpoint,1064,0,1,15.53314271023184,30.679526726675643
test,paper_eq1,1064,1,1,18.880394467263244,17.7229329646028
test,mask_pca,1064,1,1,20.04680841881534,18.521254834031875
test,cej_int_midpoint,1064,1,1,20.066540340581433,18.42566477839174
test,paper_eq1,1065,0,1,9.967662033483304,7.565452178103269
test,mask_pca,1065,0,1,11.085131143033792,8.406203461111803
test,paper_eq1,1065,1,1,3.727627996718634,21.819403112045013
test,mask_pca,1065,1,1,4.120651337835375,23.127518349003626
test,cej_int_midpoint,1065,1,1,0.4552067799462293,22.825415418175762
test,paper_eq1,1065,2,1,4.0241616416787505,2.4328652664756834
test,mask_pca,1065,2,1,3.873508939640343,2.4626523017927378
test,cej_int_midpoint,1065,2,1,4.29515076479764,2.4402648744306066
test,paper_eq1,107,0,1,24.389677145658933,22.411845287661997
test,mask_pca,107,0,1,24.550163035214545,22.439856844791866
test,cej_int_midpoint,107,0,1,24.680963034341026,22.455027118453437
test,paper_eq1,107,1,1,42.981232118775985,32.863846676718204
test,mask_pca,107,1,1,46.37267996531481,34.69544076197205
test,cej_int_midpoint,107,1,1,46.8218224930817,35.199304365492004
test,paper_eq1,107,2,1,27.764405838795845,40.81635095801128
test,mask_pca,107,2,1,28.445423202482147,42.06359779686276
test,cej_int_midpoint,107,2,1,28.39725868421537,42.12454769011878
test,paper_eq1,1071,0,0,44.10347770341125,42.09871964561781
test,paper_eq1,1071,0,1,33.244878272614386,36.044329024902666
test,mask_pca,1071,0,0,44.19051171489375,43.877328915048565
test,mask_pca,1071,0,1,34.33319209703794,36.60914702953051
test,cej_int_midpoint,1071,0,0,44.14672216523642,43.557144941298226
test,cej_int_midpoint,1071,0,1,34.89909655854054,36.79655368954165
test,paper_eq1,1078,0,1,4.308345310424611,2.1466265875164985
test,mask_pca,1078,0,1,4.537237800985039,2.1705109088019037
test,paper_eq1,1078,1,0,5.21954007948741,4.320612688820273
test,paper_eq1,1078,1,1,7.976689753814732,7.022417689129727
test,mask_pca,1078,1,0,5.014691689359068,4.212757620698404
test,mask_pca,1078,1,1,8.093119016195955,7.146792469938755
test,cej_int_midpoint,1078,1,0,5.349927147305447,4.318633246830441
test,cej_int_midpoint,1078,1,1,8.368259570457406,7.328508785958118
test,paper_eq1,1079,0,1,0.14662184874611742,5.283189780191535
test,mask_pca,1079,0,1,0.4305839409611158,5.159780247032659
test,cej_int_midpoint,1079,0,1,0.7053752486073208,5.286839577077151
test,paper_eq1,1079,1,0,0.8298331680559906,4.704857815507995
test,paper_eq1,1079,1,1,7.19076181813426,9.410611869350479
test,mask_pca,1079,1,0,0.6975936590323687,5.007009182088052
test,mask_pca,1079,1,1,7.425869675518805,10.241778120644693
test,cej_int_midpoint,1079,1,0,0.5676982997623108,5.118139623571778
test,cej_int_midpoint,1079,1,1,7.214000579285952,10.048481939192868
test,paper_eq1,108,0,1,60.451284303380305,56.00432231823418
test,mask_pca,108,0,1,61.627187298801026,57.42167351902291
test,cej_int_midpoint,108,0,1,61.33728566917169,57.15736265794064
test,paper_eq1,108,1,1,36.74312284076454,57.74645299103306
test,mask_pca,108,1,1,38.37168366941721,48.212641013463106
test,cej_int_midpoint,108,1,1,38.58415029289991,53.738478452233316
test,paper_eq1,1082,0,1,13.331459145418057,9.168250385921318
test,mask_pca,1082,0,1,12.898146500751093,9.273828138079143
test,cej_int_midpoint,1082,0,1,17.353641025999135,9.696212847309047
test,paper_eq1,1082,1,0,6.254267723253854,9.737475175231504
test,paper_eq1,1082,1,1,20.210332645039482,21.389027531635136
test,mask_pca,1082,1,0,6.384440500581308,10.114755477602996
test,mask_pca,1082,1,1,19.960643336620787,21.62676801260726
test,cej_int_midpoint,1082,1,0,6.57680393251307,10.708110615452078
test,cej_int_midpoint,1082,1,1,20.310267510292032,21.454919859783416
test,paper_eq1,1082,2,1,17.18092290852705,15.578482130679525
test,mask_pca,1082,2,1,17.54509347719293,15.842359941150225
test,cej_int_midpoint,1082,2,1,15.889557766432253,15.750413781171204
test,paper_eq1,1082,3,1,14.011745855482289,16.012266190311855
test,mask_pca,1082,3,1,14.057255429005483,16.227863050635047
test,cej_int_midpoint,1082,3,1,14.016111625208058,16.134917718277702
test,paper_eq1,1084,0,1,5.896401529420671,5.871755741399708
test,mask_pca,1084,0,1,5.889287282870964,5.815954716267803
test,cej_int_midpoint,1084,0,1,5.905541425529012,5.730770497847239
test,paper_eq1,1084,1,0,16.032242904145573,17.628773073714946
test,paper_eq1,1084,1,1,12.57170408668987,12.772045352470096
test,mask_pca,1084,1,0,16.869966585798924,18.561846972420245
test,mask_pca,1084,1,1,12.495657891731353,13.023778994354416
test,cej_int_midpoint,1084,1,0,17.095962058338106,18.660125443348576
test,cej_int_midpoint,1084,1,1,12.5184492435882,12.996433347717682
test,mask_pca,1084,2,1,6.963645262506528,11.606483927827139
test,paper_eq1,1086,0,1,2.3463714838589893,6.391025912259248
test,mask_pca,1086,0,1,2.281917536366871,6.359339998795656
test,cej_int_midpoint,1086,0,1,2.2724023209870094,6.371572484083976
test,paper_eq1,1086,1,0,8.14080346219196,10.538579559937816
test,paper_eq1,1086,1,1,8.871092727975801,12.532491345702438
test,mask_pca,1086,1,0,8.080174221898991,10.38292087029596
test,mask_pca,1086,1,1,8.860719759735556,12.594836805139774
test,cej_int_midpoint,1086,1,0,8.059324005441187,10.449939002509176
test,cej_int_midpoint,1086,1,1,8.862110975249124,12.6208823387985
test,paper_eq1,1086,2,1,4.381960498293405,11.531544800674313
test,mask_pca,1086,2,1,6.255104454998392,11.577671142410052
test,cej_int_midpoint,1086,2,1,6.939812097332735,11.984349562134131
test,paper_eq1,1088,0,1,10.261839577082482,7.8050709579473025
test,mask_pca,1088,0,1,10.492757835584225,7.996471949217122
test,cej_int_midpoint,1088,0,1,24.638013230575655,8.15667106314896
test,paper_eq1,1088,1,0,13.900141025171987,5.125211896210254
test,paper_eq1,1088,1,1,7.163278067571821,5.558144654297543
test,mask_pca,1088,1,0,13.729436390815255,4.9420533931404655
test,mask_pca,1088,1,1,8.341107753645675,6.176595870520027
test,cej_int_midpoint,1088,1,0,16.361802484490298,5.138595188442761
test,cej_int_midpoint,1088,1,1,10.57391223201935,7.365022032568539
test,paper_eq1,1088,2,1,4.699802858773062,6.590956887607343
test,mask_pca,1088,2,1,13.01488543742933,14.021063793469422
test,cej_int_midpoint,1088,2,1,52.62396694328915,49.82511426086519
test,paper_eq1,109,1,0,40.14738766616226,29.593900988199724
test,paper_eq1,109,1,1,29.850218086934543,6.884144383290554
test,mask_pca,109,1,0,41.0359046850138,32.08955386652225
test,mask_pca,109,1,1,30.30135703009296,18.33480132017532
test,cej_int_midpoint,109,1,0,41.79199598456655,46.1067905351427
test,cej_int_midpoint,109,1,1,30.12453022105457,63.19385059860757
test,paper_eq1,1098,0,1,5.3479341076675,6.135696544597341
test,mask_pca,1098,0,1,5.36558517994248,6.171285135969349
test,cej_int_midpoint,1098,0,1,5.361713468915324,6.171868498838391
test,paper_eq1,1098,1,0,11.629063713565433,11.91750197130773
test,paper_eq1,1098,1,1,5.471360632574353,10.378020558134766
test,mask_pca,1098,1,0,11.973737587298249,12.217941276766956
test,mask_pca,1098,1,1,5.49907520872611,10.318576160573233
test,cej_int_midpoint,1098,1,0,11.946113171667387,12.29834637822591
test,cej_int_midpoint,1098,1,1,5.505053405270628,10.355013232034615
test,mask_pca,1098,2,1,1.4520684605334693,2.578782156750575
test,mask_pca,1112,1,1,2.7378094624898273,0.25057097063128336
test,cej_int_midpoint,1112,1,1,74.63635278576098,100.0
test,paper_eq1,1112,3,1,18.750815694492832,17.957542562824482
test,mask_pca,1112,3,1,19.65233046905169,18.695880542612745
test,cej_int_midpoint,1112,3,1,19.781089226490277,18.75798911845494
test,paper_eq1,1113,0,1,6.60977453039171,4.381726054048393
test,mask_pca,1113,0,1,6.622908983414266,4.368247091970539
test,cej_int_midpoint,1113,0,1,6.620160143668547,4.371715453139209
test,paper_eq1,1113,1,0,9.67330843925272,7.737890012394076
test,paper_eq1,1113,1,1,2.879366317003294,6.362939073129362
test,mask_pca,1113,1,0,9.927988461344153,8.069183275573502
test,mask_pca,1113,1,1,2.91444301877674,6.3513468142798555
test,cej_int_midpoint,1113,1,0,9.772212083425085,8.050202673063634
test,cej_int_midpoint,1113,1,1,3.0144737449637926,6.344715787864342
test,paper_eq1,1121,0,0,14.028449162394994,18.490698109728633
test,paper_eq1,1121,0,1,5.01383883014275,7.164179053942251
test,mask_pca,1121,0,0,14.641790716519068,20.367755957616268
test,mask_pca,1121,0,1,5.0908615817507314,7.542765026687451
test,cej_int_midpoint,1121,0,0,14.512227893854067,20.27247224129369
test,cej_int_midpoint,1121,0,1,5.11119391954159,7.5657975777682145
test,paper_eq1,1121,1,1,13.793024518849645,17.011599284033288
test,mask_pca,1121,1,1,14.62736778970518,18.088754391551323
test,cej_int_midpoint,1121,1,1,10.981263733363539,18.82922421430578
test,paper_eq1,1121,2,1,1.9293933572999113,5.342477063011099
test,mask_pca,1121,2,1,2.0771744957424514,5.375831740249044
test,cej_int_midpoint,1121,2,1,1.478967616392549,5.345086236308387
test,mask_pca,1121,3,1,0.7811719879253965,0.0009936206087348318
test,paper_eq1,1137,0,0,13.02680339582373,12.264856323380062
test,paper_eq1,1137,0,1,13.36864083865251,13.01390557029026
test,mask_pca,1137,0,0,13.59222717427428,12.782956938517218
test,mask_pca,1137,0,1,13.40212361836152,13.639653174155056
test,cej_int_midpoint,1137,0,0,13.807631069486284,13.170873460066698
test,cej_int_midpoint,1137,0,1,13.388901335527393,13.408245929078166
test,paper_eq1,1137,2,1,14.580418965563128,15.118174857213749
test,mask_pca,1137,2,1,14.71306225883314,15.159328796608081
test,cej_int_midpoint,1137,2,1,14.680119808772297,15.107354088320305
test,paper_eq1,1140,0,1,14.387340175241093,14.6344238764988
test,mask_pca,1140,0,1,13.46245673724454,14.73298548041601
test,cej_int_midpoint,1140,0,1,8.81355364386227,14.76288137147089
test,paper_eq1,1140,2,0,41.19671534436314,24.40790357846812
test,mask_pca,1140,2,0,41.216722965198535,24.431998485390512
test,mask_pca,1140,2,1,22.907031834753486,11.01334369806602
test,cej_int_midpoint,1140,2,0,41.23202583931489,25.71924370150105
test,paper_eq1,1140,3,1,17.291527610055944,76.11664076822991
test,mask_pca,1140,3,1,19.636731449481562,42.85784879238502
test,cej_int_midpoint,1140,3,1,20.630866559444947,65.32935000408746
test,paper_eq1,1141,1,1,9.34202797387194,7.795428111919507
test,mask_pca,1141,1,1,9.52456947679109,8.838087980432094
test,cej_int_midpoint,1141,1,1,6.862245404285041,9.293700772625229
test,paper_eq1,1144,1,1,7.699380935173053,7.7393647391896385
test,mask_pca,1144,1,1,8.255510712849127,7.969547587547707
test,cej_int_midpoint,1144,1,1,0.8054554367055248,7.988877373691793
test,paper_eq1,1144,2,0,6.725318420149645,5.930586915746343
test,paper_eq1,1144,2,1,11.601973857453403,6.950695095186547
test,mask_pca,1144,2,0,6.642140893368688,5.878376551776241
test,mask_pca,1144,2,1,11.958303067646993,7.026818039862929
test,cej_int_midpoint,1144,2,0,6.841515011016812,5.910557406862807
test,cej_int_midpoint,1144,2,1,12.402917575267063,7.069505551864117
test,paper_eq1,1177,0,1,48.16241991652246,59.94449129650652
test,mask_pca,1177,0,1,43.077299241567104,53.794074264658256
test,cej_int_midpoint,1177,0,1,53.12848793895911,62.21496456780101
test,paper_eq1,1177,1,1,25.044503598925665,26.018152160473225
test,mask_pca,1177,1,1,25.098847658851227,26.336759052514434
test,cej_int_midpoint,1177,1,1,25.114179445990146,26.400544704103666
test,paper_eq1,1177,3,1,29.286883645388645,43.68011454830601
test,mask_pca,1177,3,1,29.714894366564693,42.78850910727295
test,cej_int_midpoint,1177,3,1,29.896966231342482,38.97118638358521
test,paper_eq1,1194,0,1,36.44495355755853,67.38047138907653
test,mask_pca,1194,0,1,38.85269067653559,43.40884308713152
test,cej_int_midpoint,1194,0,1,39.403138672354146,54.772748176374286
test,paper_eq1,1194,1,1,47.14313879462621,45.0566286572457
test,mask_pca,1194,1,1,48.02961342371486,45.09326535838198
test,cej_int_midpoint,1194,1,1,42.138695823874585,45.06358445000981
test,paper_eq1,1194,2,1,17.763298520312244,15.567708867176227
test,mask_pca,1194,2,1,18.71587420991438,16.004726830152446
test,cej_int_midpoint,1194,2,1,19.020854886347863,16.060379322363456
test,paper_eq1,1194,3,1,31.869003053761634,26.26474938515501
test,mask_pca,1194,3,1,31.867407342331898,26.36057394956565
test,cej_int_midpoint,1194,3,1,31.87559097158329,26.400869541657872
test,paper_eq1,1201,0,1,24.398012683382657,25.560035524848235
test,mask_pca,1201,0,1,25.08871231001189,25.966554004507397
test,cej_int_midpoint,1201,0,1,25.183509838070783,26.06863987465024
test,paper_eq1,1201,1,1,37.77445684773003,42.859613974711614
test,mask_pca,1201,1,1,38.12155358074566,43.14136996216619
test,cej_int_midpoint,1201,1,1,38.190064516892434,43.1430381052624
test,paper_eq1,1201,2,1,37.86310009473034,38.30878490701629
test,mask_pca,1201,2,1,37.983720703996745,38.3133300913816
test,cej_int_midpoint,1201,2,1,37.94392757419977,38.31144535814157
test,paper_eq1,1201,3,1,21.97771882373926,29.856977712308254
test,mask_pca,1201,3,1,22.016521299083507,29.841867784505094
test,cej_int_midpoint,1201,3,1,22.012659174191658,29.84519657127117
test,paper_eq1,1211,0,0,23.599749440728225,17.963448238624366
test,paper_eq1,1211,0,1,7.7962276405568565,7.9527455979032675
test,mask_pca,1211,0,0,23.98299818407859,18.09937667264358
test,mask_pca,1211,0,1,7.471030546203133,7.652286468772017
test,cej_int_midpoint,1211,0,0,23.890739303086512,18.07552409647269
test,cej_int_midpoint,1211,0,1,7.372429337284328,7.588438393458033
test,paper_eq1,1211,2,0,15.405152623056898,14.518887266507333
test,paper_eq1,1211,2,1,13.78969567111096,11.518550999913172
test,mask_pca,1211,2,0,15.159063422076008,14.233782089809274
test,mask_pca,1211,2,1,14.576759807527786,12.110205523023462
test,cej_int_midpoint,1211,2,0,15.608944644115955,14.757306532589281
test,cej_int_midpoint,1211,2,1,15.277836592279892,12.781167211714864
test,paper_eq1,1211,3,1,15.433327109550959,12.83948647289115
test,mask_pca,1211,3,1,15.441249543346638,12.85956119879045
test,cej_int_midpoint,1211,3,1,15.495901371243573,12.883148292556386
test,paper_eq1,1221,0,0,35.59609996995946,38.22372996404641
test,paper_eq1,1221,0,1,38.25747366463512,65.91023304505187
test,mask_pca,1221,0,0,36.686075688785465,39.01954481603421
test,mask_pca,1221,0,1,38.14246259203802,45.599162253617095
test,cej_int_midpoint,1221,0,0,36.81576863613712,35.60363501106783
test,cej_int_midpoint,1221,0,1,38.174082332110174,69.94323922899066
test,paper_eq1,1221,1,0,25.793773530760983,31.030932301639474
test,paper_eq1,1221,1,1,19.382192738054876,26.591700311909435
test,mask_pca,1221,1,0,26.429368370220345,31.193787050127696
test,mask_pca,1221,1,1,19.888238529101056,26.533729937234156
test,cej_int_midpoint,1221,1,0,26.790878096711328,31.185248460437304
test,cej_int_midpoint,1221,1,1,20.439044488216407,26.50800205092806
test,paper_eq1,1223,0,1,36.92905344542064,36.24522811802209
test,mask_pca,1223,0,1,36.7535706813292,36.01943603415238
test,cej_int_midpoint,1223,0,1,36.92905344542059,34.15908270375484
test,paper_eq1,1223,1,1,43.64724624844036,44.205683783961106
test,mask_pca,1223,1,1,45.83606748605275,47.2790102302759
test,cej_int_midpoint,1223,1,1,45.89096970861271,47.68232557591227
test,paper_eq1,1223,2,1,72.2936065974448,71.81295462006003
test,mask_pca,1223,2,1,29.3064182111263,28.907699956627543
test,cej_int_midpoint,1223,2,1,52.02810774842908,48.59714540273593
test,paper_eq1,1224,0,1,36.070110310956274,36.12298665616734
test,mask_pca,1224,0,1,35.93543972093396,36.10717306487332
test,cej_int_midpoint,1224,0,1,35.90965411624817,36.10972297959209
test,paper_eq1,1224,1,1,13.300583276414452,57.43567054054836
test,mask_pca,1224,1,1,14.072229277035847,22.678078196661343
test,cej_int_midpoint,1224,1,1,14.285674034319229,44.16703395413702
test,paper_eq1,1224,2,1,21.952418661654388,21.707465301925176
test,mask_pca,1224,2,1,22.40129337980718,21.99504217036463
test,cej_int_midpoint,1224,2,1,22.386324147602718,21.81644542477773
test,paper_eq1,1227,0,1,24.71714449733402,55.633242728726984
test,mask_pca,1227,0,1,25.214692731158518,45.22728793386077
test,cej_int_midpoint,1227,0,1,25.275719240815963,50.62744156993184
test,paper_eq1,1227,1,1,73.03286328773457,74.31695218481251
test,mask_pca,1227,1,1,73.94482075796708,75.2855173472882
test,cej_int_midpoint,1227,1,1,73.61694242578284,74.82529800595108
test,paper_eq1,1227,3,1,64.07372220806036,70.9906232728988
test,mask_pca,1227,3,1,64.45183586154265,71.87867361458335
test,cej_int_midpoint,1227,3,1,64.30847214830771,71.76937244733422
test,paper_eq1,1229,1,1,13.798377485407348,18.65378584605551
test,mask_pca,1229,1,1,13.373050328096875,18.68300109489275
test,cej_int_midpoint,1229,1,1,13.618103768764705,18.680998570576477
test,paper_eq1,1229,2,1,16.903336920096297,19.455191773904488
test,mask_pca,1229,2,1,17.28977220013522,19.97577282410703
test,cej_int_midpoint,1229,2,1,17.359424424586457,20.03375629859116
test,paper_eq1,1229,3,1,11.848590933086873,9.56074296419174
test,mask_pca,1229,3,1,11.866843244787715,9.670157680065214
test,cej_int_midpoint,1229,3,1,11.857660929607192,9.77519330576366
test,paper_eq1,1231,1,1,23.580292916046652,22.635867250367564
test,mask_pca,1231,1,1,23.733942123182505,22.61734470252712
test,cej_int_midpoint,1231,1,1,23.71194978004816,22.626853164313594
test,paper_eq1,1241,1,0,14.855321242624669,4.4520517871413485
test,paper_eq1,1241,1,1,12.892163034006899,7.542313918746299
test,mask_pca,1241,1,0,14.815107472271077,4.400050540843988
test,mask_pca,1241,1,1,13.795696904310075,8.454163672560917
test,cej_int_midpoint,1241,1,0,14.834294982339424,4.452928368222045
test,cej_int_midpoint,1241,1,1,14.040095337551142,8.986995787832923
test,mask_pca,1242,0,1,10.827121372450705,13.74848169350695
test,paper_eq1,1242,1,0,14.213417662801719,8.33364327911305
test,paper_eq1,1242,1,1,6.32399650099176,1.4928102184467942
test,mask_pca,1242,1,0,14.532510074935637,8.780934832226544
test,mask_pca,1242,1,1,6.461102669468752,1.5708873298708164
test,cej_int_midpoint,1242,1,0,14.493524857451664,9.110245661539865
test,cej_int_midpoint,1242,1,1,6.480100358672818,1.5473174971338246
test,paper_eq1,125,0,1,60.03199252692281,55.925866624890865
test,mask_pca,125,0,1,62.15846547149151,57.52899341674181
test,cej_int_midpoint,125,0,1,61.941729127117554,57.40545013155865
test,paper_eq1,125,1,1,81.9951542979843,23.43961899382189
test,mask_pca,125,1,1,82.57374465802656,23.611458479439666
test,cej_int_midpoint,125,1,1,82.61081817533672,23.61770878141714
test,paper_eq1,125,2,1,95.68801342708822,29.79995986038591
test,mask_pca,125,2,1,93.34421323360999,29.939716674560984
test,cej_int_midpoint,125,2,1,94.24454480276565,29.870618867115283
test,paper_eq1,1251,0,1,17.017164365072123,29.63737275828866
test,mask_pca,1251,0,1,17.052366375175616,29.548628834670176
test,cej_int_midpoint,1251,0,1,17.125619934596763,29.823286657647056
test,paper_eq1,1251,1,1,23.802473170731712,32.40617724057953
test,mask_pca,1251,1,1,23.930287427506098,32.85759761110686
test,cej_int_midpoint,1251,1,1,23.966640464570446,32.946344429466684
test,paper_eq1,1251,3,1,22.89271355912018,9.091589302927733
test,mask_pca,1251,3,1,23.764995849021354,15.069109067310563
test,cej_int_midpoint,1251,3,1,23.619149166725794,48.28727812505843
test,paper_eq1,1253,0,1,0.5390830363426938,1.3378380926349438
test,mask_pca,1253,0,1,0.40425016463236124,1.3337073897895326
test,cej_int_midpoint,1253,0,1,4.104996193539658,1.3284716267820822
test,paper_eq1,1253,1,0,2.965326104917324,7.903556997620577
test,paper_eq1,1253,1,1,11.382349807331062,10.303963809703289
test,mask_pca,1253,1,0,2.9643473577794626,7.870720179201669
test,mask_pca,1253,1,1,11.55635239524476,10.378771527910658
test,cej_int_midpoint,1253,1,0,3.007276270666498,7.973178865830056
test,cej_int_midpoint,1253,1,1,11.696243200834077,10.472247924484511
test,paper_eq1,1253,2,1,8.725538657364535,10.4924953898615
test,mask_pca,1253,2,1,8.819361352110377,10.778460108509732
test,cej_int_midpoint,1253,2,1,8.85166462407063,10.88119932534409
test,paper_eq1,1258,1,1,4.368731926503288,4.9808284908826685
test,mask_pca,1258,1,1,4.31473759102725,6.3749295009111915
test,cej_int_midpoint,1258,1,1,3.9760915503327556,5.984284666525862
test,paper_eq1,1258,2,1,6.681716022497329,9.808515112959176
test,mask_pca,1258,2,1,6.812774434166539,9.960814589084647
test,cej_int_midpoint,1258,2,1,6.743196111764949,9.946099270411244
test,paper_eq1,1258,3,1,11.126724384633151,12.268387651538534
test,mask_pca,1258,3,1,11.30234374295343,12.449307227111587
test,cej_int_midpoint,1258,3,1,11.285404180404651,12.470923116928615
test,paper_eq1,1271,1,0,5.1670378043030825,0.20647981785628833
test,paper_eq1,1271,1,1,0.5551967705814769,6.177691514455315
test,mask_pca,1271,1,0,5.281984168945393,0.15279857598712213
test,mask_pca,1271,1,1,0.6742045127613631,6.451837161360021
test,cej_int_midpoint,1271,1,0,5.347200039298652,0.15333960817393205
test,cej_int_midpoint,1271,1,1,0.6263656127602003,6.454392207647605
test,paper_eq1,1271,2,1,7.368675735621147,9.113436445043675
test,mask_pca,1271,2,1,7.50894074272029,9.39297546546089
test,cej_int_midpoint,1271,2,1,7.521095150371162,9.55457229678263
test,paper_eq1,1271,3,1,3.9356815995500645,5.4517718344081345
test,mask_pca,1271,3,1,3.743648985151634,5.646414739874093
test,cej_int_midpoint,1271,3,1,3.9129691660160137,5.738829480769723
test,paper_eq1,1278,1,1,6.889768881241174,9.830136018211634
test,mask_pca,1278,1,1,6.8771017437171995,9.874431255264255
test,cej_int_midpoint,1278,1,1,6.878145041425269,9.871146762048182
test,paper_eq1,1278,3,1,11.571829889850267,2.004782030915735
test,mask_pca,1278,3,1,11.537515042946303,3.225721932775009
test,cej_int_midpoint,1278,3,1,11.565970929088952,3.7711326135232355
test,paper_eq1,1285,0,1,1.3464700333300292,5.80692657286562
test,mask_pca,1285,0,1,1.3224736862161441,5.894724544007384
test,cej_int_midpoint,1285,0,1,1.3915525800638653,5.884808224727631
test,paper_eq1,1285,1,1,2.677891123662392,6.954991389571225
test,mask_pca,1285,1,1,2.675726745178542,6.971239941247255
test,cej_int_midpoint,1285,1,1,2.7227088552594045,6.969852399276917
test,paper_eq1,1285,2,1,16.99062019608946,29.84010580611056
test,mask_pca,1285,2,1,17.182934966393038,29.522847713934517
test,cej_int_midpoint,1285,2,1,15.629174099513662,29.850363807620965
test,paper_eq1,1285,3,1,10.200127582397773,14.402597080535577
test,mask_pca,1285,3,1,10.179096805810476,14.406039914690183
test,cej_int_midpoint,1285,3,1,10.185579486930346,14.405088022486861
test,paper_eq1,1285,4,1,84.28246287450462,0.7248794111789408
test,mask_pca,1285,4,1,12.025652196971363,0.7962946131196231
test,cej_int_midpoint,1285,4,1,82.1103884843962,1.7416988327351797
test,paper_eq1,131,0,1,10.79596817555865,12.6923904242774
test,mask_pca,131,0,1,10.790505848389158,12.718985358902177
test,cej_int_midpoint,131,0,1,10.788749484996051,12.734819729119451
test,paper_eq1,131,1,0,9.24972010662739,6.347857956294158
test,paper_eq1,131,1,1,4.80736831558647,4.12019771319889
test,mask_pca,131,1,0,9.830123872761042,6.504190218024573
test,mask_pca,131,1,1,4.812657997770753,4.143828929416888
test,cej_int_midpoint,131,1,0,10.363610340287158,6.493747199171179
test,cej_int_midpoint,131,1,1,4.773306859159448,4.14930307996792
test,mask_pca,131,2,1,1.4558139467975504,5.78169304010939
test,paper_eq1,134,0,1,3.3460546836171585,2.670561287251304
test,mask_pca,134,0,1,3.3719319316627963,2.8852144710148613
test,cej_int_midpoint,134,0,1,3.364533433799112,2.9422015802910186
test,mask_pca,134,1,1,16.082619963550464,17.19782182108852
test,paper_eq1,134,2,0,3.0610620819403604,5.38071908797485
test,paper_eq1,134,2,1,12.42622786579648,5.636001554366196
test,mask_pca,134,2,0,3.1108301595705687,5.463644121904423
test,mask_pca,134,2,1,13.157183756679663,4.977900947302721
test,cej_int_midpoint,134,2,0,3.1230898703102796,3.540764319413979
test,paper_eq1,138,2,1,5.508587375122149,3.9267756093744355
test,mask_pca,138,2,1,6.573725970962051,4.684315978851615
test,cej_int_midpoint,138,2,1,3.2292365178795674,5.132993060925051
test,paper_eq1,138,3,1,5.763588023033981,5.596217277997102
test,mask_pca,138,3,1,5.752053544942286,5.597912516555701
test,cej_int_midpoint,138,3,1,5.785618031127267,5.596844984585957
test,paper_eq1,139,0,0,7.820057604411017,5.423357941925714
test,paper_eq1,139,0,1,27.60133876582966,20.380317640866487
test,mask_pca,139,0,0,7.800615121961677,5.667328307715618
test,mask_pca,139,0,1,29.583649269559142,21.831416986641084
test,cej_int_midpoint,139,0,0,7.804806416243015,5.6866040216821245
test,cej_int_midpoint,139,0,1,30.01295169917071,21.72370210058616
test,paper_eq1,139,1,1,30.290230525235472,21.735876661214263
test,mask_pca,139,1,1,30.437343263812927,21.762719814535373
test,cej_int_midpoint,139,1,1,30.807847714341474,21.532080995629347
test,paper_eq1,143,2,1,12.800652623761854,5.975187465799679
test,mask_pca,143,2,1,12.896399571952097,6.0029155119416275
test,cej_int_midpoint,143,2,1,12.031267708902936,5.991268048977047
test,paper_eq1,143,3,0,21.19846255779688,20.20480113121664
test,paper_eq1,143,3,1,31.545065805053145,21.02890074304019
test,mask_pca,143,3,0,22.157850581935243,20.773964475559943
test,mask_pca,143,3,1,31.795975987013648,21.354649715299512
test,cej_int_midpoint,143,3,0,22.6161010232096,21.111963928912584
test,cej_int_midpoint,143,3,1,31.685077651367827,21.224844466092385
test,mask_pca,143,4,1,17.204359631332718,7.990948819704948
test,paper_eq1,148,0,0,23.098899523482892,18.444967531145593
test,paper_eq1,148,0,1,6.005020962043198,0.44014689581226457
test,mask_pca,148,0,0,22.994532025424462,18.21099785937782
test,mask_pca,148,0,1,7.270804048957581,0.712276521719674
test,cej_int_midpoint,148,0,0,23.092803147246265,18.583662859684036
test,cej_int_midpoint,148,0,1,8.709720352466356,2.7982359331139643
test,paper_eq1,148,1,0,3.522403575513719,6.640780888295053
test,paper_eq1,148,1,1,5.411408274053693,13.2640279194223
test,mask_pca,148,1,0,3.6640049324934005,6.394969541618554
test,mask_pca,148,1,1,6.093242622821958,14.160916965212762
test,cej_int_midpoint,148,1,0,3.6375946958469747,6.605816936762642
test,cej_int_midpoint,148,1,1,6.152071032408263,14.597952080616356
test,paper_eq1,149,0,1,20.21659896347862,1.2881484554472282
test,mask_pca,149,0,1,21.4680808918103,1.440692319219167
test,cej_int_midpoint,149,0,1,45.417569938083076,1.6134574381362323
test,paper_eq1,149,1,1,14.003345192829784,5.033842547369089
test,mask_pca,149,1,1,14.129819019460454,5.114969728531276
test,cej_int_midpoint,149,1,1,14.078641013357979,5.110923728454987
test,paper_eq1,150,1,1,9.772174933236922,0.6896997429350973
test,mask_pca,150,1,1,10.633461142139355,0.961789662422222
test,paper_eq1,150,2,1,4.745519087055392,0.8599183373774663
test,mask_pca,150,2,1,6.198163235777329,0.9333493674238827
test,cej_int_midpoint,150,2,1,6.278465107649497,0.9994451233495473
test,paper_eq1,152,0,0,8.655610452834555,10.953689308282868
test,paper_eq1,152,0,1,11.783659162141715,12.931119493280852
test,mask_pca,152,0,0,9.181242697173976,10.993691095683307
test,mask_pca,152,0,1,11.837725846603805,12.939747610382252
test,cej_int_midpoint,152,0,0,9.665614179129753,10.994752973629375
test,cej_int_midpoint,152,0,1,11.77512426671184,12.939500073974742
test,mask_pca,152,1,1,8.966900477243781,3.057901436927158
test,paper_eq1,156,0,1,22.74475722651838,2.6082192780798388
test,mask_pca,156,0,1,24.241569721875447,3.0346587382789827
test,cej_int_midpoint,156,0,1,24.98405478907995,3.155547413601903
test,paper_eq1,156,1,1,9.951776353303002,6.142236037049119
test,mask_pca,156,1,1,10.263595455277706,6.284272574105941
test,cej_int_midpoint,156,1,1,10.235583083410631,6.275464984050429
test,paper_eq1,156,2,1,38.56431429688132,7.951760702533991
test,mask_pca,156,2,1,30.208113161056062,7.597797292183109
test,cej_int_midpoint,156,2,1,67.72611488952359,7.860902266801488
test,paper_eq1,156,3,1,12.125182978200337,15.137392304963118
test,mask_pca,156,3,1,12.059689559888541,15.189007402047135
test,cej_int_midpoint,156,3,1,12.287749380946243,15.168619587792886
test,paper_eq1,163,2,1,10.397773435656424,9.093316038753766
test,mask_pca,163,2,1,11.438797551554764,10.114996572888987
test,cej_int_midpoint,163,2,1,11.581407308181676,10.238122228282426
test,paper_eq1,166,0,1,10.917893819581403,10.440637299853867
test,mask_pca,166,0,1,11.045821872764847,10.505725349587406
test,cej_int_midpoint,166,0,1,14.814361243976562,10.50061525922079
test,mask_pca,166,1,1,13.031611677686808,7.21045357211259
test,paper_eq1,167,0,1,2.234136201177276,0.1376708069487795
test,mask_pca,167,0,1,3.0592832962239105,0.6861526000389927
test,cej_int_midpoint,167,0,1,2.8538409127036197,1.370651484425273
test,paper_eq1,167,1,1,3.6038960561425695,4.061994413822164
test,mask_pca,167,1,1,3.7311337964884483,4.18888560437011
test,cej_int_midpoint,167,1,1,3.834514594636039,4.184927046543523
test,paper_eq1,167,2,0,9.444940642749975,6.91894251661042
test,paper_eq1,167,2,1,14.887095845361827,7.407704075458862
test,mask_pca,167,2,0,9.454035862387355,6.843086184765719
test,mask_pca,167,2,1,15.17490406786105,7.651117617853032
test,cej_int_midpoint,167,2,0,9.450846683269317,6.924176775226189
test,cej_int_midpoint,167,2,1,15.277257312411813,7.989190554248425
test,paper_eq1,167,3,1,4.528176319058369,2.9749302686966366
test,mask_pca,167,3,1,4.532047336896321,2.978194363381084
test,cej_int_midpoint,167,3,1,4.535123047866907,3.2613334976190766
test,paper_eq1,168,0,1,14.878982597766354,9.247151223178177
test,mask_pca,168,0,1,16.458222642755516,10.087800860252315
test,cej_int_midpoint,168,0,1,17.070404764614036,10.115994418910185
test,paper_eq1,168,1,1,7.755553651862825,6.914738075555964
test,mask_pca,168,1,1,8.11652553185422,8.209224361354156
test,cej_int_midpoint,168,1,1,5.86420860548168,10.053646901162388
test,paper_eq1,168,2,1,6.790102311080869,5.888544548628384
test,mask_pca,168,2,1,6.798820867424439,5.990997986449928
test,cej_int_midpoint,168,2,1,6.790635122953698,6.0076780020348135
test,paper_eq1,177,0,1,8.67061910756044,9.354720517242491
test,mask_pca,177,0,1,9.229122163408332,10.103643990828253
test,cej_int_midpoint,177,0,1,8.51317293846609,13.056974645682343
test,paper_eq1,177,1,1,9.155224515488115,9.986048846924241
test,mask_pca,177,1,1,9.670358569689574,10.37680398819705
test,cej_int_midpoint,177,1,1,7.597444673590189,10.599844403160152
test,paper_eq1,177,2,1,7.937378836439102,10.427767210361598
test,mask_pca,177,2,1,8.567534818281,10.463242505337158
test,cej_int_midpoint,177,2,1,8.297865709628423,10.689058277290114
test,paper_eq1,178,0,1,7.030290538848378,2.897709218237426
test,paper_eq1,18,0,1,53.16289692688423,57.29841420929148
test,mask_pca,18,0,1,55.602444140181994,57.655848034375836
test,cej_int_midpoint,18,0,1,55.835705446277416,57.776795941793935
test,paper_eq1,18,1,1,83.72792913236366,85.44348801408567
test,mask_pca,18,1,1,84.16650442881614,85.8447395100776
test,cej_int_midpoint,18,1,1,84.07325027104109,85.76579644969297
test,paper_eq1,18,2,1,81.33982168203538,73.27812575976492
test,mask_pca,18,2,1,81.99825807371673,73.5546875620874
test,cej_int_midpoint,18,2,1,82.2365686972624,73.66245517642675
test,paper_eq1,18,3,1,74.34698347156203,54.28752538760333
test,mask_pca,18,3,1,63.69332346052944,57.06437813441245
test,cej_int_midpoint,18,3,1,68.5197170831402,56.7480964839119
test,paper_eq1,18,4,1,55.99361406045519,49.3175224925068
test,mask_pca,18,4,1,59.18644374147479,51.30918495991962
test,cej_int_midpoint,18,4,1,58.92426743327574,51.51566583452741
test,paper_eq1,184,0,1,2.5943721653869365,4.384493603870284
test,mask_pca,184,0,1,3.107441422327277,5.0705391119981655
test,cej_int_midpoint,184,0,1,3.1741344663751634,5.037415194149108
test,paper_eq1,184,1,1,8.791014323377153,9.46696039650567
test,mask_pca,184,1,1,10.866607845115176,12.084631492814474
test,cej_int_midpoint,184,1,1,11.876700684933027,13.629496154959744
test,paper_eq1,190,1,1,3.7373614406849818,3.7861644462836748
test,mask_pca,190,1,1,4.070692250562515,3.7912477210504307
test,cej_int_midpoint,190,1,1,7.520188169928403,3.799021705089186
test,paper_eq1,190,2,0,7.536377971561649,8.980951099189886
test,paper_eq1,190,2,1,5.221194204213879,6.1206495841130355
test,mask_pca,190,2,0,7.548627902711799,8.940480873468905
test,mask_pca,190,2,1,5.509383428926413,6.134629127286366
test,cej_int_midpoint,190,2,0,7.632425729605638,9.00685473262341
test,cej_int_midpoint,190,2,1,5.70974827547184,6.142329813848505
test,paper_eq1,190,3,1,9.30924243443684,14.608107940894632
test,mask_pca,190,3,1,9.565594783819446,15.211589396245682
test,cej_int_midpoint,190,3,1,9.853539203275773,15.480640957451861
test,paper_eq1,201,1,1,13.32217787893618,11.62391243732823
test,mask_pca,201,1,1,14.07368192939979,13.235597690027204
test,cej_int_midpoint,201,1,1,14.205625005439988,14.00564711847316
test,paper_eq1,201,2,1,17.510788058755836,11.115039509876647
test,mask_pca,201,2,1,18.021705525354083,11.349938159245426
test,cej_int_midpoint,201,2,1,14.438920268746713,11.438615548770091
test,paper_eq1,203,0,0,10.541851905006395,7.303149249392112
test,paper_eq1,203,0,1,6.306028808768498,7.352186746841341
test,mask_pca,203,0,0,11.045818769065106,7.4311697715007465
test,mask_pca,203,0,1,6.296721025282246,7.323711813630114
test,cej_int_midpoint,203,0,0,11.248628467422401,7.458369164483293
test,cej_int_midpoint,203,0,1,6.308962192645695,7.334150444787256
test,paper_eq1,203,1,0,18.7284543894674,1.177977464114669
test,paper_eq1,203,1,1,3.647181152561048,3.2405983405420384
test,mask_pca,203,1,0,19.366066534942856,1.4093379121407383
test,mask_pca,203,1,1,3.597777572858408,3.5078436898100938
test,cej_int_midpoint,203,1,0,19.235218262021096,1.6573737801890194
test,cej_int_midpoint,203,1,1,3.5864187571047457,3.332133118944728
test,mask_pca,203,2,1,19.705520107059773,10.649881301378322
test,mask_pca,22,0,1,23.24626298860257,2.6505040301208753
test,paper_eq1,22,1,0,30.053527524217692,13.702410866153475
test,paper_eq1,22,1,1,15.776148580728307,13.546694323250113
test,mask_pca,22,1,0,31.705723330154633,14.319823532152798
test,mask_pca,22,1,1,15.794154728545283,13.581080523706191
test,cej_int_midpoint,22,1,0,31.657974061454375,14.413726441166276
test,cej_int_midpoint,22,1,1,15.795253921126163,13.573061869285622
test,paper_eq1,22,2,1,20.696787912680666,21.35054251529821
test,mask_pca,22,2,1,20.672945275732953,21.23244648709396
test,cej_int_midpoint,22,2,1,20.340625164890547,21.25409839400762
test,paper_eq1,228,0,1,16.92661271073407,14.361401938672486
test,mask_pca,228,0,1,17.354097379237317,14.664852385804924
test,cej_int_midpoint,228,0,1,17.34320146846977,14.67817406132464
test,paper_eq1,228,1,1,16.954617672169064,17.905522002809096
test,mask_pca,228,1,1,17.20025413490329,18.2677502467906
test,cej_int_midpoint,228,1,1,17.021959650738268,18.147182138599515
test,paper_eq1,228,2,1,9.301421821768557,4.434947739624294
test,mask_pca,228,2,1,9.696750042586467,4.529384588075686
test,cej_int_midpoint,228,2,1,9.893825194230354,4.586417347267902
test,paper_eq1,231,1,1,15.747192720629544,14.587563567163642
test,mask_pca,231,1,1,16.713741972044733,15.112139367867321
test,cej_int_midpoint,231,1,1,25.961103279002202,15.042720854248925
test,mask_pca,231,2,1,11.991764925247535,7.800564295863096
test,cej_int_midpoint,231,2,1,61.95970308821613,77.02631233258217
test,paper_eq1,233,1,1,16.650550762094888,8.548000016704332
test,mask_pca,233,1,1,17.76073872876559,9.678276889643616
test,cej_int_midpoint,233,1,1,17.990972134250484,10.220865260064576
test,paper_eq1,233,2,1,17.105272435448942,15.950820276146457
test,mask_pca,233,2,1,16.73715205439999,15.892761024827298
test,cej_int_midpoint,233,2,1,12.325356942772924,16.006588035215486
test,paper_eq1,233,3,1,45.001053170660875,46.486723762190216
test,mask_pca,233,3,1,23.80674502257046,21.71383705983961
test,cej_int_midpoint,233,3,1,45.001053170660896,38.366927843659184
test,paper_eq1,240,0,1,5.756478839125215,4.778892798254052
test,mask_pca,240,0,1,5.735738457395223,4.835719308670909
test,cej_int_midpoint,240,0,1,5.753493073086615,4.6132041084249815
test,paper_eq1,244,0,1,9.850935122647119,8.086551144918372
test,mask_pca,244,0,1,9.914694639339222,8.08936350828993
test,cej_int_midpoint,244,0,1,10.144663682720244,8.042892317126203
test,paper_eq1,244,1,1,49.341373469264454,3.0613150762189156
test,mask_pca,244,1,1,12.06424625863213,3.0431447479325318
test,cej_int_midpoint,244,1,1,27.893777544388275,3.1235345343185164
test,paper_eq1,244,2,1,7.609793866407223,6.763362759709233
test,mask_pca,244,2,1,7.733185327764469,6.617653677791721
test,cej_int_midpoint,244,2,1,7.619406078920791,6.701526614382153
test,paper_eq1,244,3,0,4.430161317261487,2.5255434502335734
test,paper_eq1,244,3,1,11.589265300706897,4.147594897945864
test,mask_pca,244,3,0,4.3725879127233185,2.5109777871705723
test,mask_pca,244,3,1,11.544658905220336,4.2584312590077396
test,cej_int_midpoint,244,3,0,4.431030341620778,2.512919234905786
test,cej_int_midpoint,244,3,1,11.649048269622055,4.271308875696271
test,paper_eq1,244,4,1,0.0024084591854844012,0.17224858625619807
test,mask_pca,244,4,1,0.2539978700346847,0.23636344530119469
test,cej_int_midpoint,244,4,1,94.53776388801818,7.487056367534066
test,paper_eq1,245,1,1,13.206017562343686,14.374726173554956
test,mask_pca,245,1,1,13.678274488048151,14.761035816152098
test,cej_int_midpoint,245,1,1,13.502016896408598,15.152519150841254
test,paper_eq1,245,2,1,15.171550787617083,22.971102231729958
test,mask_pca,245,2,1,15.745922151027827,23.808530952965494
test,cej_int_midpoint,245,2,1,15.753460027349162,23.66688135622765
test,paper_eq1,245,3,1,9.790033875697732,18.26894351366875
test,mask_pca,245,3,1,9.471346433740404,18.040590511712338
test,cej_int_midpoint,245,3,1,9.790033875697778,18.23514016884483
test,paper_eq1,258,0,1,52.573321432395325,8.70578205222749
test,mask_pca,258,0,1,36.923847753719755,8.736331005378267
test,cej_int_midpoint,258,0,1,64.1381108656051,8.710614760224582
test,cej_int_midpoint,258,1,1,7.382836676466393,3.1492267083993872
test,paper_eq1,266,0,1,2.7932980769537754,25.27925922396
test,mask_pca,266,0,1,3.0317777418703704,25.867391341860024
test,cej_int_midpoint,266,0,1,0.08700229743302153,26.072592352383907
test,paper_eq1,266,1,0,5.458907992177967,1.393642592507337
test,paper_eq1,266,1,1,11.559083297632396,4.141750219848019
test,mask_pca,266,1,0,4.443498866439573,1.3672340127208193
test,mask_pca,266,1,1,11.420428799882227,4.459779977383322
test,cej_int_midpoint,266,1,0,4.351818851370185,1.4845400808391105
test,cej_int_midpoint,266,1,1,11.461113139366812,5.227464909409589
test,paper_eq1,266,2,1,8.68577884978925,7.6541953301802454
test,mask_pca,266,2,1,9.408107499709516,7.98905230978456
test,cej_int_midpoint,266,2,1,9.360270038806016,7.893546852967546
test,paper_eq1,266,3,1,7.125579056728065,8.260061858955272
test,mask_pca,266,3,1,7.24974474144458,8.325585240848165
test,cej_int_midpoint,266,3,1,7.277793775993753,8.351756665072063
test,paper_eq1,269,0,1,5.965108204622666,4.890816225848123
test,mask_pca,269,0,1,7.447278998812385,5.340306245837458
test,cej_int_midpoint,269,0,1,7.819767259569045,5.780993069162034
test,paper_eq1,269,1,0,10.350114245038998,8.064927046920713
test,paper_eq1,269,1,1,0.033225038745982,4.071763489286797
test,mask_pca,269,1,0,10.771329389397504,8.170110409291425
test,mask_pca,269,1,1,0.23547785749938582,4.173152548931988
test,cej_int_midpoint,269,1,0,10.55528802894427,8.138501184793236
test,cej_int_midpoint,269,1,1,0.379654459531463,4.203454753474388
test,paper_eq1,269,2,1,86.88445375362251,36.632707616280825
test,mask_pca,269,2,1,12.546805672046583,12.208671675796877
test,cej_int_midpoint,269,2,1,80.20781596129292,65.05786249240262
test,mask_pca,270,1,1,5.933286658934237,2.4455898975841732
test,paper_eq1,270,2,1,11.34548109129034,13.839251734354786
test,mask_pca,270,2,1,12.82055155164031,14.514230262635532
test,cej_int_midpoint,270,2,1,13.205732886679147,14.141181281953742
test,paper_eq1,286,1,1,13.569469966139605,34.6108279982057
test,mask_pca,286,1,1,13.842227430732995,35.20140481266017
test,cej_int_midpoint,286,1,1,33.08127096162155,35.35947814175077
test,paper_eq1,286,4,1,4.617660023888984,5.48366656446414
test,mask_pca,286,4,1,4.968089162259968,5.6637321968811705
test,cej_int_midpoint,286,4,1,4.957173952083454,5.635761144835436
test,paper_eq1,286,5,1,11.496720672027358,12.853231645353594
test,mask_pca,286,5,1,12.078791260966788,13.375749468743267
test,cej_int_midpoint,286,5,1,12.026133644388299,13.362858123804102
test,paper_eq1,298,2,1,38.72942272019218,23.620191825602127
test,mask_pca,298,2,1,34.856168794324134,38.154765182184455
test,cej_int_midpoint,298,2,1,38.18358866541762,43.14190633689666
test,paper_eq1,298,3,1,10.012737307279156,26.08471553266157
test,mask_pca,298,3,1,13.3404715406879,28.877368542201452
test,paper_eq1,301,1,1,8.095094633182393,14.73703056687099
test,mask_pca,301,1,1,9.86379501785972,17.53793068215584
test,cej_int_midpoint,301,1,1,10.104471558036098,18.181652162047772
test,paper_eq1,301,3,1,15.20808603478252,14.132666135215075
test,mask_pca,301,3,1,16.493904616214415,15.653448396795122
test,cej_int_midpoint,301,3,1,16.372099869457646,16.090766828635317
test,paper_eq1,327,0,1,11.53204248991782,12.855641697604062
test,mask_pca,327,0,1,11.545878287444182,12.881844636962681
test,cej_int_midpoint,327,0,1,11.539401313025087,12.849901768706962
test,paper_eq1,327,1,1,70.48038083007708,10.52990679263707
test,mask_pca,327,1,1,29.143918019647124,10.437044484721278
test,cej_int_midpoint,327,1,1,60.016563093650944,10.437922282550634
test,paper_eq1,327,2,1,6.662534987373996,6.105278988070009
test,mask_pca,327,2,1,8.132179177703264,6.895258357465142
test,cej_int_midpoint,327,2,1,8.935547659084634,6.770623060167324
test,paper_eq1,337,1,1,11.866093933694202,72.89893581650068
test,mask_pca,337,1,1,12.093700880495696,15.741663373324647
test,cej_int_midpoint,337,1,1,11.967044778786189,37.90420326085216
test,paper_eq1,337,2,1,18.892560671342075,15.76104646832794
test,mask_pca,337,2,1,19.632057636804177,16.292371965652556
test,cej_int_midpoint,337,2,1,19.387518306695256,16.12385937992106
test,paper_eq1,338,0,1,7.797405241147043,7.11516054708471
test,mask_pca,338,0,1,7.805951173271137,7.121737077691584
test,cej_int_midpoint,338,0,1,7.805661464113618,7.269475255067976
test,paper_eq1,338,1,1,10.351847002264005,12.753024394803072
test,mask_pca,338,1,1,10.322931663065361,12.844018557262427
test,cej_int_midpoint,338,1,1,10.330250391282698,12.8412278324334
test,paper_eq1,338,2,1,3.6173741923650824,0.4677471770310422
test,mask_pca,338,2,1,3.5544908771992985,0.3930246406131679
test,cej_int_midpoint,338,2,1,2.7116598356014823,0.878779949141825
test,paper_eq1,340,1,1,20.66401603024254,14.98789860175469
test,mask_pca,340,1,1,21.313144670955406,15.721415586973311
test,cej_int_midpoint,340,1,1,21.29030045753796,15.676190191100424
test,paper_eq1,340,2,1,14.546666532693806,20.82483303822376
test,mask_pca,340,2,1,14.539507365355497,20.93890969206459
test,cej_int_midpoint,340,2,1,14.544147930693752,20.883485221936816
test,paper_eq1,340,3,1,1.110991146133349,3.7728853697354325
test,mask_pca,340,3,1,1.2094716251364095,3.8826614518172526
test,cej_int_midpoint,340,3,1,2.1277982029039926,4.058489631353343
test,paper_eq1,35,0,1,25.80776453297436,27.300506509755845
test,mask_pca,35,0,1,28.12972945255931,28.779528580624174
test,cej_int_midpoint,35,0,1,28.389668452910826,28.863624752427093
test,paper_eq1,35,1,1,23.299498720948993,24.031376001425244
test,mask_pca,35,1,1,25.913219387162606,28.553177456820006
test,cej_int_midpoint,35,1,1,25.815553319230723,28.477704660184994
test,paper_eq1,35,2,1,47.54064139181795,45.62622879426219
test,mask_pca,35,2,1,48.97917152357148,46.36317825232692
test,cej_int_midpoint,35,2,1,49.20803754422728,46.39400975634648
test,paper_eq1,35,3,1,20.611633360959694,39.266059828778914
test,mask_pca,35,3,1,20.816753921875623,84.69146621019172
test,cej_int_midpoint,35,3,1,24.865683920049435,79.15612735115491
test,paper_eq1,358,0,1,12.883517702413169,1.209564221236307
test,mask_pca,358,0,1,12.894116840443282,7.540038693863603
test,cej_int_midpoint,358,0,1,12.918052448696976,61.8112603210056
test,paper_eq1,358,1,1,13.2727516637312,12.188107077003774
test,mask_pca,358,1,1,13.436728641028562,12.284705290486462
test,cej_int_midpoint,358,1,1,13.430932233026125,12.310826126960322
test,paper_eq1,358,2,1,4.97945494106725,4.930209059953402
test,mask_pca,358,2,1,5.0827065557662605,4.973734809029237
test,cej_int_midpoint,358,2,1,5.092568140635141,4.951894108661015
test,paper_eq1,358,3,1,7.681336273854898,7.223484945562543
test,mask_pca,358,3,1,7.472920208682115,7.287017681814564
test,cej_int_midpoint,358,3,1,1.9414537983261322,7.1644198384500495
test,paper_eq1,361,1,1,7.895927735782898,2.9357571648779683
test,mask_pca,361,1,1,8.393114439670715,3.067813122091597
test,cej_int_midpoint,361,1,1,16.385852050353865,3.066262150252869
test,paper_eq1,361,2,1,21.86155861972232,18.57028666965466
test,mask_pca,361,2,1,21.899164173313988,18.579641461429276
test,cej_int_midpoint,361,2,1,21.969566024899525,18.731612850718246
test,paper_eq1,361,3,1,18.919020224028728,3.993965383363881
test,mask_pca,361,3,1,18.842295927708328,4.036653349895214
test,cej_int_midpoint,361,3,1,18.915263541545855,4.020286149181248
test,paper_eq1,361,4,1,85.85272648223156,80.92919452245853
test,mask_pca,361,4,1,5.270160977326917,6.941690801503715
test,cej_int_midpoint,361,4,1,51.969029766863706,57.450341384312466
test,paper_eq1,365,1,1,7.038671820814935,8.914004202338496
test,mask_pca,365,1,1,8.037275238050547,9.633008420624769
test,cej_int_midpoint,365,1,1,9.331256345402455,10.305865032811926
test,paper_eq1,365,3,1,44.624510122013454,51.54066240966584
test,mask_pca,365,3,1,11.535908135401161,12.759767279930182
test,cej_int_midpoint,365,3,1,32.62407271446905,39.118776029843914
test,paper_eq1,372,1,0,17.734093084848475,6.409831746657588
test,paper_eq1,372,1,1,3.426068695004342,3.938429000796705
test,mask_pca,372,1,0,18.103808952980653,6.678026157319131
test,mask_pca,372,1,1,3.672277749696714,3.9076596224429334
test,cej_int_midpoint,372,1,0,17.86841349191192,6.683569580366234
test,cej_int_midpoint,372,1,1,3.8637212294847116,3.9085546692673603
test,paper_eq1,372,2,1,13.813437119304076,14.446279197625323
test,mask_pca,372,2,1,13.899069162509377,14.547036304381491
test,cej_int_midpoint,372,2,1,11.275815199517119,14.799025231759314
test,paper_eq1,372,3,1,12.959870519256961,12.374178753359455
test,mask_pca,372,3,1,13.073767907078167,12.49237809912594
test,cej_int_midpoint,372,3,1,12.9957287597353,12.43466227374075
test,paper_eq1,389,1,0,5.27313961103648,4.019037114193651
test,paper_eq1,389,1,1,3.834569089016239,4.6930682320429735
test,mask_pca,389,1,0,5.22398648284206,3.953760650302968
test,mask_pca,389,1,1,3.812563843079482,4.677259657986538
test,cej_int_midpoint,389,1,0,5.2405350162029585,3.9753188504168815
test,cej_int_midpoint,389,1,1,3.7954133029394694,4.66163391891943
test,paper_eq1,389,2,1,10.767825597156222,8.861932698030435
test,mask_pca,389,2,1,11.38520802147715,9.230781514935247
test,cej_int_midpoint,389,2,1,11.658569021071456,9.36559510802741
test,paper_eq1,389,3,1,15.36406768517709,18.71080558755397
test,mask_pca,389,3,1,15.610058146312817,19.0743582510132
test,cej_int_midpoint,389,3,1,15.563679462480618,19.103108669105023
test,paper_eq1,394,0,1,18.160001345835585,14.288882329989805
test,mask_pca,394,0,1,18.180959363428343,14.349039997553351
test,cej_int_midpoint,394,0,1,18.17569197221506,14.33446553797742
test,paper_eq1,394,2,1,74.90005789677052,73.06090479332501
test,mask_pca,394,2,1,46.29034531809943,46.057839876626986
test,cej_int_midpoint,394,2,1,68.52119862624863,66.89201451230822
test,mask_pca,394,3,1,0.563101775943037,3.4804341724656447
test,paper_eq1,411,1,1,46.51431623340446,72.27530561535717
test,mask_pca,411,1,1,48.219917811731584,42.04778486003407
test,cej_int_midpoint,411,1,1,45.46775672494888,58.90712939270705
test,paper_eq1,411,2,1,38.206798065970524,32.06081544362559
test,mask_pca,411,2,1,39.45744019192661,33.12696622595808
test,cej_int_midpoint,411,2,1,36.827551775879094,33.06567520588953
test,paper_eq1,411,3,1,14.328064770594334,8.933544758959053
test,mask_pca,411,3,1,14.415200638098696,9.067093312902426
test,cej_int_midpoint,411,3,1,14.407338558106403,9.212164145561427
test,paper_eq1,413,1,1,61.36432604169971,64.18408154528558
test,mask_pca,413,1,1,62.29085272445049,65.14364368354451
test,cej_int_midpoint,413,1,1,62.30093323665673,65.18529151913235
test,paper_eq1,413,3,1,33.8754618492598,38.44821760804801
test,mask_pca,413,3,1,33.83268932611421,39.08680517101345
test,cej_int_midpoint,413,3,1,33.835975578695844,38.7852469779931
test,paper_eq1,430,1,1,1.4935097495519172,4.463341113829831
test,mask_pca,430,1,1,1.4686765675097588,4.5732407824545405
test,cej_int_midpoint,430,1,1,1.476064231991792,4.566651184712661
test,paper_eq1,430,2,0,8.349535030473865,13.531781028653182
test,paper_eq1,430,2,1,5.843787624905711,1.144298065315122
test,mask_pca,430,2,0,9.076442258857094,13.71055130933933
test,mask_pca,430,2,1,5.716896126495192,1.3820429123808935
test,cej_int_midpoint,430,2,0,9.320901024681778,13.527831383839118
test,cej_int_midpoint,430,2,1,5.776648925735111,1.7241058595005982
test,paper_eq1,431,0,1,6.105993001927539,5.139710543150586
test,mask_pca,431,0,1,6.130789178493109,4.604954740669958
test,cej_int_midpoint,431,0,1,6.14012291956446,5.100644721235768
test,paper_eq1,431,1,1,13.117930485831547,14.570692186202367
test,mask_pca,431,1,1,13.47368615366146,15.1752704318431
test,cej_int_midpoint,431,1,1,13.264004726706139,15.051632072740336
test,paper_eq1,431,2,1,8.187088815228995,10.94065544805617
test,mask_pca,431,2,1,8.667041965675269,11.215269872405726
test,cej_int_midpoint,431,2,1,30.92666354873654,11.157530580977575
test,paper_eq1,44,0,1,21.66964956132062,21.446097170384963
test,mask_pca,44,0,1,23.05923796754299,22.293697466501243
test,cej_int_midpoint,44,0,1,23.596349986432887,22.684518119525812
test,paper_eq1,44,1,1,42.73901293195275,55.2736851592469
test,mask_pca,44,1,1,43.3549310221212,55.48488733112489
test,cej_int_midpoint,44,1,1,43.399032882176975,55.422551352300175
test,paper_eq1,44,4,1,64.01184565784222,56.79598504584771
test,mask_pca,44,4,1,64.23182738103294,57.0878016175975
test,cej_int_midpoint,44,4,1,64.13187622896878,57.60409164159916
test,paper_eq1,441,1,1,33.14273143969217,33.0380135800637
test,mask_pca,441,1,1,34.70804400543551,34.631289246412244
test,cej_int_midpoint,441,1,1,31.019970417704616,36.88037505990545
test,paper_eq1,441,2,0,39.97588725143409,36.44842383898024
test,paper_eq1,441,2,1,35.306660218431006,23.21550767534786
test,mask_pca,441,2,0,42.397848012510146,39.39207685057656
test,mask_pca,441,2,1,35.296996382497184,34.2878727124146
test,cej_int_midpoint,441,2,0,41.29700004340663,38.18307721009998
test,cej_int_midpoint,441,2,1,35.89034413064539,37.50085184106852
test,paper_eq1,441,3,1,32.111070178706925,24.716826587707928
test,mask_pca,441,3,1,35.36683243151128,26.5402389231847
test,cej_int_midpoint,441,3,1,35.502495045610395,26.72721293056232
test,paper_eq1,441,4,1,26.284368217549975,25.19316308820219
test,mask_pca,441,4,1,26.718272048458708,25.778558132659807
test,cej_int_midpoint,441,4,1,26.477482004576814,25.827219934094714
test,paper_eq1,448,0,1,11.960188327272583,13.43028865260136
test,mask_pca,448,0,1,12.499272428498976,13.517764524238865
test,cej_int_midpoint,448,0,1,12.881147083767209,13.496313852045683
test,paper_eq1,448,1,1,40.85647838251746,43.86580319561079
test,mask_pca,448,1,1,23.826282716620554,27.344491222819062
test,cej_int_midpoint,448,1,1,68.57252085260303,67.63474276751552
test,paper_eq1,448,2,1,24.07601725069228,13.266533383849291
test,mask_pca,448,2,1,25.37355852576111,13.939539226434208
test,cej_int_midpoint,448,2,1,18.945082504619464,13.241160754075787
test,paper_eq1,458,0,1,16.380641946491465,16.29192598743408
test,mask_pca,458,0,1,16.748726674325972,16.48188365619631
test,cej_int_midpoint,458,0,1,16.863032275079203,16.414697493680173
test,paper_eq1,458,1,1,20.014509854432642,18.65059980185485
test,mask_pca,458,1,1,20.596046663277452,18.901850480325162
test,cej_int_midpoint,458,1,1,20.773305449038908,18.81426077997394
test,paper_eq1,468,1,1,78.17377943299654,80.63395152357208
test,mask_pca,468,1,1,33.45399278133338,29.53541017093
test,cej_int_midpoint,468,1,1,64.26275387847436,67.81447135708292
test,paper_eq1,468,2,0,26.506710216156364,26.780437048173283
test,paper_eq1,468,2,1,22.60357024802473,67.66248184776401
test,mask_pca,468,2,0,27.86551671006365,27.029374078145015
test,mask_pca,468,2,1,22.631978245758898,25.42265548283604
test,cej_int_midpoint,468,2,0,28.10338008922765,24.610949699349852
test,cej_int_midpoint,468,2,1,22.62151595091467,52.741507763992246
test,paper_eq1,468,3,1,17.58953918770869,19.66498107363324
test,mask_pca,468,3,1,17.58058709415857,19.640925497528425
test,cej_int_midpoint,468,3,1,17.592042580237095,19.51887117904049
test,paper_eq1,469,0,1,3.3328424680343325,0.9181370408191635
test,mask_pca,469,0,1,4.052916683567802,0.8103734872959716
test,cej_int_midpoint,469,0,1,1.7797805423043571,0.9420515597273669
test,paper_eq1,469,1,0,6.316208367183669,1.9616525460860228
test,paper_eq1,469,1,1,5.1463983660949255,4.689548407053318
test,mask_pca,469,1,0,6.392179389386933,2.0015470256348595
test,mask_pca,469,1,1,5.380465361291817,5.753487057567659
test,cej_int_midpoint,469,1,0,6.369686907304452,1.9770281776224152
test,cej_int_midpoint,469,1,1,5.436332661117763,6.067279429086498
test,mask_pca,469,2,1,13.540375080734055,4.74911730851172
test,paper_eq1,472,1,0,32.586013054487196,22.455606870470778
test,paper_eq1,472,1,1,26.50706611424725,35.83244005546826
test,mask_pca,472,1,0,33.640390744025005,22.642706501561058
test,mask_pca,472,1,1,26.514257026215816,35.81915599670806
test,cej_int_midpoint,472,1,0,34.93613099026971,22.89141635066795
test,cej_int_midpoint,472,1,1,26.506624726645683,35.82890828332475
test,paper_eq1,472,2,0,19.165100255722216,34.941800711574366
test,paper_eq1,472,2,1,34.82599334978076,36.580146095009894
test,mask_pca,472,2,0,19.83807073809414,36.79865399029196
test,mask_pca,472,2,1,35.732340099342196,37.469780319173076
test,cej_int_midpoint,472,2,0,19.979047277926636,37.34367428961202
test,cej_int_midpoint,472,2,1,35.54726295520925,37.23576243244684
test,paper_eq1,473,0,0,17.723005187358254,13.907789822341815
test,paper_eq1,473,0,1,13.634867891183386,17.906076519230897
test,mask_pca,473,0,0,17.29655930989224,14.205386351861495
test,mask_pca,473,0,1,14.483548279952076,19.348702566400277
test,cej_int_midpoint,473,0,0,17.67876118658934,14.04886527955457
test,cej_int_midpoint,473,0,1,15.425175413835305,20.267025496479913
test,paper_eq1,473,1,0,24.173836064439193,19.718868486148953
test,paper_eq1,473,1,1,8.63846543046422,8.484114212491464
test,mask_pca,473,1,0,24.725620055315606,20.570603984168187
test,mask_pca,473,1,1,9.00509961393403,8.706381917074761
test,cej_int_midpoint,473,1,0,24.392828582596525,20.24479301216567
test,cej_int_midpoint,473,1,1,9.348166281799912,8.87787811402349
test,paper_eq1,473,2,0,16.208750698265145,17.380556639637902
test,paper_eq1,473,2,1,9.343280048924653,10.387709812984015
test,mask_pca,473,2,0,16.57948463097839,17.703482255312068
test,mask_pca,473,2,1,9.684351268262974,10.91167135943905
test,cej_int_midpoint,473,2,0,16.478474096293922,17.514923231357127
test,cej_int_midpoint,473,2,1,9.777109983618185,11.244681358014388
test,paper_eq1,474,0,1,5.317835328113867,3.701342242661084
test,mask_pca,474,0,1,6.4355605804691285,4.136944175058396
test,cej_int_midpoint,474,0,1,6.443441587785214,3.756003900235731
test,paper_eq1,474,1,0,8.831432274057374,7.019133454179216
test,paper_eq1,474,1,1,2.0766210400818945,3.4577619069490884
test,mask_pca,474,1,0,8.866924223926699,7.293044767805519
test,mask_pca,474,1,1,2.316871045220658,3.645589213480301
test,cej_int_midpoint,474,1,0,8.83534327922618,7.248038117736836
test,cej_int_midpoint,474,1,1,2.4999568058071135,3.676885098548487
test,paper_eq1,474,2,0,4.086749244982395,4.455128105363279
test,paper_eq1,474,2,1,8.26716044896989,7.372944778721578
test,mask_pca,474,2,0,4.177412246317883,4.596137769234489
test,mask_pca,474,2,1,8.520646888542396,8.328924326007305
test,cej_int_midpoint,474,2,0,4.1612468166566945,4.584404085294618
test,cej_int_midpoint,474,2,1,8.574647171427081,8.380369992570598
test,paper_eq1,474,3,1,7.9501925878683,8.780583803963413
test,mask_pca,474,3,1,7.965057710588636,8.844769861113587
test,cej_int_midpoint,474,3,1,7.9516128951183696,8.79361281244138
test,paper_eq1,483,0,1,3.0766957698375004,0.6382163979583091
test,mask_pca,483,0,1,3.0242750998216987,0.6708118781681242
test,cej_int_midpoint,483,0,1,3.940044170514396,0.6812811712174852
test,mask_pca,483,1,1,5.192226355052975,7.307448913448268
test,cej_int_midpoint,483,1,1,69.9972283352302,53.727552818043186
test,paper_eq1,483,3,1,11.72197688364921,11.071315127256002
test,mask_pca,483,3,1,11.963266946851048,11.421851472891772
test,cej_int_midpoint,483,3,1,9.274831710460655,11.072322996212202
test,mask_pca,485,0,1,3.6507878066509942,0.3482646235691447
test,paper_eq1,485,1,1,6.667114825903103,5.847613645757702
test,mask_pca,485,1,1,6.69532814784193,5.923901032450547
test,cej_int_midpoint,485,1,1,6.67285207793675,5.789141160152191
test,paper_eq1,485,4,1,6.089486223609505,7.1984257320673555
test,mask_pca,485,4,1,6.082681248299379,7.2648245102363065
test,cej_int_midpoint,485,4,1,6.092271542234018,7.218976583809017
test,paper_eq1,495,0,1,11.911972399678996,14.83865448634655
test,mask_pca,495,0,1,13.533122374271164,15.846479467369823
test,cej_int_midpoint,495,0,1,13.391931743171298,16.11401374469091
test,paper_eq1,495,1,1,9.03756281330946,11.025333062193058
test,mask_pca,495,1,1,9.613218109617344,11.522731749034264
test,cej_int_midpoint,495,1,1,9.687652837736632,11.481661865204321
test,paper_eq1,5,1,1,19.005293199793382,16.581214778405247
test,mask_pca,5,1,1,19.1131132102193,16.675896570647193
test,cej_int_midpoint,5,1,1,19.073886932764427,16.645341561630026
test,mask_pca,5,3,1,2.8751149588708635,0.4968485550836825
test,paper_eq1,5,4,1,8.366774092433534,14.083480517946606
test,mask_pca,5,4,1,8.399995601161079,14.28401691817361
test,cej_int_midpoint,5,4,1,8.514102418319828,15.486505800517861
test,paper_eq1,504,0,1,16.691225571463637,14.41100558455281
test,mask_pca,504,0,1,16.780155352091935,14.440486211196344
test,cej_int_midpoint,504,0,1,16.746967884649642,14.415548767754608
test,paper_eq1,51,0,0,18.353454999386773,17.168105223329704
test,paper_eq1,51,0,1,29.26527572889196,22.61498051032682
test,mask_pca,51,0,0,18.148393179768032,17.246385359651804
test,mask_pca,51,0,1,30.12686300172926,25.016876556321034
test,cej_int_midpoint,51,0,0,18.163965708648643,17.23779893274035
test,cej_int_midpoint,51,0,1,30.198125930346748,25.22332238344428
test,paper_eq1,51,1,1,20.06841807533546,17.651852419428867
test,mask_pca,51,1,1,20.420947942114474,18.486620466063346
test,cej_int_midpoint,51,1,1,20.429274664866057,18.756054460880097
test,paper_eq1,511,0,1,5.139786709411387,6.708272013064791
test,mask_pca,511,0,1,5.19225404936063,6.707347635261823
test,cej_int_midpoint,511,0,1,5.204430385437532,6.707461824431003
test,paper_eq1,511,1,0,2.6296628767603707,1.7624673492230243
test,paper_eq1,511,1,1,1.2742233424676814,2.006207263068462
test,mask_pca,511,1,0,2.630532289085609,1.7743395873201875
test,mask_pca,511,1,1,1.026850084015123,2.0058400322021672
test,cej_int_midpoint,511,1,0,2.533800750164916,1.8127259694445113
test,cej_int_midpoint,511,1,1,3.548087388733966,2.0068979405254415
test,paper_eq1,521,0,1,13.598772026515254,13.747090128972033
test,mask_pca,521,0,1,13.563598270541553,13.695040959220888
test,cej_int_midpoint,521,0,1,13.577089288286679,13.749388933180365
test,paper_eq1,521,1,1,9.552239842051199,9.297270816874839
test,mask_pca,521,1,1,9.673201053405746,9.327653684917587
test,cej_int_midpoint,521,1,1,9.646952084216172,9.317814080768981
test,paper_eq1,521,2,0,6.787085867990291,5.73870172579939
test,paper_eq1,521,2,1,10.206870535111236,8.174216270102962
test,mask_pca,521,2,0,7.237982121825248,6.30436470381277
test,mask_pca,521,2,1,10.181818614240676,7.930437476825132
test,cej_int_midpoint,521,2,0,7.576476933303379,7.173951628248168
test,cej_int_midpoint,521,2,1,10.225851362866559,8.235064833551805
test,paper_eq1,530,0,1,8.943412804637935,7.046109280901081
test,mask_pca,530,0,1,10.625845484300548,8.02004156376469
test,paper_eq1,530,1,0,15.466840840044057,11.381405896827465
test,paper_eq1,530,1,1,7.349828261522115,8.336663714672476
test,mask_pca,530,1,0,15.135402960646546,11.13455590772924
test,mask_pca,530,1,1,7.62253863362719,8.816618820825765
test,cej_int_midpoint,530,1,0,15.753209872620975,11.48608781549546
test,cej_int_midpoint,530,1,1,7.921189271930568,9.260848518987993
test,paper_eq1,530,2,0,12.81239425282342,12.29040362474561
test,paper_eq1,530,2,1,9.95027201962278,10.377788829198426
test,mask_pca,530,2,0,12.792067163703768,12.288324782589159
test,mask_pca,530,2,1,10.589987732060033,11.010002069478398
test,cej_int_midpoint,530,2,0,13.187459873679458,12.695134326950427
test,cej_int_midpoint,530,2,1,11.029705883605144,11.509574345597759
test,paper_eq1,531,0,1,9.1336895567247,9.119786385802644
test,mask_pca,531,0,1,9.136935837238996,9.119626127505239
test,cej_int_midpoint,531,0,1,9.15103362851712,9.113089863752855
test,paper_eq1,531,1,1,12.634432017892106,11.42509474676987
test,mask_pca,531,1,1,13.400276857622506,11.402143824353518
test,cej_int_midpoint,531,1,1,13.199893947365005,11.741901966677492
test,paper_eq1,531,2,0,8.852833211052364,11.963140115110651
test,paper_eq1,531,2,1,12.635807117057073,12.903815849224943
test,mask_pca,531,2,0,9.39803563898048,12.648747419498878
test,mask_pca,531,2,1,12.29861099784772,12.5764060838776
test,cej_int_midpoint,531,2,0,10.151649060231739,13.314822925563721
test,cej_int_midpoint,531,2,1,13.421434696736434,12.970004621680792
test,mask_pca,531,3,1,19.814907927967997,4.666204742979673
test,paper_eq1,537,0,1,42.839508464181336,40.81515906624493
test,mask_pca,537,0,1,43.00872556934267,41.26123172177555
test,cej_int_midpoint,537,0,1,42.94165520868552,41.14026691024712
test,paper_eq1,537,1,1,61.44766597279078,60.838326217348126
test,mask_pca,537,1,1,61.845254727515865,61.58478966046693
test,cej_int_midpoint,537,1,1,61.659761831317475,61.320199694403854
test,paper_eq1,539,0,1,37.26379563015692,47.24190564506993
test,mask_pca,539,0,1,38.634748780278926,47.96655218087171
test,cej_int_midpoint,539,0,1,38.919548186445034,47.70269832682843
test,paper_eq1,539,1,0,52.36583627257993,55.7089312836885
test,paper_eq1,539,1,1,44.60325407790215,48.11590760675995
test,mask_pca,539,1,0,52.29518053922065,56.026350593812644
test,mask_pca,539,1,1,45.864431811280774,49.420348493700295
test,cej_int_midpoint,539,1,0,52.306257434294565,55.94742159033227
test,cej_int_midpoint,539,1,1,45.992931968107335,49.66469681576602
test,paper_eq1,539,2,1,21.21369292828878,24.780832540981255
test,mask_pca,539,2,1,22.018007897884743,25.110189694849183
test,cej_int_midpoint,539,2,1,22.107901636163795,25.187173986616347
test,paper_eq1,54,0,1,34.731822047855786,34.06244768692079
test,mask_pca,54,0,1,34.9128879998678,34.195660796732994
test,cej_int_midpoint,54,0,1,34.86911656441483,34.17939793251005
test,paper_eq1,54,1,1,69.15989975974932,63.05987731453108
test,mask_pca,54,1,1,69.40317128104112,63.18898821780109
test,cej_int_midpoint,54,1,1,69.4045795960989,63.16360984117134
test,paper_eq1,54,2,1,33.147246699747576,32.93582492643246
test,mask_pca,54,2,1,33.22644707520887,33.02204706905773
test,cej_int_midpoint,54,2,1,33.16901099157265,32.96686402789046
test,paper_eq1,54,3,1,19.37803764919069,17.514981808102263
test,mask_pca,54,3,1,19.65557952729287,17.56589181373024
test,cej_int_midpoint,54,3,1,19.822199883487183,17.83740404834839
test,paper_eq1,542,0,0,11.105024293459078,2.178625598655655
test,paper_eq1,542,0,1,5.575138010083062,5.706593915719562
test,mask_pca,542,0,0,10.009325482012953,2.2700119210016942
test,mask_pca,542,0,1,5.720218740312933,5.774045368840243
test,cej_int_midpoint,542,0,0,13.145865771941423,2.423536864867464
test,cej_int_midpoint,542,0,1,6.201060435598282,5.719465481059908
test,paper_eq1,542,1,1,2.5756202299125888,0.8899964911937182
test,mask_pca,542,1,1,2.5928344050652434,0.9984448425878032
test,cej_int_midpoint,542,1,1,2.6008833682874193,1.0126775995364774
test,paper_eq1,542,2,0,0.08513710181003369,4.038961333204706
test,mask_pca,542,2,0,1.059414732909684,3.819590870879904
test,cej_int_midpoint,542,2,0,2.532889927041216,3.523531822628708
test,paper_eq1,542,3,1,5.475887699232247,5.729907196974803
test,mask_pca,542,3,1,5.599279380661979,5.741073221911292
test,cej_int_midpoint,542,3,1,5.772848436980455,5.735895619685685
test,paper_eq1,544,0,1,2.5375998445444643,5.659785725294528
test,mask_pca,544,0,1,3.0406099364825345,5.838806030050031
test,cej_int_midpoint,544,0,1,3.234547046758078,5.89539283114605
test,paper_eq1,544,1,0,5.132893498567725,6.535010541915528
test,paper_eq1,544,1,1,14.733292309327561,8.158702957072556
test,mask_pca,544,1,0,3.988735141049819,5.303225982413739
test,mask_pca,544,1,1,14.866398344056908,8.400273866940235
test,cej_int_midpoint,544,1,0,0.22854328438085256,0.9106880341411298
test,cej_int_midpoint,544,1,1,14.26141352185913,7.128845045584533
test,paper_eq1,544,2,1,18.835797333414472,16.987903343787274
test,mask_pca,544,2,1,19.47055196370564,17.278128564385277
test,cej_int_midpoint,544,2,1,18.86315573569078,17.082286743876768
test,paper_eq1,544,3,1,16.46084013282629,13.013348414940722
test,mask_pca,544,3,1,17.10932163406259,13.260547993131608
test,cej_int_midpoint,544,3,1,17.45472722453762,13.248140118823997
test,paper_eq1,545,0,1,18.320895951439077,14.533674771538404
test,mask_pca,545,0,1,19.124115510125538,15.508985820619179
test,cej_int_midpoint,545,0,1,36.088431981445225,15.67160035897912
test,paper_eq1,545,1,1,24.663334306974498,22.77650784864858
test,mask_pca,545,1,1,24.87920493997291,22.90649996565671
test,cej_int_midpoint,545,1,1,24.842147250115385,22.88190210030945
test,paper_eq1,545,2,1,15.34208369260172,17.957620261538864
test,mask_pca,545,2,1,15.733595854905536,18.471379363468145
test,cej_int_midpoint,545,2,1,15.971639014432254,18.659036751931225
test,paper_eq1,549,0,1,12.145795936012723,14.194473959406153
test,mask_pca,549,0,1,12.59288518578584,14.515540650531028
test,cej_int_midpoint,549,0,1,12.558033052420726,14.560964347420292
test,paper_eq1,549,1,0,11.245654808672855,8.747815058781649
test,paper_eq1,549,1,1,8.76688011049172,7.593445523137531
test,mask_pca,549,1,0,11.374184306236426,12.567648617935987
test,mask_pca,549,1,1,8.76842383672225,7.59262133515421
test,cej_int_midpoint,549,1,0,11.344526383311008,12.434673766631498
test,cej_int_midpoint,549,1,1,8.77008609072619,7.591984239936643
test,paper_eq1,558,0,1,13.833662548534534,18.791872816398488
test,mask_pca,558,0,1,13.941623628289241,19.6447294422614
test,cej_int_midpoint,558,0,1,13.968693637273619,19.77034171641351
test,paper_eq1,558,2,1,0.9416589254236293,1.8976988242714938
test,mask_pca,558,2,1,1.3014593325379835,1.9827243852681964
test,cej_int_midpoint,558,2,1,4.9014585171352145,1.9906179460786175
test,paper_eq1,558,4,1,9.76855249569306,13.736711543200114
test,mask_pca,558,4,1,9.653700249392367,14.143449570714667
test,cej_int_midpoint,558,4,1,9.854894668116977,25.43981586495602
test,paper_eq1,567,0,0,33.406394685759736,30.22696837114006
test,mask_pca,567,0,0,33.23949621890593,30.227363397736482
test,mask_pca,567,0,1,92.6944270075703,37.98591467338773
test,cej_int_midpoint,567,0,0,33.26411200534458,30.233882104222605
test,cej_int_midpoint,567,0,1,92.77173483030873,88.29324438742245
test,paper_eq1,567,1,1,22.60336813638397,24.23270075052497
test,mask_pca,567,1,1,22.966119845710505,24.335158968434815
test,cej_int_midpoint,567,1,1,22.297142524353493,24.345377047748478
test,paper_eq1,567,2,1,19.736216519485424,20.714938825284477
test,mask_pca,567,2,1,20.054530537058966,20.91880863207607
test,cej_int_midpoint,567,2,1,20.07380901396197,20.930566331564513
test,paper_eq1,570,0,1,8.467113745671373,6.3464772081526855
test,mask_pca,570,0,1,8.936904240127117,6.63635468879187
test,cej_int_midpoint,570,0,1,8.971587410064103,6.792117921258339
test,paper_eq1,570,1,0,6.863998228886055,2.9070301874567086
test,paper_eq1,570,1,1,8.306081819622992,9.52424351392497
test,mask_pca,570,1,0,6.584540785080195,2.722499610763631
test,mask_pca,570,1,1,8.841838220065583,10.064145591190748
test,cej_int_midpoint,570,1,0,6.85246461482966,2.8673647128960305
test,cej_int_midpoint,570,1,1,9.587905418937194,10.679338862171322
test,paper_eq1,580,0,1,25.769316232293182,40.89109346710043
test,mask_pca,580,0,1,31.770873892238832,41.856376162190976
test,cej_int_midpoint,580,0,1,31.452304606052877,41.55280051290486
test,paper_eq1,583,0,0,16.021750659965864,10.629840490730958
test,paper_eq1,583,0,1,10.80645408254863,10.651293323866701
test,mask_pca,583,0,0,16.01519796705996,14.92741324500858
test,mask_pca,583,0,1,10.810598469411579,10.647583182378515
test,cej_int_midpoint,583,0,0,16.08876028076831,13.96685491336067
test,cej_int_midpoint,583,0,1,10.856475804193012,10.735938362540274
test,paper_eq1,583,1,1,12.661934579730113,14.144784628366548
test,mask_pca,583,1,1,13.21437327381185,14.610367135378851
test,cej_int_midpoint,583,1,1,13.297033137882924,14.598746337070606
test,paper_eq1,583,2,1,7.0114354797104665,4.317558569902579
test,mask_pca,583,2,1,7.10347216236758,4.389868679652398
test,cej_int_midpoint,583,2,1,6.405603319840483,4.47137029397652
test,paper_eq1,590,0,1,14.802069056004951,14.301142865904188
test,mask_pca,590,0,1,14.801953151755784,14.453780610594116
test,cej_int_midpoint,590,0,1,14.802069236344387,14.498224683941558
test,paper_eq1,590,1,1,7.922198845504013,46.66752278612768
test,mask_pca,590,1,1,8.027285517016052,19.25148223375335
test,cej_int_midpoint,590,1,1,8.029424037074424,37.27119479550299
test,paper_eq1,590,2,1,14.620544642078714,14.660547710782184
test,mask_pca,590,2,1,14.844635852991267,14.961706657015416
test,cej_int_midpoint,590,2,1,14.838982003899615,14.89806671485966
test,paper_eq1,590,3,1,16.851753147467335,13.579490462217155
test,mask_pca,590,3,1,17.300096967421855,14.769375608609103
test,cej_int_midpoint,590,3,1,17.237251559192025,15.200932266214956
test,paper_eq1,611,0,1,35.5127293540193,62.98170858385379
test,mask_pca,611,0,1,36.30347263510258,27.767112965878248
test,cej_int_midpoint,611,0,1,36.26087818634804,45.786953723501256
test,paper_eq1,613,0,1,45.32055242113915,50.747479239868575
test,mask_pca,613,0,1,45.71757311089539,51.061294076300435
test,cej_int_midpoint,613,0,1,45.775448296143715,51.08378917176528
test,paper_eq1,613,1,1,26.088243755541445,30.97776071532024
test,mask_pca,613,1,1,26.038538731011823,31.00254500204653
test,cej_int_midpoint,613,1,1,26.050602870227547,31.001925367173637
test,paper_eq1,622,0,1,3.841272642594098,2.7868156947094267
test,mask_pca,622,0,1,3.8166806690143273,2.943321059658847
test,cej_int_midpoint,622,0,1,3.8515959658425296,2.942316493645115
test,mask_pca,622,3,1,1.1929001039970233,5.355147769218582
test,paper_eq1,624,0,1,11.31102526701154,10.965870600484994
test,mask_pca,624,0,1,11.424133952134822,11.064381990090931
test,cej_int_midpoint,624,0,1,11.402652915007083,11.040989540373587
test,paper_eq1,624,1,1,4.322493855526409,4.290105623020552
test,mask_pca,624,1,1,4.550183207529901,4.387660311567123
test,cej_int_midpoint,624,1,1,5.142750571157713,4.224728622031624
test,paper_eq1,630,1,1,23.472319382707283,21.34842318351005
test,mask_pca,630,1,1,24.5892910593848,22.59920721396565
test,cej_int_midpoint,630,1,1,22.013226597497866,22.440109230472324
test,paper_eq1,630,2,0,18.7476361764928,16.76289256419057
test,paper_eq1,630,2,1,13.910046610329758,15.752035675912564
test,mask_pca,630,2,0,18.743809172243644,18.044845301515522
test,mask_pca,630,2,1,14.660097078093942,16.21379534649924
test,cej_int_midpoint,630,2,0,18.745346846668966,18.469239282500673
test,cej_int_midpoint,630,2,1,14.637952071176025,16.036185693363123
test,paper_eq1,630,3,1,13.617919339445821,11.867287582345257
test,mask_pca,630,3,1,14.570631900723196,12.584058296843503
test,cej_int_midpoint,630,3,1,14.941494644903228,12.944689693145586
test,paper_eq1,633,0,1,4.257356767887261,3.6316573324649006
test,mask_pca,633,0,1,4.169943503032647,4.262387080447798
test,cej_int_midpoint,633,0,1,4.764767708706756,4.614761101717722
test,paper_eq1,633,1,0,11.520300079353909,15.034373857090328
test,paper_eq1,633,1,1,13.881487938354947,14.083128732835949
test,mask_pca,633,1,0,11.512782208351476,14.92523158672672
test,mask_pca,633,1,1,14.454589138785245,14.329645639209868
test,cej_int_midpoint,633,1,0,11.65292734947409,15.130287608419621
test,cej_int_midpoint,633,1,1,14.678742306539567,14.429832843247107
test,paper_eq1,633,2,1,12.438915441416219,12.390288071337896
test,mask_pca,633,2,1,12.986996069273923,12.682820865886388
test,cej_int_midpoint,633,2,1,13.352205863151037,12.770786846682602
test,paper_eq1,641,1,1,4.693402131320594,7.946676758185957
test,mask_pca,641,1,1,4.972146434752261,8.005323106430446
test,cej_int_midpoint,641,1,1,2.2359413931304104,8.07770816969081
test,paper_eq1,641,2,1,9.381315949067517,11.448673052032424
test,mask_pca,641,2,1,9.388659595410019,11.51955949676939
test,cej_int_midpoint,641,2,1,9.383872914898026,11.51557597075433
test,paper_eq1,641,3,1,8.73950135954338,9.479699789281392
test,mask_pca,641,3,1,8.745337214677608,9.551541474205616
test,cej_int_midpoint,641,3,1,8.750234286102458,9.615755266168685
test,paper_eq1,643,0,1,12.01256665903144,62.42322760161411
test,mask_pca,643,0,1,11.980867213071257,45.7902155933753
test,cej_int_midpoint,643,0,1,11.985742036737564,53.414499716784924
test,paper_eq1,643,1,1,14.492685910504932,12.237481058115035
test,mask_pca,643,1,1,14.80752923599643,12.626058397867132
test,cej_int_midpoint,643,1,1,14.791002886809828,12.673495257537166
test,mask_pca,643,2,1,4.730282753195846,2.270485842156946
test,cej_int_midpoint,643,2,1,75.29723129585435,87.26751164849432
test,paper_eq1,657,0,1,37.39740479492876,61.32608171085931
test,mask_pca,657,0,1,38.16244484280337,50.286879286878886
test,cej_int_midpoint,657,0,1,38.08395183188731,68.75061193796735
test,paper_eq1,657,1,1,7.999133565120717,28.749549282432678
test,mask_pca,657,1,1,7.689506994425793,28.020994036213587
test,cej_int_midpoint,657,1,1,7.835857246643123,28.666434468452493
test,paper_eq1,663,0,1,21.618280598251104,35.41334991620159
test,mask_pca,663,0,1,22.404110012322064,28.402601717339788
test,cej_int_midpoint,663,0,1,22.252577857482304,44.76023441452487
test,paper_eq1,666,0,1,4.361614865632605,6.220009331189127
test,mask_pca,666,0,1,4.979647263470563,6.4294967987632266
test,cej_int_midpoint,666,0,1,5.299008387406431,6.349923040700461
test,paper_eq1,666,2,1,7.216008933804339,6.925554047711568
test,mask_pca,666,2,1,7.207576469673923,6.939908344470506
test,cej_int_midpoint,666,2,1,7.364677649588057,7.268558027199498
test,paper_eq1,675,0,1,5.729745333092958,10.733524505117733
test,mask_pca,675,0,1,5.641837987069405,10.89644130884703
test,cej_int_midpoint,675,0,1,5.640278252915547,10.871085631850374
test,paper_eq1,675,3,1,6.777686674310579,7.039596920845701
test,mask_pca,675,3,1,6.759031338988662,7.0474627201392375
test,cej_int_midpoint,675,3,1,6.770073286241525,7.044076470308052
test,paper_eq1,677,0,0,7.265866036293674,6.590954478190018
test,paper_eq1,677,0,1,14.372581370543791,13.753686791654316
test,mask_pca,677,0,0,7.0317475812233905,6.581615574344648
test,mask_pca,677,0,1,14.519469383499978,13.79435756742472
test,cej_int_midpoint,677,0,0,7.152137084468578,6.583289460530324
test,cej_int_midpoint,677,0,1,14.683510858257495,13.812827702774566
test,paper_eq1,68,1,1,26.30873665836586,27.654885920897975
test,mask_pca,68,1,1,26.775836410398483,27.970812739334978
test,cej_int_midpoint,68,1,1,26.894461899620538,28.058337267642425
test,paper_eq1,68,3,1,34.374026215452766,45.64293186327949
test,mask_pca,68,3,1,34.60284633427299,35.28171978422731
test,cej_int_midpoint,68,3,1,34.600782795386685,41.8903788475021
test,paper_eq1,68,4,1,21.062397191404187,25.493953139004216
test,mask_pca,68,4,1,21.615619549860405,26.014711346003878
test,cej_int_midpoint,68,4,1,21.56354544906996,25.88730159313147
test,paper_eq1,682,0,0,0.3092950765240224,5.715135238268248
test,mask_pca,682,0,0,0.23156694143929377,5.725392170616683
test,mask_pca,682,0,1,6.4176225142171095,21.616281666893833
test,cej_int_midpoint,682,0,0,0.06486757524807366,5.970270886613427
test,paper_eq1,682,2,1,7.2573217357194535,8.314652644276775
test,mask_pca,682,2,1,7.427055144940174,8.400116112125424
test,cej_int_midpoint,682,2,1,15.967205761021027,8.384297984191454
test,paper_eq1,687,1,1,3.2310703661207225,8.271445365110814
test,mask_pca,687,1,1,3.163392748819744,8.28330066892429
test,cej_int_midpoint,687,1,1,3.1079116752003912,8.282245175370113
test,paper_eq1,687,2,1,97.79527747594389,76.91340475692388
test,mask_pca,687,2,1,9.120632568887558,13.670325335894084
test,cej_int_midpoint,687,2,1,49.305588264309044,46.95317078398557
test,paper_eq1,687,3,1,15.059628349101276,15.087761276260025
test,mask_pca,687,3,1,15.930793241150894,15.932389064235844
test,cej_int_midpoint,687,3,1,16.102680717218117,16.187357294293385
test,paper_eq1,687,4,1,3.760909874836713,57.8086038588958
test,mask_pca,687,4,1,4.137982257132398,11.619211066582046
test,cej_int_midpoint,687,4,1,4.38002315763747,40.124203486553725
test,paper_eq1,695,0,0,46.43376082521605,57.75655200426944
test,paper_eq1,695,0,1,62.22611601783316,63.729028904868976
test,mask_pca,695,0,0,48.093694079015634,58.897862928520354
test,mask_pca,695,0,1,63.12233592533869,65.15361552724846
test,cej_int_midpoint,695,0,0,48.35558613407852,58.9974331622812
test,cej_int_midpoint,695,0,1,62.89090577127253,64.96316179252923
test,paper_eq1,715,0,0,22.112545883231004,25.387605698389272
test,paper_eq1,715,0,1,31.6467726370983,81.07759565076745
test,mask_pca,715,0,0,22.890079542129016,25.893186940728196
test,mask_pca,715,0,1,33.47247836092285,45.67507700585684
test,cej_int_midpoint,715,0,0,23.32365446433967,23.515220729516013
test,cej_int_midpoint,715,0,1,32.99288103502231,71.50999556196842
test,paper_eq1,716,0,0,64.09990455999446,46.74287202167974
test,paper_eq1,716,0,1,78.54071665613709,57.986438831351364
test,mask_pca,716,0,0,64.82630046102801,46.715870439642416
test,mask_pca,716,0,1,80.39692627868692,65.99062958856847
test,cej_int_midpoint,716,0,0,64.57565178552436,46.72782515661164
test,cej_int_midpoint,716,0,1,81.7180736471911,69.27774391851426
test,paper_eq1,716,1,1,42.78114620789629,46.726598914489855
test,mask_pca,716,1,1,43.06176368769476,47.06800868128537
test,cej_int_midpoint,716,1,1,43.21345101831588,47.17342221756273
test,paper_eq1,736,0,1,48.91953236556491,47.59921006482938
test,mask_pca,736,0,1,49.89310251350516,49.304372523599554
test,cej_int_midpoint,736,0,1,49.8070085192107,49.307213783731015
test,paper_eq1,736,1,1,68.49243882420336,78.04878974441343
test,mask_pca,736,1,1,68.98725796483845,70.11904645440652
test,cej_int_midpoint,736,1,1,69.12378439934568,73.24551009879994
test,paper_eq1,74,0,0,32.7164670155285,13.16369762853692
test,paper_eq1,74,0,1,43.44305052453562,15.437298354021516
test,mask_pca,74,0,0,33.090868419019145,13.256111450089492
test,mask_pca,74,0,1,44.41851635322176,19.043180604383174
test,cej_int_midpoint,74,0,0,32.91145397186085,13.200839299585743
test,cej_int_midpoint,74,0,1,45.07521300720282,20.5594387041901
test,mask_pca,74,1,1,52.673523871737885,43.31317833264685
test,cej_int_midpoint,74,1,1,92.11419247002256,86.34719615593829
test,paper_eq1,756,0,0,25.820715233918197,29.111219829908247
test,paper_eq1,756,0,1,42.28848825045218,23.20704883971475
test,mask_pca,756,0,0,27.790467630159277,30.050941633286897
test,mask_pca,756,0,1,42.33235844660438,23.265786723399877
test,cej_int_midpoint,756,0,0,27.732859801403357,29.76723268389193
test,cej_int_midpoint,756,0,1,42.34044463400123,23.35398620331832
test,paper_eq1,757,0,1,16.606246732831416,13.28797968109634
test,mask_pca,757,0,1,17.11539970617708,13.38699977566038
test,cej_int_midpoint,757,0,1,17.376870397313663,13.319202384215533
test,paper_eq1,757,1,1,11.363488168943631,10.099003059898429
test,mask_pca,757,1,1,11.66957929978785,10.17114203103819
test,cej_int_midpoint,757,1,1,11.70197917171568,10.143077213778842
test,paper_eq1,757,2,1,8.467749055524102,5.523993456156538
test,mask_pca,757,2,1,8.681948069670446,6.279089944386665
test,paper_eq1,757,3,1,4.456206812468049,1.082779286039131
test,mask_pca,757,3,1,4.478917732522054,2.041096897698704
test,cej_int_midpoint,757,3,1,4.459557749022083,17.85540241509079
test,paper_eq1,757,4,1,13.933437883314031,13.885727610281442
test,mask_pca,757,4,1,14.080014690959064,14.253221140146024
test,cej_int_midpoint,757,4,1,14.116794561873286,9.49553455615395
test,paper_eq1,764,0,1,6.194780255887136,0.07714422128307942
test,mask_pca,764,0,1,6.299438446407057,0.12166963397244979
test,cej_int_midpoint,764,0,1,6.273439727475844,0.10608987011559438
test,paper_eq1,764,1,1,0.6484003545908237,1.6290446998183858
test,mask_pca,764,1,1,0.5956631406241594,1.805607510039934
test,cej_int_midpoint,764,1,1,0.577114351166912,1.8896166033076738
test,paper_eq1,764,2,1,14.47449563346799,19.7614713154384
test,mask_pca,764,2,1,15.037674263433146,19.967095084462926
test,cej_int_midpoint,764,2,1,9.002881835173081,19.876364361797044
test,paper_eq1,764,3,1,6.521304326211677,1.3841461526906325
test,mask_pca,764,3,1,6.581759874936257,1.0397936729333845
test,cej_int_midpoint,764,3,1,6.544748145647813,3.866531875322101
test,paper_eq1,769,1,0,25.31902670688373,20.396145002005504
test,paper_eq1,769,1,1,38.55450920768378,66.19577215678441
test,mask_pca,769,1,0,25.784375577175023,20.827978342959923
test,mask_pca,769,1,1,38.94363133661952,53.235289258095506
test,cej_int_midpoint,769,1,0,25.828062439054968,19.05729551823974
test,cej_int_midpoint,769,1,1,38.90394158267076,71.37040638354668
test,paper_eq1,769,2,1,12.810302870217694,11.834996182695923
test,mask_pca,769,2,1,15.84862502338795,11.835105370589721
test,cej_int_midpoint,769,2,1,16.367091881745548,11.817620350691492
test,paper_eq1,782,0,1,41.079385146577984,39.93279837322042
test,mask_pca,782,0,1,43.317024288703315,42.94000215803937
test,cej_int_midpoint,782,0,1,43.42414393172444,42.96549606570813
test,paper_eq1,782,1,1,26.671637712146172,59.637511410836154
test,mask_pca,782,1,1,27.69561719904095,38.73008640818061
test,cej_int_midpoint,782,1,1,27.498278688723985,52.07060658744097
test,paper_eq1,782,4,1,34.61895312352067,31.774963065187755
test,mask_pca,782,4,1,36.53351705819768,33.51766018758088
test,cej_int_midpoint,782,4,1,36.920916073014496,33.99277935946725
test,paper_eq1,784,0,1,9.458914483671201,6.202631430829117
test,mask_pca,784,0,1,9.57431192979685,6.289105810595294
test,cej_int_midpoint,784,0,1,9.578997385930347,6.289637332087702
test,paper_eq1,784,1,1,31.239638941011172,71.92768064347972
test,mask_pca,784,1,1,19.729770413702305,23.504308713480235
test,cej_int_midpoint,784,1,1,61.15485386427767,59.98043499226766
test,mask_pca,784,2,1,9.101324395441845,0.14729694976038268
test,paper_eq1,786,0,1,8.009506039771551,6.3551496196139095
test,mask_pca,786,0,1,8.227953290245718,6.383791687558178
test,cej_int_midpoint,786,0,1,8.18495363817966,6.4025526069240195
test,paper_eq1,786,1,1,3.047097510701899,11.378364507276332
test,mask_pca,786,1,1,3.447939556590365,11.306141145638438
test,cej_int_midpoint,786,1,1,3.3728132293126696,11.349252774573781
test,paper_eq1,797,1,1,67.3659771244294,61.99412033281235
test,mask_pca,797,1,1,10.759094636065793,15.101928686647485
test,cej_int_midpoint,797,1,1,50.21090506831965,45.75601277623391
test,paper_eq1,797,3,1,1.5569397974201638,0.11196516433706809
test,mask_pca,797,3,1,1.9920626704604563,0.14533405223801898
test,cej_int_midpoint,797,3,1,1.9381995266429874,0.16803182533049094
test,paper_eq1,799,0,1,23.54405001745429,24.343839273961652
test,mask_pca,799,0,1,23.241656988819386,25.028100402950205
test,cej_int_midpoint,799,0,1,27.83132023443638,25.181660812665434
test,paper_eq1,799,1,1,26.822777008500857,30.846536742684123
test,mask_pca,799,1,1,28.107815741392645,31.028635782134266
test,cej_int_midpoint,799,1,1,28.210029081289335,31.05028275215322
test,paper_eq1,799,2,1,29.473562753440756,37.38887599547552
test,mask_pca,799,2,1,29.61928272001839,37.566027953158006
test,cej_int_midpoint,799,2,1,29.58458862817961,37.53428407590239
test,paper_eq1,799,3,1,86.12328987169732,22.67385077119884
test,mask_pca,799,3,1,10.528754211904435,22.647297015914592
test,cej_int_midpoint,799,3,1,35.52383976240387,22.655391687599995
test,paper_eq1,804,0,1,60.446969510916894,59.37362234917257
test,mask_pca,804,0,1,62.05784280016458,60.67123864242888
test,cej_int_midpoint,804,0,1,60.90944343216502,60.59262487783518
test,paper_eq1,804,1,1,62.16068451575156,65.65415256618132
test,mask_pca,804,1,1,63.13498499466734,66.75540842752015
test,cej_int_midpoint,804,1,1,63.15326611151778,66.75760600078583
test,paper_eq1,804,2,1,66.98109403736436,65.99282965834459
test,mask_pca,804,2,1,67.31819391592026,66.41261885517788
test,cej_int_midpoint,804,2,1,67.29572579262036,66.38662392353916
test,paper_eq1,804,3,1,50.28384405781473,54.98973757733652
test,mask_pca,804,3,1,51.952624455880084,56.33518259459003
test,cej_int_midpoint,804,3,1,51.95594532334382,56.15188654965083
test,paper_eq1,808,0,1,9.241734651516047,12.97674428224928
test,mask_pca,808,0,1,9.512939760052385,13.204294728160122
test,cej_int_midpoint,808,0,1,13.414569408585189,13.237934335825022
test,paper_eq1,808,1,1,13.043582963403944,18.508948043769905
test,mask_pca,808,1,1,13.890983099472745,19.069801005478087
test,cej_int_midpoint,808,1,1,13.890373059932257,19.060852016599128
test,paper_eq1,808,2,1,3.095976616118705,59.016913969228334
test,mask_pca,808,2,1,3.1379016427016397,22.43989150416698
test,cej_int_midpoint,808,2,1,3.11289819743006,46.1529736344595
test,paper_eq1,81,0,1,84.68040028768846,60.067541006444614
test,mask_pca,81,0,1,81.65488620988101,60.50542175724175
test,cej_int_midpoint,81,0,1,83.71133860802922,60.59253981613425
test,paper_eq1,81,1,1,30.47949919762939,30.249331077422276
test,mask_pca,81,1,1,31.03719478168555,31.02575787193535
test,cej_int_midpoint,81,1,1,30.880333471988685,30.932185267348476
test,paper_eq1,81,2,1,40.49444905574447,21.272878473760766
test,mask_pca,81,2,1,40.960865908373265,25.20818525950229
test,cej_int_midpoint,81,2,1,38.57852813539815,41.89874218538265
test,paper_eq1,810,0,1,28.14960193266402,40.52127306067466
test,mask_pca,810,0,1,28.693814938017603,27.644301323710817
test,cej_int_midpoint,810,0,1,28.68995724394241,34.454542100947975
test,paper_eq1,810,1,1,43.26723318358713,45.32946316583122
test,mask_pca,810,1,1,43.51640920002104,45.831681835703925
test,cej_int_midpoint,810,1,1,43.42062410709652,45.77312260747178
test,paper_eq1,810,2,1,37.347444304884725,39.738725883799724
test,mask_pca,810,2,1,37.42749696543006,39.791037856177056
test,cej_int_midpoint,810,2,1,37.45919499553456,39.88715033110671
test,paper_eq1,810,3,1,23.225088373949102,26.50291581184721
test,mask_pca,810,3,1,23.401436251567322,26.727357997110513
test,cej_int_midpoint,810,3,1,22.519840619594937,26.88378872763367
test,paper_eq1,811,0,1,47.432761713065055,26.937036514724287
test,mask_pca,811,0,1,28.184566118487126,27.532386899238304
test,cej_int_midpoint,811,0,1,38.512674888648554,27.39599298095335
test,paper_eq1,811,1,1,21.77245862965778,48.165406332029555
test,mask_pca,811,1,1,23.091650899901886,29.66873234260315
test,cej_int_midpoint,811,1,1,23.27229360653566,40.79808027869946
test,paper_eq1,811,2,1,23.970307506597134,23.110735777919682
test,mask_pca,811,2,1,24.13751256978924,23.359988939105563
test,cej_int_midpoint,811,2,1,24.15547655753888,23.477470413451524
test,paper_eq1,811,3,1,34.703393240241084,62.134965717765525
test,mask_pca,811,3,1,34.53009505808841,67.89827795000423
test,cej_int_midpoint,811,3,1,34.703393240241084,68.02741454470906
test,paper_eq1,851,1,1,14.84556909240399,14.03852351556501
test,mask_pca,851,1,1,15.957179307652563,14.946000296945078
test,cej_int_midpoint,851,1,1,0.2153514815033583,15.013972481639057
test,paper_eq1,851,2,0,14.02554596813138,0.8307968666878089
test,paper_eq1,851,2,1,21.882971775736806,6.034628017186463
test,mask_pca,851,2,0,13.948640958733513,1.2882496161325274
test,mask_pca,851,2,1,24.21268538451278,6.51442324559854
test,cej_int_midpoint,851,2,0,13.974374764055739,1.376347255774874
test,cej_int_midpoint,851,2,1,25.004089813462787,6.395611075201324
test,paper_eq1,851,3,1,10.824894834775046,9.079381522647436
test,mask_pca,851,3,1,11.001490088416242,9.347945220295998
test,cej_int_midpoint,851,3,1,11.223462571929044,9.233380161122946
test,mask_pca,851,4,1,11.125765892819247,0.896804351675704
test,paper_eq1,852,0,0,5.13202950763403,2.184890052362857
test,paper_eq1,852,0,1,4.704927923120228,1.822294376148581
test,mask_pca,852,0,0,5.403637574199153,2.194898497621616
test,mask_pca,852,0,1,4.967976998389771,2.066396375816367
test,cej_int_midpoint,852,0,0,5.617850506316327,2.1787790620963294
test,cej_int_midpoint,852,0,1,4.829554350690284,2.3517297241391506
test,paper_eq1,854,0,1,3.627966538324616,3.1430216989618938
test,mask_pca,854,0,1,3.56939290159459,3.204933345935701
test,cej_int_midpoint,854,0,1,3.4958015263259026,3.2097861266512027
test,paper_eq1,854,1,1,3.590418019693213,7.199077572933129
test,mask_pca,854,1,1,3.4250706413349032,7.191153437661714
test,cej_int_midpoint,854,1,1,3.6044390058615337,7.192606823900742
test,mask_pca,854,2,1,7.056705052507574,1.7317139274578608
test,paper_eq1,859,0,1,41.57177777030878,41.40871040347875
test,mask_pca,859,0,1,42.07263334135855,42.032904284768925
test,cej_int_midpoint,859,0,1,42.06132245741961,42.05244674855736
test,paper_eq1,859,1,1,23.627480727805423,24.089624309080957
test,mask_pca,859,1,1,23.771618873340376,24.220725654322933
test,cej_int_midpoint,859,1,1,23.844129074563842,24.274701030624644
test,paper_eq1,859,2,1,22.51640236842251,30.23465878265607
test,mask_pca,859,2,1,20.8664364305738,30.35818350479082
test,cej_int_midpoint,859,2,1,29.171285553192483,30.37859884444294
test,paper_eq1,87,0,1,36.069367295068425,38.302625110933725
test,mask_pca,87,0,1,36.32258981881729,38.673971187668556
test,cej_int_midpoint,87,0,1,36.40469998723589,38.75392013908074
test,paper_eq1,87,1,1,45.14035956716281,61.83478434893569
test,mask_pca,87,1,1,47.351683618080095,46.11717149356227
test,cej_int_midpoint,87,1,1,47.58110763165242,55.55983451367836
test,paper_eq1,87,2,1,48.50881849731804,36.56877368382916
test,mask_pca,87,2,1,48.69850528750595,37.02716975931006
test,cej_int_midpoint,87,2,1,48.6287553392852,37.062532427152924
test,paper_eq1,87,3,1,41.11290569166745,39.249344723128665
test,mask_pca,87,3,1,41.28824738392281,39.2558015590575
test,cej_int_midpoint,87,3,1,41.262208050556474,39.25460417256263
test,paper_eq1,881,0,1,26.59286465688987,69.92901882509705
test,mask_pca,881,0,1,27.393488820479877,65.35431712594581
test,cej_int_midpoint,881,0,1,27.553951876571244,67.1487078711805
test,paper_eq1,881,1,1,50.69058153048934,44.44111048117552
test,mask_pca,881,1,1,38.218249189184625,32.3210057066583
test,cej_int_midpoint,881,1,1,45.88744579737888,38.15968567377768
test,paper_eq1,881,2,1,75.40905103997353,58.89093722751516
test,mask_pca,881,2,1,76.31958154428511,59.58087325328408
test,cej_int_midpoint,881,2,1,76.33282079291811,59.454686090670464
test,paper_eq1,881,3,1,57.135735704457524,20.185863761809784
test,mask_pca,881,3,1,57.25961078721211,20.03835953563718
test,cej_int_midpoint,881,3,1,57.243521093126006,20.046912582080044
test,paper_eq1,881,5,1,31.44711607350001,46.236006281680154
test,mask_pca,881,5,1,34.195616293432096,47.226681075898796
test,cej_int_midpoint,881,5,1,34.36723748362693,49.51516498357726
test,paper_eq1,884,1,0,8.838735512438184,9.435688251336455
test,paper_eq1,884,1,1,12.502404951449861,0.371998180601538
test,mask_pca,884,1,0,9.239466763641234,9.686055106006211
test,mask_pca,884,1,1,12.510885640223604,0.4597219758899428
test,cej_int_midpoint,884,1,0,9.478249302469639,9.577339726460153
test,cej_int_midpoint,884,1,1,12.501800397867822,0.5123851515060287
test,paper_eq1,885,0,1,4.613310612133095,4.824793446669894
test,mask_pca,885,0,1,5.382815413841016,4.665238078155603
test,cej_int_midpoint,885,0,1,1.4904796592525802,4.543382273956007
test,paper_eq1,885,1,0,9.331121254986904,12.443500796361983
test,paper_eq1,885,1,1,11.44680019757785,8.209554135197086
test,mask_pca,885,1,0,9.148644800792932,12.25487668918641
test,mask_pca,885,1,1,11.988299869622326,8.534754349234777
test,cej_int_midpoint,885,1,0,9.30903216211157,12.39571301030717
test,cej_int_midpoint,885,1,1,12.438767833226242,8.80642629505449
test,paper_eq1,885,2,0,14.610022104117352,17.027401132505528
test,paper_eq1,885,2,1,8.398823082830171,8.168745060170554
test,mask_pca,885,2,0,14.387164646976707,16.912889888866143
test,mask_pca,885,2,1,8.42715565391033,8.709779499320184
test,cej_int_midpoint,885,2,0,14.831519547169107,17.21283037511586
test,cej_int_midpoint,885,2,1,8.466623062086159,9.333139803696334
test,paper_eq1,887,0,1,83.82328782108793,79.27126497079452
test,mask_pca,887,0,1,86.06993721609535,75.8659012654536
test,cej_int_midpoint,887,0,1,83.88477725532717,77.2820429516431
test,paper_eq1,887,1,1,48.543971769518635,48.378906915929136
test,mask_pca,887,1,1,49.710104553302244,49.282095545715734
test,cej_int_midpoint,887,1,1,49.96825726267268,49.32213594606138
test,paper_eq1,887,2,1,52.96904541382145,52.573273430522946
test,mask_pca,887,2,1,53.43192324241082,52.77408223460062
test,cej_int_midpoint,887,2,1,53.382495831815504,52.800122369505395
test,paper_eq1,890,0,1,33.23387450073267,25.118298362049075
test,mask_pca,890,0,1,34.4380772990355,31.581550791240716
test,cej_int_midpoint,890,0,1,14.348147727434396,32.645780578389996
test,paper_eq1,890,1,0,32.991995666973814,37.89656528798061
test,paper_eq1,890,1,1,34.10527953498195,36.76725514543101
test,mask_pca,890,1,0,33.608906507671584,38.81520984811602
test,mask_pca,890,1,1,35.19909936251517,37.660678445247
test,cej_int_midpoint,890,1,0,33.39865982152072,38.61677056158386
test,cej_int_midpoint,890,1,1,35.654488653413594,37.91460361430828
test,paper_eq1,890,2,1,22.654262182278657,28.233368828778083
test,mask_pca,890,2,1,22.57493489289156,28.222475226093856
test,cej_int_midpoint,890,2,1,22.739398780439863,28.23368064213091
test,paper_eq1,892,0,1,49.62617829896947,48.240540757956005
test,mask_pca,892,0,1,49.82298996851722,58.3854998107878
test,cej_int_midpoint,892,0,1,49.25034851991043,63.81754938976646
test,paper_eq1,892,1,1,31.305150663946257,32.059018988203306
test,mask_pca,892,1,1,32.576881847394276,32.92979259370705
test,cej_int_midpoint,892,1,1,32.87154965631681,33.06082418364952
test,paper_eq1,892,2,1,24.114324849616093,21.456721739554123
test,mask_pca,892,2,1,24.463443433395536,21.814210822217397
test,cej_int_midpoint,892,2,1,24.509135869658483,21.93831480576198
test,paper_eq1,892,3,1,39.21133566373744,50.07663718714175
test,mask_pca,892,3,1,39.35295598493709,38.133062875562395
test,cej_int_midpoint,892,3,1,39.87779030349931,33.80248573265146
test,paper_eq1,893,0,0,5.780508864586056,6.052574479646617
test,paper_eq1,893,0,1,12.666436936590769,9.893412253727028
test,mask_pca,893,0,0,5.7900744923416525,6.041482778805162
test,mask_pca,893,0,1,13.35574153753164,10.296913371981361
test,cej_int_midpoint,893,0,0,5.779007720661093,6.049884767333191
test,cej_int_midpoint,893,0,1,13.778458151144715,10.528812587847042
test,paper_eq1,893,1,1,7.242254496375241,5.263317386882913
test,mask_pca,893,1,1,7.242449619691646,5.2704132333354705
test,cej_int_midpoint,893,1,1,7.2423113464007125,5.278743847091253
test,paper_eq1,896,0,1,57.59800927754162,52.298164874005124
test,mask_pca,896,0,1,59.37238093099522,54.29253763783714
test,cej_int_midpoint,896,0,1,59.57105318912495,54.222113292824325
test,paper_eq1,896,1,1,96.56574779013548,100.0
test,mask_pca,896,1,1,93.86790640369092,15.509429358429594
test,cej_int_midpoint,896,1,1,95.82024507612705,67.09855521540462
test,paper_eq1,896,2,1,56.58161491198671,4.592316072563539
test,mask_pca,896,2,1,62.314183865248495,4.888387010033796
test,cej_int_midpoint,896,2,1,61.702138561288876,4.811700936375586
test,paper_eq1,904,1,1,42.22325108565697,45.645437180804855
test,mask_pca,904,1,1,43.7960364214344,37.65339666917229
test,cej_int_midpoint,904,1,1,46.34982808951538,52.92503753488829
test,paper_eq1,904,2,1,62.66413201535323,49.76997849045215
test,mask_pca,904,2,1,64.46420266020945,45.48639243437716
test,paper_eq1,904,3,1,3.11562658263703,2.924351059865643
test,mask_pca,904,3,1,4.395329032662406,5.13982274676717
test,cej_int_midpoint,904,3,1,5.1921214083860665,7.672772107364128
test,paper_eq1,907,0,1,30.541743827364144,5.016949197075494
test,mask_pca,907,0,1,31.970510408535667,5.075621062935406
test,cej_int_midpoint,907,0,1,32.13691726555126,5.09811740391219
test,paper_eq1,907,1,1,56.37390425678098,9.072472828942086
test,mask_pca,907,1,1,57.29386262682444,9.315858561400109
test,cej_int_midpoint,907,1,1,57.43691748367611,9.32725153067862
test,paper_eq1,907,2,1,20.37551739983259,25.493871455702426
test,mask_pca,907,2,1,20.61429750448167,25.764325577377495
test,cej_int_midpoint,907,2,1,20.62893278793667,25.666704432889876
test,paper_eq1,913,0,1,24.410492962509604,22.761758647233574
test,mask_pca,913,0,1,25.042333021042552,22.873981260987513
test,cej_int_midpoint,913,0,1,25.208712553320144,22.70925478032691
test,paper_eq1,915,0,1,68.6825412921509,64.69061583834069
test,mask_pca,915,0,1,59.8961929129875,58.120452186117745
test,cej_int_midpoint,915,0,1,72.72582219094576,68.157715985794
test,paper_eq1,915,2,1,27.78364510308446,44.25444082909624
test,mask_pca,915,2,1,17.424933882124712,35.71903544542195
test,cej_int_midpoint,915,2,1,67.89316462831194,92.67811292363646
test,paper_eq1,930,0,1,25.539007255883345,20.86788090940389
test,mask_pca,930,0,1,27.33121644688411,22.57859114379048
test,cej_int_midpoint,930,0,1,43.846083360541606,22.70990594587764
test,paper_eq1,930,1,1,25.822204052525127,25.34448564114899
test,mask_pca,930,1,1,31.483753266336343,30.911523377401313
test,cej_int_midpoint,930,1,1,33.10510597653659,32.28648948829907
test,paper_eq1,930,2,0,33.72886710870265,66.74415825031701
test,paper_eq1,930,2,1,36.80776179093588,27.61345386096129
test,mask_pca,930,2,0,34.75588658873169,47.98055537034117
test,mask_pca,930,2,1,40.16651218458598,39.869428629798584
test,cej_int_midpoint,930,2,0,34.3379750253557,60.3792625476637
test,cej_int_midpoint,930,2,1,41.16274982259671,52.1798107001877
test,paper_eq1,938,1,1,6.64876842917094,7.748227946659846
test,mask_pca,938,1,1,8.05335813082147,7.770640760837947
test,cej_int_midpoint,938,1,1,10.948065560980307,7.771178521966047
test,paper_eq1,938,2,1,6.437365378747904,69.2964539015345
test,mask_pca,938,2,1,6.079708642128615,13.21952975795922
test,cej_int_midpoint,938,2,1,6.353905266765281,54.82810169260615
test,paper_eq1,938,3,0,5.180267696202628,5.202940205395623
test,paper_eq1,938,3,1,16.34533896392825,13.929431874352382
test,mask_pca,938,3,0,5.284600955546986,5.349559013171168
test,mask_pca,938,3,1,16.385206006143157,13.931655602161324
test,cej_int_midpoint,938,3,0,5.242826200906313,5.320089453680656
test,cej_int_midpoint,938,3,1,16.553678167273254,13.943501941346707
test,paper_eq1,944,1,1,8.175673468072286,9.843407575071364
test,mask_pca,944,1,1,8.140998436491827,10.12146394358977
test,cej_int_midpoint,944,1,1,8.168176304452006,9.989250668217515
test,paper_eq1,944,2,1,6.854643534089074,14.746391336793033
test,mask_pca,944,2,1,6.91454788197977,14.732505082575056
test,cej_int_midpoint,944,2,1,6.944798508639203,14.73299933189308
test,paper_eq1,944,3,0,6.278949004276366,3.70455812788123
test,mask_pca,944,3,0,6.317675156806709,3.532365322743526
test,cej_int_midpoint,944,3,0,6.371151688172873,3.1925306210571622
test,paper_eq1,944,4,1,0.5685039589824099,4.354169088060455
test,mask_pca,944,4,1,0.04968283988721077,4.302835292403536
test,cej_int_midpoint,944,4,1,0.0027006527202180198,7.0040847252011265
test,paper_eq1,946,0,0,14.707191454001855,11.03666625848076
test,paper_eq1,946,0,1,6.79155957291994,0.282943644892841
test,mask_pca,946,0,0,14.89987416200658,11.368965198075093
test,mask_pca,946,0,1,7.207096782268707,0.41141274968026315
test,cej_int_midpoint,946,0,0,14.791433773354468,11.272938635214384
test,cej_int_midpoint,946,0,1,7.412073065267591,0.444832181479907
test,paper_eq1,946,1,0,8.353580503086748,9.210677519759987
test,paper_eq1,946,1,1,7.380633262885712,4.112104410570589
test,mask_pca,946,1,0,8.349450723592238,8.992374586991826
test,mask_pca,946,1,1,7.566827377821063,4.305791724432925
test,cej_int_midpoint,946,1,0,8.351563701468338,9.304101214238068
test,cej_int_midpoint,946,1,1,7.670938064706631,4.665779883236949
test,paper_eq1,947,0,1,10.446849712410806,14.006204070140448
test,mask_pca,947,0,1,10.358082019522994,14.039833499225773
test,cej_int_midpoint,947,0,1,10.70876056037284,14.03759589719785
test,paper_eq1,947,1,0,3.2700402102666994,21.212785772342958
test,paper_eq1,947,1,1,9.554426320516,11.171524737005175
test,mask_pca,947,1,0,3.9310364820280363,21.136920751775882
test,mask_pca,947,1,1,9.506244095719103,11.300450730630352
test,cej_int_midpoint,947,1,0,4.751586465369476,21.390361759138443
test,cej_int_midpoint,947,1,1,9.572428395858612,11.267681104806853
test,paper_eq1,947,2,0,4.602674380375083,7.697346732673566
test,mask_pca,947,2,0,5.575932792028737,9.70395559838151
test,cej_int_midpoint,947,2,0,6.049484721488896,9.60826327151046
test,paper_eq1,961,1,0,3.9798090705393863,1.5765935484449194
test,paper_eq1,961,1,1,19.896974917906256,12.971978445751
test,mask_pca,961,1,0,3.8964808370902917,1.4238708683538472
test,mask_pca,961,1,1,20.24945014315033,13.51228954371359
test,cej_int_midpoint,961,1,0,3.9275068249316147,1.4173602751036039
test,cej_int_midpoint,961,1,1,20.354133453783607,13.49820115185123
test,paper_eq1,973,0,1,11.828851220290229,13.705237535675236
test,mask_pca,973,0,1,11.963811153754044,13.972549939540189
test,cej_int_midpoint,973,0,1,11.895830743825138,13.887734078071832
test,paper_eq1,973,1,0,12.266147499156869,12.545096506959236
test,paper_eq1,973,1,1,10.47970700594334,12.42533185541434
test,mask_pca,973,1,0,12.554979733625233,12.790428727134964
test,mask_pca,973,1,1,10.269611894683997,12.357211747850565
test,cej_int_midpoint,973,1,0,12.904241293461116,13.099493014582913
test,cej_int_midpoint,973,1,1,10.558208014483302,12.420001780809054
test,paper_eq1,973,2,1,12.699430314039395,43.92372625034481
test,mask_pca,973,2,1,12.566211755309528,30.295279947268998
test,cej_int_midpoint,973,2,1,12.712004138208451,86.48050603964364
test,paper_eq1,973,3,1,12.881935242879633,15.96416603092939
test,mask_pca,973,3,1,13.942799123659025,18.071926618669227
test,cej_int_midpoint,973,3,1,14.834371347261479,19.935756520592133
test,paper_eq1,975,0,0,10.031174928644262,12.705347011220491
test,paper_eq1,975,0,1,16.24581735310891,5.745471256839846
test,mask_pca,975,0,0,9.897117325099188,12.719675283845062
test,mask_pca,975,0,1,15.798406539368404,5.353085274382535
test,cej_int_midpoint,975,0,0,9.841111833568931,12.678559030197395
test,cej_int_midpoint,975,0,1,16.059171254726618,3.3182440967195643
test,paper_eq1,975,1,1,70.59190531129791,9.07165725392313
test,mask_pca,975,1,1,23.404816142000666,8.944590775379215
test,cej_int_midpoint,975,1,1,59.494967140193275,9.308472469895342
test,paper_eq1,976,0,0,8.264266591342116,7.498154784078796
test,paper_eq1,976,0,1,8.802038563200574,10.031650376261348
test,mask_pca,976,0,0,8.194174036172601,7.36479723776879
test,mask_pca,976,0,1,9.111528036506837,10.245311638431978
test,cej_int_midpoint,976,0,0,8.266780889027682,7.492635793840365
test,cej_int_midpoint,976,0,1,9.296661188576136,10.35541704287906
test,paper_eq1,976,1,1,15.131846220202345,14.670677696891286
test,mask_pca,976,1,1,15.02574452603479,14.919204108784998
test,cej_int_midpoint,976,1,1,15.080567157254032,14.834821566554105
test,paper_eq1,984,0,1,7.425454759819537,7.562650506551067
test,mask_pca,984,0,1,7.581578022754462,7.686447064091961
test,cej_int_midpoint,984,0,1,7.582855942241798,7.668547414363015
test,paper_eq1,984,1,1,14.258753994089604,11.999623612394975
test,mask_pca,984,1,1,14.300522005824675,12.066642180329081
test,cej_int_midpoint,984,1,1,14.884295680944696,11.984442230066337
test,paper_eq1,984,2,1,2.620413281013991,3.282699492449554
test,mask_pca,984,2,1,2.877720973337569,3.464552033094672
test,cej_int_midpoint,984,2,1,0.48235918798294425,4.240898617525798
test,paper_eq1,988,0,1,7.674064974159747,5.514296461419011
test,mask_pca,988,0,1,7.568018201319648,5.584591847990821
test,cej_int_midpoint,988,0,1,7.689343821448248,5.525475176797247
test,mask_pca,988,2,1,1.625665090197626,1.695358255363186
test,paper_eq1,988,3,1,5.122804736593646,9.304817514183359
test,mask_pca,988,3,1,5.384560969077525,9.698933597364944
test,cej_int_midpoint,988,3,1,5.522096231865334,9.796405646722924
test,paper_eq1,993,0,1,1.1344304344810856,3.2001375140091506
test,mask_pca,993,0,1,0.741888789177258,3.3537955853894768
test,cej_int_midpoint,993,0,1,0.4713776568865118,3.4499979817259088
test,paper_eq1,993,1,0,8.911674053433277,8.799164119824205
test,paper_eq1,993,1,1,4.022830377634208,9.667066327278114
test,mask_pca,993,1,0,9.358370869013937,8.853510029360255
test,mask_pca,993,1,1,4.1150107243489185,10.921219699734024
test,cej_int_midpoint,993,1,0,9.404309228105314,8.815322256338757
test,cej_int_midpoint,993,1,1,4.106935685897796,11.74828874211626
test,paper_eq1,993,2,0,2.26741951964473,5.035492763597215
test,mask_pca,993,2,0,2.246841667946193,4.969229207184245
test,mask_pca,993,2,1,7.097886408421081,1.2461899026770298
test,cej_int_midpoint,993,2,0,2.201165556003678,6.583477932508232
test,paper_eq1,998,1,0,10.288891096979336,14.780380009706759
test,paper_eq1,998,1,1,0.42025862632527183,5.042571223374435
test,mask_pca,998,1,0,10.290578742615622,14.686169582715792
test,mask_pca,998,1,1,0.32433865182149546,5.181913860225384
test,cej_int_midpoint,998,1,0,10.2895865036074,14.792335931014744
test,cej_int_midpoint,998,1,1,0.2802722881514897,5.429849110784931
test,mask_pca,998,2,1,6.178116795667165,8.121762197300018
test,paper_eq1,998,3,1,6.6934876237583225,12.45568055372178
test,mask_pca,998,3,1,6.7190333421168456,12.57449846522651
test,cej_int_midpoint,998,3,1,6.7053787852896285,12.551104626032405
test,paper_eq1,998,4,1,5.272072224755505,11.631288838140295
test,mask_pca,998,4,1,5.363875940455551,11.805835537923375
test,cej_int_midpoint,998,4,1,5.682895232285447,11.752031633999323
