split,stem,tooth_idx,slot,paper_eq1,mask_pca,cej_int_midpoint
train,10,0,1,56.37372612174318,42.92148037037008,48.687029209187
train,10,1,1,81.4822145329346,81.78508910059065,81.6973307243226
train,10,2,1,44.42258309633081,46.55813501695516,46.5991119319298
train,10,3,1,43.576125133833735,43.944800366069174,45.64433090842375
train,1001,0,0,6.637346076675235,6.722184594550132,6.659703834152745
train,1001,0,1,8.853029672075525,10.07106454853922,10.773312650422843
train,1001,1,1,6.731808206278222,7.257177735471883,3.5127338646366906
train,1001,2,1,3.6910969929780837,3.9465832780729753,4.066372982541874
train,1003,0,1,6.04964684857206,5.935434453071904,6.171472838949763
train,1003,1,1,14.702352639116215,15.281397132581024,15.131699792214013
train,1003,2,1,91.32774302291868,8.466343051444506,61.2377576016194
train,1005,0,1,9.128195958743785,9.66615469963261,9.793387253156869
train,1005,1,1,9.45920510020057,9.693064726801506,9.665745558348071
train,1005,2,1,1.408621748340559,1.478339101313414,1.6497110790886826
train,1005,3,1,1.880576804093171,1.8142835021558632,1.9492746771900302
train,1008,0,0,2.3660585969843226,2.3070439841371777,2.3214906217118405
train,1008,0,1,14.669983201887854,16.073559047603904,16.484441804424062
train,1008,1,1,36.64207005675736,39.811799089344476,34.45072401686949
train,1008,2,0,33.857834483965995,34.51752213745301,34.49195318875698
train,1008,2,1,10.42993010114779,12.63857224718739,12.677807689595975
train,1009,1,1,3.291213335655795,3.441845298509674,3.2573723311957536
train,1009,2,1,97.07796571413282,97.40932034542685,97.29811860836176
train,1009,3,1,17.810631221379023,17.82811158915447,17.819174333125464
train,101,0,1,100.0,97.24662020737301,97.99421473589817
train,101,1,0,100.0,100.0,100.0
train,101,1,1,44.68433723651865,45.547217316255924,45.63488914877267
train,1010,0,1,,,4.96134552671064
train,1010,1,1,1.1578166027507144,1.2870444052200865,1.615106532696347
train,1010,2,1,3.505551538490011,3.4622192262527696,3.4535279234933722
train,1011,1,1,2.0106655913608473,2.1040650750968157,0.11530862226575594
train,1011,2,1,7.270013359941357,9.11665306739607,8.822921767100954
train,1011,3,1,6.705314398320001,6.732797851365296,7.476667855625009
train,1011,4,0,5.685739101600941,5.870728367531684,6.076753115105124
train,1011,4,1,10.919698716495542,10.874018434952609,10.965181941398216
train,1012,0,1,0.6297376570975316,0.2827412724723119,0.30277276624496097
train,1012,1,1,83.22616687354653,12.046558202362434,70.21833915688518
train,1014,0,1,5.941936830370365,5.991998815239649,5.986187467501071
train,1014,1,1,3.4814656882271144,3.067281484806601,4.102961231626886
train,1014,2,0,4.056932615365281,4.1551781727264,4.6630639407649745
train,1014,2,1,2.8872637117355913,2.721306327674315,3.107150343129333
train,1015,0,1,21.10199364368442,22.059147981344747,22.004832740255274
train,1015,1,1,13.252112486143256,13.948358603762134,11.374967060868782
train,1015,2,1,16.5456945295236,16.87793632822842,16.947083354419192
train,1016,1,0,3.6718012941055673,3.9840419547510284,3.9085809179326936
train,1016,1,1,2.567033366199303,2.80022300168238,2.8724194359724966
train,1016,2,1,5.504669434562823,5.7315209969447265,5.827787937590665
train,1016,3,1,10.449947307883779,11.117276754159628,11.38848024194564
train,1017,0,1,5.826342412471554,6.0703267834218915,6.077515064452286
train,1017,1,0,7.00052646947186,6.614507434422275,7.055286536098021
train,1017,1,1,10.00927486575376,10.005029716098257,9.988710357567195
train,1017,2,1,14.717371488351633,14.811001421760874,14.79155055197801
train,1018,1,0,11.92938307780214,11.97738189649527,12.138457085273629
train,1018,1,1,11.149864451579758,11.121308454905146,11.165615819319266
train,1018,2,0,8.432984592844846,8.54706161076114,8.507414679516222
train,1018,2,1,5.390625508035436,5.433186517847063,5.460552358989943
train,1019,0,0,3.450346238258585,3.533978012115324,2.942186062519171
train,1019,0,1,3.175025790487989,2.9690923228823904,
train,1019,1,0,4.8167776551450245,4.819842866328524,4.805640050336674
train,1019,1,1,2.736488462959571,3.050646944173879,3.2074047064151348
train,1019,2,1,7.607876967222378,7.687239685828981,7.690714646031399
train,1020,0,1,7.118621102773876,,
train,1020,1,0,6.164760053117904,6.329938299711299,6.802288895063589
train,1020,1,1,13.267256782173872,13.217469933240206,13.277461473774801
train,1023,1,1,7.058832103177679,8.065526121072274,
train,1023,2,0,7.426269421070924,7.5988669308786285,7.444389734974706
train,1023,2,1,0.31779192938491213,0.16362344082983055,0.03157561845551115
train,1023,3,1,7.1121371953921635,7.5419592753373,7.591631243077912
train,1024,1,1,69.0912082635783,70.88788559421133,71.07935701004142
train,1024,2,1,92.50003326227994,93.16915004947668,93.21660354204097
train,1024,3,1,60.757210481121135,60.96297696549067,60.956167172700084
train,1024,4,1,91.94802795632843,91.32811617334865,92.31411459448611
train,1025,0,1,8.325854286261169,8.191302231333559,8.591337575826032
train,1025,1,1,10.346812339080406,10.168488744540921,10.295158243929126
train,1025,2,1,78.00258822156225,21.80576824350046,68.13094459384816
train,1025,3,0,8.071424569855862,8.349050484524774,8.473921458772208
train,1025,3,1,2.588464097571872,2.48051117090199,2.5141267074115756
train,1029,0,1,7.178230045348386,8.032332811359653,9.468784954425573
train,1029,1,1,,3.9841035240532037,
train,1030,0,1,7.463031009196039,7.484444646157036,7.0457321297570665
train,1030,1,1,9.90090596136825,9.891799303023879,9.896090304091063
train,1030,2,0,3.271424336058198,3.4248352047690416,3.5737018634338416
train,1030,2,1,10.67991519352642,10.471015723610295,10.640007891261979
train,1031,1,1,48.93426140808805,49.01545954688825,48.97751286213217
train,1031,2,1,,69.26335826447765,94.28297667533006
train,1031,3,1,10.721555517644125,14.447088890109974,12.923529777280157
train,1032,1,0,8.74163135090936,8.839162300475996,8.743957051367488
train,1032,1,1,3.2558115638835603,3.772453643641488,4.714182355016585
train,1032,2,0,6.004661594288919,6.386068708302391,6.060929191156058
train,1033,1,0,17.928946032895166,17.900878619964427,18.019673316549206
train,1033,1,1,7.808104520509247,8.044563274766595,8.107847029756266
train,1033,2,1,14.51717249844907,14.827823581045754,14.88395471424492
train,1033,3,1,20.453172846553556,22.24271719845559,21.805450437816152
train,1035,0,1,87.90315276224526,54.360685412931566,85.1149335849808
train,1035,1,1,8.953397749299018,9.135116261091298,9.090825841619361
train,1037,0,0,14.895347981882058,16.484060568016652,16.55399029529068
train,1037,0,1,6.922495153061066,7.071767065484469,7.063062163190498
train,1037,1,0,6.7714921455812425,6.6129455250685805,7.2954184276196905
train,1037,1,1,7.02668099048072,7.296322914434131,7.728668447616148
train,1038,0,0,19.045434384723787,19.354124066414734,19.30105938428819
train,1038,0,1,21.343487750576855,21.527478004625276,21.583087177572114
train,1038,1,1,84.26133094005968,21.922127716615915,68.65845723691032
train,1038,2,1,92.92649170363417,16.281149139612427,65.38623311123962
train,1038,3,1,29.91339604385171,29.959466576666,29.919903794011717
train,1040,0,0,8.505376247432919,8.720487555652696,8.638221263121613
train,1040,0,1,7.189643180538938,7.563609070116027,7.705778357573773
train,1040,1,1,9.569632267116202,9.573919455959734,9.596299525526993
train,1041,0,1,3.6796171812580685,5.9168972077074065,7.679366612639396
train,1041,1,1,2.833478596381579,2.9126687325117784,2.932663078343371
train,1041,2,0,7.102961395093489,6.816978896230398,7.0771558084530675
train,1041,2,1,9.553628747862922,9.795145289234831,10.048873871116346
train,1041,3,1,2.401453160267333,2.410969904323749,2.4999564854225307
train,1043,0,1,72.24972056203876,18.819876807191363,53.30059361347992
train,1043,1,0,21.079529125300066,21.29523402477285,21.40144444125069
train,1043,1,1,13.078839225766997,13.763915856866129,13.644232897836735
train,1043,2,1,18.659505312149506,18.930977895448404,18.86931862875612
train,1043,4,1,15.216783910189651,15.204851539079979,15.217583075594721
train,1045,2,0,8.379478368207653,8.5394093273642,8.51234453116916
train,1045,2,1,4.210719928834408,4.2167579415698695,4.218844673668483
train,1046,1,0,7.9316719803256195,7.834463703910126,7.859529373720271
train,1046,1,1,8.398803416037682,8.67634797619314,8.747473711245272
train,1046,2,1,11.60442158760489,12.149938454583829,8.608451294132841
train,1047,0,1,15.888607155319765,15.809812306868992,16.3912830732287
train,1047,1,1,43.344657497877805,32.91194170504839,57.798325019430685
train,1049,0,1,28.30161873146453,28.5955884604056,28.540002367703515
train,1049,2,1,19.81926493916569,19.586893916932908,19.727325022016974
train,1049,3,1,15.553776162730626,16.43970415671534,16.46706473496813
train,1049,4,1,11.230392090617377,11.259415863452833,11.236062839896992
train,105,1,1,12.795225915458882,13.067689836672228,13.187356320638365
train,105,3,1,10.268670226851333,10.803823991357591,10.62555186413771
train,1050,0,1,24.300743438377356,24.76170796428504,24.663192998076397
train,1050,1,1,19.54211201053986,19.772014657660034,19.63566279629979
train,1050,2,1,5.363060975891564,5.262183398667866,13.563114639284224
train,1053,0,1,20.405724266769422,11.008259338146889,
train,1053,1,1,13.795162292805188,13.971309543361729,13.879907521127405
train,1056,0,1,10.931777014920511,12.608912425322943,11.604198881241853
train,1056,1,1,13.760557427750959,14.61097161697585,14.91165550519561
train,1056,2,1,14.89668454332113,15.51423410006206,15.532744307199467
train,1057,1,1,27.147098666391877,29.319825791479893,38.17974022188962
train,1057,2,1,18.01681283500698,18.323875008664093,18.314600253213943
train,1058,0,0,11.473240503442792,11.459228553380488,11.466678275933415
train,1058,0,1,8.024316651481346,8.148041803854241,8.181090799563465
train,1058,1,1,,19.627541655603125,
train,1058,2,0,15.057031632927236,15.05361486749742,15.055669513152855
train,1058,2,1,10.923760026001213,11.791169366820634,12.322147992925492
train,1060,0,1,8.532881469758816,8.377236698879855,11.720504575750406
train,1060,1,0,11.287131908136228,12.28674748081236,12.485301860621036
train,1060,1,1,4.926929165836004,4.914048367718329,4.916610734328638
train,1061,0,0,22.133762220605746,22.211721139534163,22.251863975653475
train,1061,0,1,21.7655991593013,20.962047911634414,21.23884970136764
train,1061,1,1,7.275780772133582,7.5098518105205985,7.498339728382036
train,1063,0,1,16.777722627515146,16.84603271528841,16.869043784727317
train,1063,1,1,43.79313477970215,25.873158381680078,56.61900473611815
train,1063,2,0,9.81254639864833,9.787455486248401,9.792991512752677
train,1063,2,1,18.71744267348033,19.167932912315084,19.26419023478071
train,1068,0,1,6.360053183014797,7.0407939466086855,3.381372105929913
train,1068,1,1,5.525991346756631,6.971422810685753,7.94446560209065
train,1068,2,1,7.238218994246154,7.249054881418464,7.258426534577225
train,1069,1,1,9.204885517593008,9.778973330412901,9.792272159617506
train,1069,2,1,5.195176234895482,5.451383705916661,5.265235648722524
train,1070,0,1,,3.6744492231051273,
train,1070,1,1,0.9470754659210616,1.502988513673586,6.277123966318725
train,1070,3,1,19.974845886999766,7.355431403723414,87.24408665394112
train,1072,0,0,11.226528180154048,11.290415620750368,11.253741046328685
train,1072,0,1,8.291884595910268,8.682306306933299,8.806170634064385
train,1072,1,1,12.55934485157536,12.82155231850331,12.843723606227675
train,1075,1,1,16.322554255598398,17.38095395899051,17.484876751896444
train,1077,0,1,15.866141953390219,15.982778436513744,13.290818979703719
train,1077,1,1,46.39950232284658,14.897440867733385,36.543957492072316
train,1077,2,1,12.070357080537587,12.204263594655268,13.191192175991425
train,1081,0,1,10.174932775615153,10.165335522380412,10.174327482158725
train,1081,3,1,38.83511667241682,12.674770554532563,84.28772030365712
train,1085,0,1,2.034045366130601,1.9974245451395953,1.9813997290345613
train,1085,1,1,0.5659246915051876,0.7116120373336926,0.9236825733753173
train,1085,2,1,70.14421929408545,25.103821463240717,58.802130672046715
train,1087,0,0,7.450309451045128,7.765471560021477,7.892899675103923
train,1087,0,1,5.319135305243016,5.27750000952074,5.301091474719859
train,1087,1,0,13.103528919193744,13.596673860712539,13.624842926145128
train,1087,1,1,10.437085371400807,10.466759451533296,10.463694166010773
train,1087,3,1,6.893352841211674,7.13113890468553,7.237271307789395
train,1089,0,1,77.4734993790528,18.900036514978797,62.67101453825927
train,1089,1,0,7.249736276478282,7.5785881093676135,7.587678334212502
train,1089,1,1,8.804968350617072,9.554418397336867,9.540951044724014
train,1090,0,1,55.1302816753676,13.662733802733214,43.03725559978193
train,1090,1,1,37.70983076382595,28.136171866069127,59.88449598879206
train,1090,2,0,18.427691664734095,18.564952714445372,18.540368918215858
train,1090,2,1,8.27568757086826,8.170122933498687,8.147365990368456
train,1090,4,1,8.827825553951438,8.838135958880045,8.830465961179428
train,1092,0,1,3.3616292225629523,3.3574622386571975,3.3628207028071544
train,1092,1,1,6.9451210670525345,6.863905042361979,6.911188255784745
train,1092,2,1,12.118417502041222,12.448655832719737,12.512957649018903
train,1092,3,1,11.145406698671504,11.34544286068936,11.423002946357633
train,1093,1,1,68.94347179237401,26.139972156331424,61.917096724425534
train,1093,2,0,11.452434262238073,11.634423876836797,11.780142199295694
train,1093,2,1,18.160287101684226,17.838902782478804,18.169642330907635
train,1094,0,1,1.30247334229211,1.28026999695501,1.3405325394395806
train,1094,1,1,62.83235854374467,13.500109671942134,38.670095088042466
train,1095,0,0,14.718745821949552,14.40254552607525,14.516750066391445
train,1095,0,1,9.263967118107066,9.23779196642102,9.226699163178072
train,1095,1,1,19.97113909554028,20.025219686853724,19.292869892969108
train,1095,2,1,10.316621792747002,10.624487223078631,10.603991002412672
train,1095,3,0,1.5597470628045753,1.5882558970330498,1.4839047774673113
train,1095,3,1,7.5917635857747605,10.339699947182828,18.72867726250491
train,1096,0,1,6.477239655498732,6.814871954805415,6.997028104574536
train,1096,1,1,4.520989278694993,4.811284634056791,4.819067243415233
train,1099,0,0,5.114470017804567,5.178762924845488,5.187853062323953
train,1099,0,1,4.481947236845672,4.530375217907833,4.524429196041539
train,1099,1,1,,4.687822804564755,
train,1099,3,1,3.6750891478858807,3.627115484846557,3.7354824741093777
train,110,0,1,30.360161941899623,30.950065295023617,31.161065873488404
train,110,1,1,45.77055379697229,47.50485808817791,47.71176472783748
train,110,2,0,47.67629072003827,48.08111182965009,47.860596856740926
train,110,2,1,40.827855166059884,41.7419423679357,42.438500024795104
train,110,3,1,21.26307100973742,22.429270928451032,22.67997241610302
train,110,4,1,32.15947226467376,32.96134827239946,32.81741845935375
train,1100,1,0,0.48008069025389477,0.3892770040857194,2.5560064574918306
train,1100,1,1,1.0355548069490266,0.9241869610190245,1.9493257521674883
train,1100,2,0,1.0540894264949947,1.0284074317157252,0.9263468030427192
train,1100,2,1,3.268328414477179,3.1936109896547764,3.4346074301813148
train,1104,0,1,4.5849790056845325,4.603304950038716,4.687835372101853
train,1104,1,1,7.922705323359478,7.786613170010166,7.912424950328094
train,1104,2,0,13.142863536915117,14.464770902590713,15.480505199831645
train,1104,2,1,12.46592364345035,12.364609857479975,12.418926251638071
train,1104,3,0,14.23364342632301,15.087581607693288,15.240666903192723
train,1104,3,1,21.01905523794019,22.048648099011544,21.872368845923624
train,1105,1,1,7.8213252249941645,7.8749135410512565,7.872409234812094
train,1105,2,1,7.700738686959953,7.726476593325941,7.346159352801412
train,1105,3,0,4.294679491681106,4.466631652786994,4.445042557919086
train,1105,3,1,2.3285986348061707,2.4995980096966095,2.518020278429823
train,1107,1,1,14.495194092272948,15.08411821893311,15.098764361329255
train,1107,2,1,,2.8288456617042557,
train,1107,3,1,1.3455492233234374,1.182014824704373,1.0664669722828388
train,1108,0,1,16.089114207502732,16.199358882909575,16.21247381238894
train,1108,1,1,13.769369960133243,13.812571550457273,13.809792128476332
train,1108,2,1,7.784090517773046,7.680389715150633,7.683097093753203
train,1109,0,0,12.205209655161662,13.042332264366138,13.550502740454986
train,1109,0,1,30.44737304965983,30.17107189347175,30.401612624732827
train,1109,1,1,78.11307661267722,32.200979724298584,65.46663987560703
train,1109,2,0,14.50780756988524,15.214665245578484,15.335758628511865
train,1109,2,1,17.489613534500254,17.53608248595943,17.512368272730995
train,1109,3,1,12.490768672226656,12.498892520252605,12.494325229022436
train,1111,0,1,11.399406453008366,30.975538291203197,45.65537948083171
train,1111,1,0,6.227009122822712,7.116046072959889,9.24463571914739
train,1111,1,1,6.474996152225277,6.46363830037495,7.931928429685499
train,1111,2,0,3.1946375543983816,3.648936799785537,3.85699925502802
train,1111,2,1,48.2019148730981,48.205413682579255,48.200017628949965
train,1114,0,1,15.834191193137737,15.849621952643444,15.848272055126872
train,1114,2,1,11.480872746066757,11.48563508534483,11.308104779805916
train,1114,4,1,11.191315242191193,11.205746370493735,11.26726207335335
train,1115,0,1,11.47754282252519,11.691486180654605,12.025615691653888
train,1115,1,0,15.096863053256785,14.825045931121519,14.983117172700897
train,1115,1,1,14.491545841327518,15.192991392161836,15.765229674284031
train,1115,2,1,11.507012817392662,18.418064785142125,48.78926701570671
train,1115,3,1,14.018554250190753,14.476765098108906,12.412557525859071
train,1116,2,0,3.0398109118915726,2.9693371459641593,3.211604276075701
train,1116,2,1,4.668329348860468,4.880535530794053,5.0739956960825925
train,1116,3,1,7.409398056106976,7.49416406085034,7.502282794240359
train,1117,0,1,17.382952705313688,17.666696389900284,17.622859319192962
train,1117,1,1,100.0,8.04232989988983,77.3207364116941
train,1118,0,1,3.3361379306662697,3.227060012794203,3.1708043995482327
train,1118,1,1,1.9402851097125726,1.9845970883743453,1.939137496983688
train,1118,2,1,39.251179024320635,6.655035673733504,
train,1119,0,1,27.68725460115234,27.59359890862348,27.59216176428008
train,1119,1,0,27.594826394058668,27.393938587969995,27.551391357888843
train,1119,1,1,4.288074224675517,4.426570511331613,4.570112413077755
train,1119,2,1,7.511326748701556,7.721933987215681,7.76701413391141
train,1119,3,1,18.695498063856142,19.15856936582426,19.058993628632127
train,112,0,1,14.766036778379533,15.164053773664143,15.299086881103047
train,112,1,0,12.08393054371637,12.17250999116182,12.316315940059487
train,112,1,1,14.685559713583917,15.421171894054469,15.608370914701464
train,112,2,1,13.580648178137944,14.061080603799955,14.238939072279011
train,112,3,1,24.773733460569336,24.81346201807242,24.786106612982433
train,112,4,1,18.30750344614545,18.181295558553902,18.307503446145482
train,1122,0,1,4.82357463056975,4.869426236145234,4.807201955912565
train,1122,1,1,96.61620985466955,7.740486698273669,80.53157742235398
train,1122,2,0,8.799977645814034,8.974382532557653,8.833875108331444
train,1122,2,1,2.2052002138643987,2.580956228613099,2.774470552538705
train,1122,3,1,15.325570892641005,16.197267737172176,15.738384916876663
train,1125,1,0,3.874361072477258,4.161795149399447,5.5110993191669655
train,1125,1,1,0.30503572080294095,0.36000398888382323,1.150233824738158
train,1126,0,1,7.666335291843571,7.831066150840278,7.932591662180763
train,1126,1,1,7.825416841810289,7.962946577364842,7.855147216849345
train,1126,2,1,14.27718221267979,14.20348638282645,14.261410788381742
train,1128,0,1,5.768006741233907,5.969177287791492,3.6611734766152697
train,1128,1,1,,1.450669429267731,
train,1128,2,1,17.25926047406495,18.03830628257613,18.220633717967974
train,1129,1,1,3.0746194871375234,3.091688534908769,3.0769992888197004
train,1129,2,1,4.692003153623143,4.630864153651329,4.680906994248962
train,1129,3,0,2.743110621885513,2.775322404938806,2.9372239113230965
train,1129,3,1,7.897330141108975,6.981182707430449,8.762307238110239
train,1130,0,1,6.945130468651274,6.944619926563927,6.94497016360604
train,1130,1,0,9.029583133958473,8.99975037615128,9.05331442236142
train,1130,1,1,6.509455919095824,6.530479608346569,6.50686946131056
train,1130,2,1,,3.6515789627039044,
train,1130,4,1,11.036349745662998,11.072392339068264,11.119672280411477
train,1131,0,1,11.243150034664582,11.331539820603068,11.304690377478652
train,1131,1,1,10.24925632299674,10.361695621080754,10.418408240624528
train,1131,2,1,17.493340008594032,17.982111199232513,18.072308507928486
train,1132,0,0,8.07492581949229,7.910534179056003,8.094678279289113
train,1132,0,1,4.5555152589059675,5.2941362457854915,5.988742853471648
train,1132,1,0,5.980397592310494,6.005557922033168,5.984523383095213
train,1132,1,1,8.374886843131234,8.559113523220878,8.699529938783064
train,1132,3,1,9.695680187933082,10.460038531924521,10.937335606189778
train,1133,0,0,18.697682021004844,18.690329007839313,18.691474125932295
train,1133,0,1,11.531638705040452,12.240915614146033,12.268014323710133
train,1133,1,0,8.771670992301397,8.72166714267916,8.771838849051598
train,1133,1,1,8.504982113112119,9.0152291135041,9.316886559063093
train,1134,1,1,8.63185052050212,9.038403460711192,8.875301515993376
train,1134,2,1,14.16724507965752,14.172723482033822,15.08609757542574
train,1134,3,1,11.62227656124898,12.492215594846934,12.978967547856431
train,1135,0,0,7.171550341667128,7.187102389178938,7.189855451447073
train,1135,0,1,7.553893771154422,7.627581705671774,7.621022670236856
train,1135,1,1,8.666637012357528,8.851405666025142,8.825747145919149
train,1135,2,1,88.37273278590324,17.389424720121205,62.567438656224375
train,1136,1,1,4.299760210940781,4.294334102325551,4.298488894486445
train,1136,2,1,13.069954185864702,13.067516692966558,13.071415190568949
train,1139,0,0,14.736279458415504,14.892334673644218,14.872039571850348
train,1139,0,1,16.301892692514325,16.906145519308414,16.964225302818384
train,1139,1,1,95.78072284067196,12.775008081813056,83.71074987141918
train,1139,2,1,14.059880265021036,14.66345999635269,14.904884828644024
train,114,0,1,32.86330955700887,34.25359606965802,34.46261567456776
train,114,1,1,53.65519038005859,55.76339797506007,56.041753822872465
train,114,2,1,59.152771153633886,60.656293503637656,60.306576681890654
train,114,3,1,38.311823600141494,38.40880825149934,39.90312810835424
train,1142,1,1,10.232251169736935,10.386767607692766,10.328221249257238
train,1142,2,1,3.613198087365519,3.979213961805906,4.670050244787461
train,1142,3,0,4.275243002755699,4.463845049182036,4.497506577586821
train,1142,3,1,6.127612428646694,6.011120023589107,6.039735111336793
train,1142,4,1,,5.986836313485654,
train,1145,0,1,6.0605719272312575,5.98379559949052,6.117451888337287
train,1145,1,1,2.164954299700548,2.7629765976725325,4.071635387701705
train,1149,1,1,2.914874552675278,3.2582395161232283,
train,1149,2,1,4.098228747022855,4.210348612024487,4.379872776196931
train,115,0,0,21.408448827850105,21.010055351076698,21.26711425422358
train,115,0,1,14.443660215750558,14.975506183473527,15.187951133077924
train,1150,1,1,11.678708527754722,11.690365705306352,11.68652516227634
train,1150,2,0,5.566461266980971,5.701627861581377,5.7960884898512885
train,1150,2,1,10.998553632479442,11.06538695350913,11.032158015673742
train,1151,0,1,24.339033298740162,24.281502266403805,24.275437083910244
train,1151,1,1,23.465277593255387,22.504374223276997,22.677402120614982
train,1151,2,1,24.38903351418866,25.01852106605169,23.529960700593595
train,1151,3,1,14.577787006341536,14.867035882048848,18.77363487075519
train,1151,4,1,14.863521525210647,16.361981731162327,16.977277303545
train,1152,0,1,69.46323803281015,69.60525110165491,69.96746291609668
train,1152,1,1,56.19406616454182,56.00344287006378,56.08886274348177
train,1152,2,1,66.23888245165894,66.8693564869442,66.945425117663
train,1152,3,1,62.788771650307176,74.70745626843033,79.01902112995145
train,1154,0,0,12.178809122555357,12.200438377857816,12.189436205765212
train,1154,0,1,11.725198833308454,12.340865140164809,12.7167442815836
train,1154,1,1,,2.5359795292846226,
train,1154,2,1,9.385550693087344,9.75054253474466,9.848632234097817
train,1156,0,1,52.25268612996514,54.15581905531207,54.19056338399296
train,1156,1,1,74.0275514631386,75.97842529632908,74.64118758993664
train,1156,3,1,60.95268585108498,41.84532026467105,51.79205349180717
train,1157,0,1,87.25318495637566,17.25650178780061,73.4900415593638
train,1157,1,1,3.564472985124402,3.5957765434038036,3.7480817961767885
train,1157,2,0,7.700635474399571,8.04700398526943,7.804508196024298
train,1157,2,1,70.5511625010384,68.88606037131791,70.33233454654574
train,1158,2,1,64.50253321800403,64.60227763737431,64.60175985852902
train,1159,0,1,34.55306400967687,35.30334151166018,33.43350124887999
train,1159,1,1,68.3242877076754,50.612700051693196,62.525968550239675
train,1160,1,1,19.076944479383233,19.216149306171197,18.71231659612502
train,1160,2,1,51.87526892904635,19.271042281008786,37.865705826119694
train,1161,0,1,3.446173694928092,4.055532484435387,2.9076243804530773
train,1161,1,0,12.696598146358346,12.551486314653765,12.687709289749503
train,1161,1,1,9.474688313236708,9.580115197480875,9.695769971728875
train,1161,2,0,8.151405360861421,8.23381829743745,8.36229035406333
train,1161,2,1,40.035461159647284,44.06049810285953,43.774549664297545
train,1163,0,1,22.467614759939,22.813286469782142,22.727979319622563
train,1163,1,1,40.958284416403714,41.06445844813267,40.81839155686352
train,1163,2,1,38.60499805542404,38.81790396018078,38.83681188259467
train,1163,3,1,27.33306400537015,27.474858026208054,27.500651463492126
train,1165,1,1,22.398693028263455,23.214360249165512,26.23017712932147
train,1165,2,1,25.344856026887065,26.344845919167,24.196242641985883
train,1165,3,1,24.949671101808903,25.308117886428192,25.24378050016524
train,1165,4,1,7.816529678944151,8.366565399426376,8.481605237993556
train,1167,1,1,31.87090716946117,17.95912642083619,70.46426049128762
train,1167,2,1,49.59650236221395,51.32988015407519,51.24799966081029
train,1168,0,1,16.373006961946633,16.43708296197788,16.414294100887965
train,1168,1,1,8.07124745426276,8.54778185713604,8.621688732277738
train,1169,0,1,8.350948693498585,8.470442532407349,8.417676853788203
train,1169,1,1,8.612238454860947,10.023987892662067,10.16356391287466
train,1170,0,1,,23.46600550042577,
train,1170,1,1,25.188953761024045,25.930710110719946,26.33832296677165
train,1170,2,1,12.454288922491397,12.355913269637657,12.376879672455745
train,1170,3,1,11.542375231878317,12.186871681543773,12.659800312020339
train,1171,0,0,51.471523876044586,51.01536150888158,51.57265294296395
train,1171,0,1,31.364071132676585,32.44867151697826,33.20506393103537
train,1172,0,1,35.57821641698916,36.80116493078281,37.103225557827045
train,1172,1,1,39.40943876511781,40.30484585530726,38.94292440655131
train,1175,0,0,9.04036383745502,9.27729955631172,9.515875909861563
train,1175,0,1,9.554398429698692,8.844543569064284,9.447792454323539
train,1176,0,1,37.5960660186451,38.24020862696032,37.93256719060448
train,1176,2,1,20.840830182028704,21.365912006980658,26.101991528392965
train,1178,0,1,4.063183674608061,4.063217710247146,4.063208790985097
train,1178,1,1,,5.746526444432506,
train,1178,2,1,6.256252409530861,6.204971438124779,6.575832362819592
train,1178,3,1,9.5940961917917,10.203841001619923,6.958575247293537
train,1179,0,1,32.64714446271281,32.515555377838375,32.815240262535994
train,1179,1,1,32.638122718612436,32.65084681841381,32.64308958329614
train,1181,1,1,1.2411366073613466,1.1382361382720438,1.0945493671998998
train,1181,2,1,10.57463830800315,10.590063381628129,10.588311162554803
train,1181,3,1,5.952057951475945,7.476786212388499,7.7919038067244095
train,1183,1,1,14.820024969667134,15.148480920907122,14.962031324157573
train,1183,2,1,27.969851586814265,29.165196611966195,29.269245799140286
train,1183,3,1,24.310886740047337,24.29509781520461,24.283913850757223
train,1183,4,1,17.26526375389243,17.45348971089418,17.35898557061653
train,1184,0,1,33.60559606746429,34.70906715525298,32.7113332467604
train,1184,1,1,31.488096736232983,32.10186361876443,31.712994143347224
train,1185,0,1,50.61516613057147,50.30492169496377,50.568637275940354
train,1185,1,0,11.224145949130076,11.428100806098538,11.596682422995992
train,1185,1,1,14.559013796256922,14.49241461270358,14.528103542055398
train,1185,3,1,14.302824524906892,14.475263404323076,12.954495912935391
train,1186,0,1,66.37267393129747,68.1650047807636,68.12464965196959
train,1186,1,1,45.28357948398942,45.42566314583609,45.41430738676443
train,1186,2,1,40.50601851439857,40.9594420861361,40.78659275538609
train,1186,4,1,32.05570141399897,34.02768668592518,34.44170562935143
train,1187,0,1,64.29765797510697,65.23014347746535,65.20342702206015
train,1187,1,1,21.2370805349617,22.634985081507836,22.80413973503431
train,1187,2,1,52.051680053524215,52.80932617817218,52.736220361539345
train,1187,3,1,21.62865481988946,22.500308168109523,22.614218896376368
train,1188,1,1,13.077545025258036,13.09000826370155,13.081776839733944
train,1188,3,1,11.282772000000085,11.270193799781628,11.276210507398268
train,1188,4,1,4.720108733901189,4.785008712840511,4.742477674719055
train,1189,0,1,33.770740418835466,35.856012456509355,36.53626397046574
train,1189,1,1,25.157240416335437,26.76623563381514,27.389593003448105
train,1191,0,1,37.31834456613306,39.33335573779965,39.74239074987248
train,1191,1,1,73.91924292566847,74.0310371991145,74.14299719505121
train,1191,2,1,50.59399874319238,51.30192897538054,51.44312957542721
train,1191,3,1,84.25399901953662,83.0212037784519,83.41092484474605
train,1191,4,1,33.240705031215455,39.85571157585067,53.95283387623746
train,1193,0,1,17.768808474176204,17.772273616055397,17.770574884394982
train,1193,1,1,53.661723003674325,55.865704411937415,55.91068266420876
train,1195,0,1,26.94338947239272,27.412820745280676,27.351631618016274
train,1195,2,1,32.93015096792274,32.879258220912604,32.884568116002185
train,1196,0,1,70.45861681803058,71.3651737280424,71.38370778641817
train,1196,1,1,37.435111064845216,38.02608284446603,38.05221870511063
train,1196,2,1,33.700599869719305,33.53407314531131,33.70059986971941
train,1196,4,1,40.3446378266614,42.00128261181979,42.431699302289786
train,1197,0,1,8.021218641286978,8.306440154994469,7.195652881610097
train,1197,1,0,9.232577619046658,8.799530676293845,9.567370103780664
train,1197,1,1,6.028686471088536,6.31611351007156,6.956152077206775
train,1197,2,0,15.707629820350178,15.60459258615856,15.735289647002126
train,1197,2,1,8.141646363068073,8.109205466416263,8.06131163129875
train,1198,0,0,7.860003808005427,8.241655064578172,8.110953048001033
train,1198,0,1,19.452691578629526,21.690942271865882,22.468474255681876
train,1198,1,0,14.285855959403158,14.129740115525005,14.229896371923717
train,1198,1,1,13.971345439758847,14.562991598559627,14.816638890523052
train,1198,2,1,16.06684575443451,16.80206663499346,11.844820873638117
train,1199,0,1,43.286650121391794,43.396886198670174,43.356836082926726
train,1199,1,1,18.887626324071604,19.475709321762277,19.62890963801488
train,1199,2,1,36.05194838438931,37.32731221187594,34.90431084237081
train,1199,4,1,26.34537655569548,27.289792808614855,27.256382773098746
train,12,1,1,25.64815131772179,26.51127701684533,26.59045548787426
train,12,2,1,33.32990880741336,34.23051886703685,34.22934591188475
train,12,3,1,23.006569410771302,23.047576332282325,23.036362464621828
train,1200,0,1,42.23137525912142,42.77831992083891,42.83157630427378
train,1200,1,1,40.85318591159285,41.138473773120644,41.01515685551507
train,1202,0,1,20.596670593694256,22.40970627946926,23.285907982744256
train,1202,1,0,12.988764866207445,13.587247635329891,14.062762704417725
train,1202,1,1,26.937846967560112,26.51402859203617,26.863446411789084
train,1202,2,0,25.282606865043256,25.718717475073593,25.801843958884795
train,1202,2,1,24.666789958118507,25.353442583308006,25.26002322679959
train,1203,1,1,17.247214948531248,17.656759282072112,17.844194044006382
train,1203,2,1,42.00207738328433,42.14662601142793,42.12965037599022
train,1203,3,1,82.54363155697146,82.69711250455039,82.5805999543662
train,1204,0,0,15.327576118834472,16.640838028474477,16.197754077740804
train,1204,0,1,1.0865882413474155,1.3730789492675666,1.5277733238094096
train,1206,0,1,60.019823952206664,60.0181567099304,60.01848821586403
train,1206,1,1,34.398638065989054,35.240315882418706,35.382243673987055
train,1206,2,1,51.718702849852114,51.56895297243128,51.718702849852086
train,1212,0,1,5.244718127512219,5.4642574637081625,5.480761190920692
train,1212,1,1,1.88783065256753,1.9305022814077442,2.016141695192037
train,1212,2,0,5.623954902950672,7.237556100946563,8.68048663506316
train,1212,2,1,5.065589297152362,5.133059494672787,5.370372271660917
train,1212,3,1,,5.7717891927600675,
train,1213,0,1,56.55740009595428,57.34451566926524,57.342556908249854
train,1213,1,1,35.76672632940288,36.195869824235544,36.189009470136824
train,1213,2,1,41.611728374299766,41.837288109735375,41.23357473826215
train,1213,3,1,35.45439419178655,35.565616293089306,35.48489173446063
train,1214,0,1,61.201732460164784,62.65027387353658,62.280750245164285
train,1214,1,1,63.587736591768596,64.75859836378964,64.63730110670956
train,1214,2,1,6.2424924141373985,6.466905575500063,6.437215033482797
train,1215,0,1,44.5592223596663,44.95239319501484,44.839241960915224
train,1215,1,1,28.028652100932394,28.42725341740805,28.52682838657946
train,1215,2,1,20.844832360089026,20.892363564580904,20.85802755998101
train,1217,0,0,7.066182515929993,7.381590691408781,7.358634669991332
train,1217,0,1,16.119256335302403,17.54164565453447,17.635470064276255
train,1217,1,0,15.896317098905262,15.820649687237232,15.877041615698515
train,1217,1,1,11.193316870579435,11.787399976387865,12.198716011554259
train,1217,2,1,12.311889408520882,16.37656505427811,9.77915145256073
train,1219,0,1,36.38826436378061,36.95030272677722,37.04175902296651
train,1219,1,1,46.721596271993945,47.184628799857286,47.26339390989078
train,1219,2,1,39.628196154111755,39.6844619626499,39.663981116519736
train,1220,0,1,7.948092228099675,8.004111462412205,9.786845954312188
train,1220,1,1,33.406046439100216,33.40315855590736,33.40373793414743
train,1220,3,1,2.239521521981914,2.501227910414909,3.419412518783259
train,1228,0,1,0.00014008142312615354,0.00013280944683110506,0.00011082745164255802
train,1228,1,0,29.13344938107862,31.28763358277668,32.89382312203124
train,1228,1,1,70.22032379814395,71.8106896381122,70.16533848937296
train,123,0,1,34.253219352263415,35.09330568860112,35.40065495919302
train,123,1,1,42.31954486298664,42.822908436701006,42.80128235683176
train,123,2,1,51.45546766563348,52.4398915115444,51.981186882558596
train,1230,0,0,10.61724862412374,10.686014845806442,10.700734331613468
train,1230,0,1,19.31235191926178,19.59613228947386,19.545448404868953
train,1230,1,1,12.452292824968975,12.985258921965823,9.363384065263167
train,1230,2,1,10.680360733841582,10.802672240456793,10.74334578476889
train,1232,0,1,3.4372616745570945,3.7177778129383596,2.8698212546359856
train,1232,1,1,8.492543523697519,8.779703993325896,8.834307186581835
train,1232,2,1,10.880775286868701,10.808092804020403,11.243304132944418
train,1235,0,1,32.16170341358683,32.43527978365756,32.48433021535727
train,1235,1,1,52.916030624759195,53.382947559919,53.36110836045565
train,1235,2,1,57.54597199962268,36.57367641435705,43.771407707225684
train,1237,0,0,5.909683833441199,6.027201919896983,5.969551685845631
train,1237,0,1,4.379000966864784,4.564544457927219,4.673414744306199
train,1237,2,1,3.680662759464675,3.764147733093168,3.052409063972344
train,1237,3,1,4.575945301880502,5.037076518676369,5.98497076833209
train,1238,1,1,5.641082003873478,5.6434953410822875,5.640888668411548
train,1238,2,1,18.10459672743211,18.189169212089293,18.194303146100495
train,1238,3,1,10.670059202371302,10.863256281802133,11.20978731147488
train,1239,0,0,17.355807802138568,17.521836910435653,17.52714736166812
train,1239,0,1,6.5347993940247235,6.710469241302909,6.706354908309839
train,1239,1,0,5.544465428901384,5.584075864831928,5.63644838918202
train,1239,1,1,15.151547805849477,13.993011663775205,14.6883573340058
train,1239,2,1,9.251176152604797,9.38919314567431,9.318982730607857
train,124,0,1,9.495736346693654,9.451672410464878,9.518083336397755
train,124,1,1,11.72294102451244,12.377406339257362,12.429101594776492
train,124,2,1,12.072186578616806,13.574334916139378,14.262839980208946
train,124,3,1,11.35427108511999,11.560749778749074,11.582746214685626
train,1240,0,1,12.879486451385153,12.927598859348382,12.917030889338871
train,1240,1,0,13.077432316843417,13.27399839022378,13.367414564598295
train,1240,1,1,11.95928737427211,12.089826416602884,12.054198560240884
train,1240,2,1,6.692665460800202,9.370257111491899,13.144632982652075
train,1240,3,1,65.59160811798935,16.05909306382029,65.59160811798937
train,1243,1,1,4.822590105149953,5.3432580559207725,8.18296668893847
train,1243,2,1,2.0830563745897166,2.2039691126673624,0.5176802193548445
train,1243,3,1,9.985275409452452,10.49184373518654,10.546278651742261
train,1244,1,0,7.341141499285148,7.658615152537504,8.138874714356268
train,1244,1,1,12.097314335211253,11.985523997682485,12.19052135917261
train,1244,2,0,5.1248779611244775,5.190081314600686,5.249753416860866
train,1244,2,1,7.049263028599452,6.806591500422256,7.15947158699305
train,1244,3,0,7.800426933211366,,
train,1246,0,1,1.274615384870636,1.4245975060589784,1.46441972188056
train,1246,1,0,2.476671800322403,2.4056162556642886,3.675184839225892
train,1246,1,1,1.785668609664862,1.7004170265773226,1.4718579191507724
train,1246,2,0,1.0245779346607857,0.9776417270392724,0.9220370596483013
train,1246,2,1,4.124600024788462,4.083517651815697,4.104458236835488
train,1247,0,1,16.8430868344198,16.85598867147545,16.851152105242566
train,1247,2,1,2.043186690367959,2.5015977442431265,2.656123877954259
train,1247,3,1,8.851879914318129,8.937049787613645,8.914516165681047
train,1249,0,1,3.62121285408255,3.7097226067258453,2.609010172757128
train,1249,1,0,5.050666159318046,4.443254232814239,
train,1249,1,1,7.902617367786327,7.552094958820871,
train,1249,2,1,,5.106597367807817,
train,1249,3,1,6.658301132407927,7.023107664793246,2.9969493333866066
train,1250,1,1,13.092919534418396,13.280291012654441,13.26762613209412
train,1250,2,1,7.656301229085553,7.725559841006738,7.719578746381322
train,1250,3,1,22.243917848041654,17.622227412543833,50.49198361756672
train,1252,1,1,6.389728901056971,6.45411095800321,6.436441041591326
train,1252,2,1,3.2634627787590813,3.2752065338719714,3.2736396387637043
train,1252,3,1,0.498347246709108,0.4897508777473539,0.5133138570522642
train,1254,0,1,3.8429595312389813,4.25347608089637,3.96169121100552
train,1254,1,0,8.00050156590522,7.969539081197209,7.980298715119481
train,1254,1,1,6.616416031740495,6.828985617958729,6.916649652367364
train,1254,2,1,,10.388945426620127,
train,1255,1,0,18.925896908167424,18.893007626018285,18.89967719281202
train,1255,1,1,11.137019684657755,11.299798401395888,11.320319620749814
train,1256,1,1,6.708439586098204,6.852069020633684,6.915318990370468
train,1256,2,1,3.2444037385665805,3.4181956987736517,3.519901454421038
train,1256,3,1,5.373657892458286,5.348645695233597,5.381914647631429
train,1260,0,1,2.086499735029128,2.0717710267391922,2.0755148078564143
train,1260,1,0,7.630332919014986,7.867829425806476,8.110852420206891
train,1260,1,1,3.898329658111646,3.8422974103634906,3.954482087356507
train,1260,2,0,7.780343849534941,7.9012780830735805,6.843547600902834
train,1260,2,1,5.450598318037338,5.086468660975312,2.6550848167263927
train,1261,2,1,6.038352439536292,6.0344914996570695,6.036578302411246
train,1261,3,0,11.238401988982297,11.24241726032553,11.24373691205298
train,1261,3,1,27.92337079175059,27.843113344024477,27.898970113303186
train,1263,0,1,1.917190223305432,1.808644735807385,1.8393439315036124
train,1263,1,1,9.77803654125349,9.88009303627257,8.99616723800351
train,1263,2,0,13.002490264396762,13.011172128807067,13.152413004061003
train,1263,2,1,5.483193770504756,5.501737210196573,5.667250624558593
train,1269,1,1,9.664737386752751,10.117216994604268,
train,1269,2,1,,5.696819252200293,
train,1269,3,1,9.886957911192154,10.079674034104121,9.921790254175244
train,127,0,0,12.391457535860328,13.074180324793684,13.460887389235692
train,127,0,1,12.431102688415386,12.42469897626672,12.51113959416699
train,127,1,1,,2.59371808707172,
train,127,2,1,3.8741528647908265,4.048380806349928,8.991538291633425
train,1270,0,1,9.24956339324416,10.102061353904949,55.55745082349311
train,1270,1,0,25.098481201706257,25.009201580559058,25.135698541653174
train,1270,1,1,10.010264400215972,10.06087353408968,10.075087284750687
train,1270,2,1,13.724499697354423,18.20104934552056,17.60177449705384
train,1273,0,1,12.269488583987904,12.487345474680662,15.029428089863965
train,1273,1,1,10.608868309921442,10.543537581272593,10.560981290418177
train,1273,2,1,16.630432249412667,17.230403968049604,17.550963773510965
train,1273,3,1,12.688556987380009,13.354047547964113,13.086854371827595
train,1273,4,1,,5.941470062114073,77.55695877169121
train,1276,0,1,7.384898046620125,7.355016047835529,7.394325196416101
train,1276,1,1,1.6792692489912786,1.695051862754713,1.699718543728163
train,1276,2,0,4.874323649926267,4.916090732539978,4.969469602211927
train,1277,0,1,2.28461538828519,2.495066444735683,2.382215802031336
train,1277,1,1,,2.0797747489271785,
train,1277,2,0,4.3099792870789395,4.173299793617727,4.2882851479847135
train,1277,2,1,2.8354167960428494,2.754519653254529,2.7136177992976824
train,1281,0,1,7.500024671406565,7.502211473290929,7.506363055419693
train,1281,1,1,71.17541349151894,17.20251504031383,53.75193104452859
train,1281,2,0,4.689655160321374,5.114253497762892,6.13279176047534
train,1281,2,1,5.889663638302716,5.942876889814538,5.786765944971712
train,1281,3,1,2.95545935610108,3.051397380733881,2.974832529788761
train,1282,1,1,0.133156555606655,0.3127358659104599,0.3750495569869249
train,1282,2,0,4.5551498622905395,4.581619363758567,4.633586138994891
train,1282,2,1,19.40762352669685,19.24873201629225,19.39427688766741
train,1284,0,1,4.651158986765571,4.505168407827435,4.582861533758406
train,1284,1,1,3.246035461227785,3.1908887495806155,3.240624592942283
train,1284,2,0,11.288642187965086,11.304959629125849,11.365877905100763
train,1284,2,1,8.187515445818653,7.733516361557001,8.080445419847946
train,1284,3,1,9.022470944995774,9.111288385244002,9.035843675517123
train,1287,1,1,8.571335757780272,10.158173702367836,10.39343167535002
train,1287,2,0,15.201952155577999,15.151586635080037,15.181074797215373
train,1287,2,1,5.600771956600656,5.581199595455364,5.566654788448048
train,1288,0,1,8.82882669993288,9.005316499465646,59.96833275918988
train,1288,2,1,3.778376120399355,3.7192023197965405,5.679675543397392
train,1288,3,1,13.148390899706014,13.420262621884302,13.362957561415985
train,1289,0,1,3.443053269160163,3.6274821928250636,68.15883555313252
train,1289,1,1,,5.194218928012568,89.89768419460758
train,1289,2,1,3.450638780277832,5.41534765777154,7.059675629587779
train,1290,1,1,6.249615149438155,7.323125235658891,4.269173332818172
train,1290,2,0,1.0766750930381799,1.1209986782569816,1.1114514766812613
train,1290,2,1,3.0648722283845595,3.2357146454236125,3.267846462235504
train,1291,0,1,14.776032152250751,14.81345484624188,14.793435760200252
train,1291,1,1,8.911875798842786,8.840510227161758,8.828871076261061
train,1291,2,1,0.058097141204696674,0.22347894872148752,1.5469100766029085
train,1292,0,1,8.08319379760525,8.044194977188392,8.208020126830643
train,1292,1,1,9.20439166456126,9.222813697429155,9.313442159857512
train,1292,2,1,,3.4728050695094415,
train,1292,3,0,1.1728448735215196,1.2307298914813896,1.406025613770258
train,1293,0,1,2.377373623249335,2.339382303126448,2.4287946423570883
train,1293,1,1,6.691793909611511,6.025483583654148,6.171783025570493
train,1293,2,1,3.1918599406183876,3.2025433324368553,3.20394232339631
train,1293,3,1,15.628477741213196,16.008547728837282,15.608755434148167
train,13,1,1,47.22174818896193,47.78362809920367,48.777001564471966
train,13,2,1,54.799346762334125,54.99244532139031,54.982823739355915
train,13,3,1,42.78832400411727,46.097253175045964,50.57262301337606
train,132,1,0,12.875170835890343,13.4867915366483,13.88057564513437
train,132,1,1,6.007128334713953,5.956476888273143,6.038639891806742
train,132,2,1,3.8276046638845216,5.437973643448974,5.809564581861565
train,135,1,1,5.817152174167322,5.990106443181036,6.102321568261951
train,135,2,1,1.346545752555132,1.3530286303198196,1.5490535892050306
train,136,0,0,20.70596198320597,22.378701494260326,23.174618002914283
train,136,0,1,24.231848867612158,23.918574887309077,24.237565453230207
train,136,1,1,,15.43620537373955,
train,136,2,1,10.142172157134674,7.27402825767988,10.142172157134699
train,14,0,1,59.136573726813324,60.542860286505686,60.93076281592849
train,14,2,1,74.36657222633359,59.48584686513075,71.15554552825714
train,140,0,1,2.7805765152500483,5.459525316256072,6.935340723113261
train,140,2,1,15.97481907417827,15.912108738662731,14.914597209201283
train,141,0,0,4.839112761193523,4.9690054135134885,5.10621641260031
train,141,0,1,16.312348666344132,16.425273222403106,16.34030776606395
train,141,1,1,,20.37945955143797,79.48557652997262
train,141,2,1,14.642305216628307,16.092166998006267,
train,142,0,0,12.868143977204824,13.102867650500944,13.128986865143172
train,142,0,1,13.15691552441127,14.040914642484742,13.977838261317563
train,142,1,0,10.573008732389876,10.51462857205227,10.514618162170198
train,142,1,1,20.964213301860205,21.34158754793309,21.341522000759113
train,142,2,1,16.745367910398475,19.90058507027144,23.927266736347562
train,145,0,1,11.063316391360738,12.020244033432801,11.59950979423439
train,145,1,0,6.836829189668975,6.825388665489754,6.829544732265923
train,145,1,1,12.831761493147631,14.305029794928078,14.542465071037865
train,145,2,0,6.106000475909289,5.854353113619985,6.14875848608237
train,145,2,1,7.3834217795796135,7.809574028532136,8.162027623421217
train,146,0,1,24.345752260644016,25.42391736050167,28.797829662618458
train,146,1,1,19.6473419492093,19.761815308559505,19.764840975261116
train,146,2,1,21.8360472167953,21.92959292551675,21.893553133942138
train,15,0,1,21.354701767354886,21.351817669475466,21.35397353153978
train,15,1,1,21.561690277615988,22.037840924766723,22.03012209161153
train,15,2,1,100.0,11.099185316533571,71.19264702814007
train,151,0,1,12.611739412129827,12.415003175804133,12.793404465937257
train,151,1,1,70.92955416952603,54.481340191137775,76.0198476925043
train,151,2,1,13.915547844837292,13.620633062593711,15.717720961757117
train,151,3,1,18.057714433281003,18.413410401220016,19.202195623789077
train,155,0,0,6.059495105172564,6.488938066492279,6.245057494879915
train,155,0,1,2.5159508990006585,2.2385929547697,2.1247865756494457
train,155,1,0,4.519511028498716,4.493532651267525,4.47319290664882
train,155,1,1,4.036956827515318,3.932573905996326,4.0109426128462635
train,157,0,1,12.798724273092349,13.511950905320402,
train,157,1,0,12.607934639420062,12.352425605774132,12.538456753462246
train,157,1,1,10.654270691978981,11.297350036526389,11.774602030131666
train,161,0,0,7.713044130864801,7.902686574001269,7.777080167414016
train,161,0,1,7.148562709531997,8.064870681299128,8.63473690519325
train,161,1,1,6.246152458790958,6.213799895954844,6.467706815483106
train,162,0,1,5.952796413544611,5.764972355913027,6.1822451925642365
train,162,1,0,4.554287141271321,4.742370138729215,4.991150467863022
train,162,1,1,14.92937245780667,14.574152622027514,15.50385722367425
train,162,2,0,7.3502794540241165,7.5178126656573765,7.511808154283874
train,162,2,1,6.895362494384499,6.813282183818547,6.8062319864456695
train,164,0,1,11.615540232096519,11.7273285879082,14.357953962979511
train,164,1,1,,7.134527378559848,
train,165,0,1,7.507292344002886,7.506331375760652,7.506768035787944
train,165,1,1,5.528968981285842,6.4917925790564,6.275704214361265
train,165,2,1,,7.208700901927613,
train,17,0,1,11.63536756963134,12.622478604594761,13.114601045582436
train,17,1,1,67.91537488415497,27.81512839040069,57.176485248021166
train,17,2,1,11.768745595650637,11.867544923160402,11.823740764305454
train,179,0,1,13.147930281453348,13.208150419420326,13.083334694119792
train,179,1,1,8.074200444764546,8.204244176156482,8.133283820614356
train,179,2,0,16.79334099584683,17.37177576918886,17.93644569201936
train,179,2,1,38.07706831842255,38.46955693594232,38.236817827667494
train,180,0,0,4.2103720401787745,4.748722414975752,0.3812799289032961
train,180,0,1,6.572926868058396,4.897760700395123,10.506029108728947
train,182,0,1,7.235998537059044,5.522393466391449,5.682897433148583
train,182,1,0,13.605835117419932,14.783530692674132,14.579875781991664
train,182,1,1,0.9873116303229348,1.2979005159643602,1.3499110341993543
train,182,2,1,4.584708708679008,6.619178667677902,7.0084376964551485
train,185,0,1,10.346014836153133,10.414237832158484,10.37980686463663
train,185,1,0,2.600826545862136,2.716392075623155,2.897846875413246
train,185,1,1,14.42029569267629,14.361836349185817,14.444009926295687
train,189,0,0,10.733165471024162,11.085440540240793,10.660628977247205
train,189,0,1,4.6486210330984905,4.830851337406681,4.997334291737976
train,189,1,0,4.374877619797147,4.737056962071159,5.415264253975676
train,189,1,1,6.810554200114015,6.807636293042512,6.8104099353331975
train,189,2,0,5.340025484497281,5.526469737583436,5.911578653441345
train,189,2,1,4.525100362383648,4.537820072852624,4.523223464221478
train,191,0,0,5.844720324904963,5.992655852935665,6.0099686199693645
train,191,0,1,4.7482702511495685,4.792265240832675,4.784056513879186
train,191,1,1,12.939549667971614,13.983617055405304,13.399838155791672
train,191,2,1,14.737691951860937,16.317026560450437,16.102224200715735
train,192,0,1,34.0265251692954,36.18214060697842,36.99079545028547
train,192,1,1,67.66740372624275,41.224774007976556,55.1756387027026
train,193,0,0,3.47917479158602,3.201517528462309,5.1590810438487695
train,193,0,1,0.9542816463060377,0.9928504461579309,1.5278634330869258
train,193,1,1,47.89466820105126,7.169716474853825,
train,199,1,1,31.499224254969604,32.652725308746334,40.57413720063762
train,199,2,1,5.753639225247483,5.710372124420255,5.823672529646656
train,2,0,0,14.018562349398703,14.431108820177588,14.625017349110378
train,2,0,1,8.808207160531412,8.705019584046008,8.766337694700155
train,2,1,0,9.222482908164235,10.229374129450981,11.017063266305392
train,2,1,1,12.463409242158754,12.312468292939908,12.463823355343598
train,2,2,1,5.790633055428006,5.744309398809844,5.83850587551688
train,206,0,1,31.664623174813666,32.50416373846061,32.63459296435831
train,206,1,1,56.84567001057099,22.56329813101368,42.40904402939536
train,21,0,1,31.75462991005101,31.96931277847944,31.843612675520987
train,21,1,1,,41.503852443703856,94.52660989329368
train,21,3,1,29.158381057128384,29.152609763207387,29.169224958151084
train,210,0,0,26.660997323215476,28.608708511948866,28.174876934204697
train,210,0,1,23.488615566936627,24.860025314844876,25.302543270359962
train,210,1,1,27.729671361392285,28.210571179353792,25.816070344706933
train,213,1,0,5.802642743862964,5.935523088590379,5.639452652645049
train,213,1,1,2.996701389854315,2.877576585979568,2.4508136325947065
train,213,2,1,18.1569658051465,18.914980486224078,18.72306784140781
train,213,3,1,14.581162182619648,15.333945115508365,15.212389862987031
train,214,0,1,,8.81036474218904,
train,214,1,1,1.1983259825169104,1.496916563840055,2.4138496780506147
train,216,0,1,25.43123173036626,25.86525087525835,25.81883277865977
train,216,1,1,38.27273907685082,38.573611935436574,37.91152099667421
train,216,2,1,64.42149037039673,65.66775502426604,65.59843474615028
train,216,3,1,75.02819149281844,75.22724108625135,75.02819149281841
train,217,0,1,10.412731016924328,10.840662885627388,
train,217,1,1,12.760723671463179,12.64361969609177,12.885401042144034
train,221,0,1,8.907029172158978,9.129208536142968,9.095650579631387
train,221,1,1,24.535936388681247,24.363594755973725,24.490299312198076
train,221,2,1,10.922987226843635,11.592363586634939,11.208593108874156
train,226,1,1,4.775773197622257,5.135548834266461,5.117557588801961
train,226,2,0,0.518306155236886,0.02041040905630813,2.1581766710006622
train,226,2,1,3.7489442204085655,3.7594038295943664,3.8235856157496744
train,226,3,1,4.092649481595015,4.444484767378266,5.44027326267593
train,229,0,1,26.30068495812827,26.33558753266379,24.967574084073366
train,229,2,1,21.024939872201514,21.441401773896004,32.858208826147845
train,23,0,0,38.19179923141064,39.962417949731574,39.823832041627284
train,23,0,1,62.92301874207092,63.184942782858535,63.257122177486
train,23,1,0,58.986651925106045,60.314357401699205,60.417609785282465
train,23,1,1,74.27059389722226,75.27106178997958,75.18341209558965
train,230,2,1,20.81475302997215,21.50370287069524,21.44112005289065
train,230,3,1,3.1618138887157454,3.5573505797160765,4.239955645906478
train,235,0,0,39.40797849150769,41.15146885583537,41.06160450630919
train,235,0,1,22.65155534607907,23.853947579594614,23.906332887289388
train,236,1,1,35.60932188722028,35.79847138380089,35.85138669075652
train,236,2,1,43.95110446864603,44.24634019215597,44.1468969280111
train,236,3,1,26.403522802651874,26.371872075974217,26.400844002025497
train,236,4,1,51.33951415916964,35.49454782461369,45.032992310815686
train,238,0,1,7.490981394777571,7.59089761088676,7.516171980030359
train,238,1,1,12.783526873830443,12.988237419607609,12.948334721806692
train,238,2,1,20.4371540363903,21.847210959080787,21.503603698716912
train,24,0,1,28.666976972072504,30.214918079092634,30.970444189499545
train,24,1,1,22.87012460677633,23.66936355917367,23.62540915129648
train,242,0,1,21.348141501788064,22.50370087157303,22.47983028158868
train,242,1,1,25.449541984000046,25.93512739078555,25.78146217601118
train,248,0,1,,8.249999209410182,
train,248,1,1,13.618165771210561,14.272992805644977,14.446666829064005
train,25,0,0,14.408711685543102,14.434227112055781,14.575500264538208
train,25,0,1,23.677919217814633,24.21727413770149,23.95632989702428
train,25,1,1,11.71749850115862,11.782693368413266,13.423249829553875
train,250,1,1,9.658053193157386,9.737336856929055,9.022073994099948
train,250,2,0,5.7233818053177785,6.29671380951137,6.802629698158561
train,250,2,1,13.029373450719564,12.989290435368972,13.055741257906709
train,252,0,1,6.085252728930862,6.294233916636277,37.06450278370484
train,252,2,1,4.1674717716607645,4.330580168565545,4.293713941345477
train,252,3,1,4.431293942967414,4.438717036424497,4.434749519514373
train,254,1,1,51.56181619223608,51.46515260995122,51.488447067960905
train,259,1,0,21.560235777393675,21.585332176246148,21.57052286294973
train,259,1,1,10.527178288827296,10.588367762677466,10.644629897598444
train,26,0,1,22.222667553383886,24.27778373056025,24.89421206790371
train,26,1,1,45.792570271471924,46.968540327447315,46.79302651493131
train,26,3,1,69.27462788916382,58.467220154112,63.500604686658335
train,261,0,1,47.58338923470935,49.93119468006705,50.529799057052394
train,261,1,1,45.70836283852262,48.3239164914263,48.55151362058248
train,261,2,1,55.99345501416,58.14986854275516,57.849215910165796
train,262,2,1,12.415706403217293,12.175242715290368,11.857464771828196
train,263,0,1,10.394136609683214,10.58008851485244,10.616145593699152
train,263,1,1,57.890156100216494,31.79256311491666,51.02766600384895
train,263,3,1,2.9879621250655384,3.0324818242652474,3.3113162047712716
train,267,0,1,16.716925523571042,17.40738826898724,35.740268499028176
train,267,1,0,14.560701587913414,14.241430437630385,14.597874829641553
train,267,1,1,14.957084386123848,16.118286424159834,16.913974431981206
train,267,2,1,21.645719186242253,22.444359096319744,22.44889256461761
train,268,0,1,16.60524197335752,16.79095266276875,16.760766154964216
train,268,1,1,19.20122222894586,12.80931828234563,46.339888850828984
train,268,2,0,15.632264412226204,16.247786892263573,16.11197863264133
train,268,2,1,6.416850118399553,6.400738821233233,6.3655236656372685
train,268,3,1,2.3648387839003173,3.0704168853183433,3.754206603544742
train,271,0,1,5.934631940903469,6.0278428197195835,5.941329272986177
train,271,1,0,5.077978170811705,5.180042834155002,5.488358833299209
train,271,1,1,3.1722895184463686,3.3809257243435122,3.2444625190251397
train,271,2,1,20.81067838396404,22.55567263913205,21.82446889385675
train,272,1,1,,5.60328372475988,
train,272,2,1,10.934264006509279,11.39936658171056,11.444489139505794
train,272,3,1,7.224838842530433,7.788291756717282,8.146470906795338
train,273,1,1,16.939521234766218,17.57177745067465,17.66326744872195
train,273,2,0,8.872724161293895,8.85444242261761,8.986386483196679
train,273,2,1,19.242162759058854,20.679471847540523,21.46733703019278
train,273,3,1,3.828994422002261,4.123456751322784,2.115700027236924
train,274,1,0,15.654230405332555,15.857430621975308,15.823348289589948
train,274,1,1,21.407562352335745,21.892579353789095,21.98313389044686
train,274,2,0,10.97156472325713,10.974072049599599,10.901153900323646
train,274,2,1,3.2908742942768314,3.4882137072165245,3.7088910804028736
train,275,0,1,7.738506254916229,8.225971753399277,8.534045888656253
train,275,1,1,11.208443142153426,11.302514944760272,11.274971517087264
train,275,3,1,15.990758201112909,16.291626733454397,18.60934859768616
train,276,0,1,18.874621023560707,22.832175087140584,
train,276,1,0,16.698024806266027,16.637756204953256,16.71637135622855
train,276,1,1,16.47421168743702,16.684889674165188,17.033206772880778
train,276,2,1,10.175409831028153,11.140049507746747,11.666181322515374
train,276,3,1,11.654417637593294,11.646953895522543,11.65546351181389
train,277,1,1,9.616684938290078,12.342497098481893,12.686489228144964
train,277,2,1,8.8615326600645,9.695197014861968,9.374807805508151
train,277,3,1,13.006459444099589,13.763680675424148,13.92445262350647
train,278,0,1,6.355506685419451,6.516555249094782,14.832309914409805
train,278,1,1,14.135992762540239,14.516473853416798,14.492469565512392
train,278,2,1,58.498425244348255,20.55530873259207,45.19000763949359
train,278,3,1,6.502685361245762,6.768181935143161,6.8902195223913845
train,279,1,1,53.3667968753306,33.863885170423416,44.486993465974244
train,279,2,1,41.76937302078941,42.200968470387956,42.20614036991254
train,28,1,1,17.071643713244217,17.20155322289453,17.128675262406958
train,28,2,1,30.098478092712718,31.33544731339747,31.33076598197008
train,28,3,1,15.60540622883512,15.570988813942499,15.611072383349892
train,280,0,1,3.394980223858595,3.425992099158185,3.411004407391421
train,280,1,1,0.13091160150502373,0.38737028392919726,
train,280,2,1,10.473512071126024,10.72335553178233,10.559734824337099
train,280,3,1,13.008675901754788,9.831041481284041,8.970060293992576
train,280,4,1,12.240909748288985,12.487756785254616,12.637289400794508
train,280,5,1,5.394463060786605,5.508882881723401,5.544380244015641
train,282,0,1,8.356097440365815,7.683226542799819,7.945543582195203
train,282,1,1,37.90187436726601,14.5997981040179,76.91394781618162
train,285,0,1,3.7962700623806427,4.286210879808676,4.239469863989581
train,285,1,1,12.687795796023968,13.647255232677932,13.789433869134218
train,285,2,1,15.215734632265637,16.611810257460956,12.935390158678805
train,29,0,1,15.329698466828562,16.097360529522966,15.981008327764615
train,29,1,1,21.607446834622056,22.659319632260093,22.43995351362899
train,29,2,0,7.472780396900452,7.38350729741107,7.439018939379602
train,29,2,1,8.149952134767934,8.35646398465654,8.563268677123878
train,291,2,1,14.950614600278008,16.419182037636055,16.55318780518686
train,291,3,1,5.138772282411302,4.9808057739228335,5.337366502783045
train,292,0,1,36.50172194900039,23.05023798689057,
train,292,1,1,10.35086302510251,11.230219447570065,
train,294,1,1,,5.095704226032825,89.96100398127311
train,294,2,1,2.090310795601514,2.249918424879547,2.4153691714824443
train,297,1,1,23.610717882301408,23.845453931211647,24.609060308371863
train,297,2,1,57.69591047273519,13.071711682048207,35.58685864919691
train,299,0,1,36.64623748835575,36.70043426615937,36.75705893455189
train,299,1,1,89.70883588651947,90.35045041826253,90.07468773340965
train,299,3,1,38.31206793993649,39.04742219972287,38.724798457786434
train,30,0,1,5.38034359891858,5.507486035576261,5.529508791431511
train,30,1,0,10.846041906580549,11.217988237977044,11.238511155219138
train,30,1,1,8.49849786196212,8.518407486110995,8.516411828750874
train,30,2,0,1.0544403664107405,0.9611777124589832,0.9002834631991526
train,30,2,1,5.949381290497946,6.208115305112156,6.0428580087940365
train,30,3,1,13.180365522449508,13.155710846023943,13.307104442259963
train,302,0,1,1.202266860962501,1.1517713605945012,1.5747230557316076
train,302,1,1,10.61701056029069,11.283666733177702,11.658665012261732
train,302,2,1,10.12928575680844,10.506224657331636,11.191040405265552
train,307,2,0,19.4118598127195,19.814615970400443,19.987060142572442
train,307,2,1,12.447891368067484,12.340041095475767,12.378861261215054
train,310,1,1,13.605584066626083,13.847469529475994,19.004153148304688
train,310,2,1,17.822903915033077,18.767167388875503,18.89949877305027
train,310,3,1,8.509850690919128,8.875895858133397,9.00321240434916
train,311,0,1,10.247699130477681,10.767391700061953,10.822350396696278
train,311,2,1,,20.547858230622108,97.62703494998595
train,311,3,1,15.184603046564913,15.357146733381391,15.321013796568758
train,313,1,1,5.989415571926585,6.022156147102649,6.020455367098277
train,313,2,1,3.789318738101475,5.866214362746277,7.557883439541483
train,314,0,1,5.881433359591481,5.480948025516804,
train,314,1,0,0.14249273721051328,0.026759127679970133,0.34928707393765746
train,314,1,1,7.254682008232215,8.077754327843806,9.151036613064385
train,315,0,1,3.4325333514828027,3.72696813939103,4.047499575607385
train,315,1,0,0.9929489371228112,1.22659378404644,1.3762096611952157
train,315,1,1,7.390066055669277,7.72632700446325,7.57176068774221
train,315,2,1,8.63724323478702,8.79734566264932,8.83230204666155
train,317,0,1,3.622355551409737,3.7748345196744415,3.7118601297437492
train,317,1,1,13.570617792461077,13.575477709827943,13.57472043248401
train,32,1,1,15.528609037199233,15.856119284592902,15.9136925448007
train,32,2,1,35.68505052335111,36.20940053175626,36.05171597731406
train,325,0,1,4.790554948289063,5.205841209342605,4.978997080236679
train,325,1,0,6.4165912988302125,7.207279540390554,7.795809341245651
train,325,1,1,16.282678609649082,16.272687181587955,16.336405381097595
train,328,1,1,16.42532649894347,17.177265695430783,15.000466649923824
train,328,2,1,22.091048060745205,22.171419240539038,20.17056256827645
train,328,3,1,11.928651644220585,11.988190536023206,12.152774178568245
train,33,0,1,13.011002897543323,13.09847125990418,13.086496509752656
train,33,1,1,61.73746885502174,45.863276718542515,55.431372462524486
train,33,2,1,61.76477696876817,47.810404608257485,61.76477696876817
train,33,3,1,51.75653241009006,16.684539553671613,38.064588965844585
train,33,4,1,7.8587991706733415,8.664957149153029,9.03745820931903
train,33,5,1,6.420794555534242,6.691140904442127,6.708988632935966
train,332,0,1,17.50363245572321,17.875659272310276,18.023883175820828
train,332,1,1,22.003475402080706,22.36979118837958,22.31403476471721
train,332,2,1,17.871772805802788,17.835473444815403,17.874378473959638
train,334,2,1,39.7298453778888,39.93502283017365,39.897255866834044
train,334,3,1,31.802991569174978,31.88320566187217,31.86958848310684
train,334,4,1,22.139976117632635,22.761001670674233,22.942655678177186
train,335,1,1,22.398792822292403,22.865480470590853,22.739392402526274
train,335,2,1,21.61203621381668,22.47501557570869,22.198081656577525
train,335,3,1,2.2201070047742277,2.0973656566177117,2.906300602507109
train,34,0,1,4.201859767419915,4.439797787431102,0.5248857889259901
train,34,1,0,12.91256939193332,13.922350887226804,14.462227727875698
train,34,1,1,8.537982225318924,8.528443990632312,8.541057174517722
train,341,0,1,20.241834805938595,21.936342647589075,22.202213613705524
train,341,1,1,52.16787821280596,18.664573035447518,39.588814799265734
train,341,2,1,9.918614049094042,10.213397333093429,10.23362672544743
train,343,0,1,13.264032881338803,13.475853258758159,16.224655410183907
train,343,2,1,70.28357077482926,22.71519673652202,52.407334565154564
train,344,0,1,85.26103847184947,15.387016185452183,81.59554307130671
train,344,1,1,4.009717164435955,3.6626184686606313,7.089875141997388
train,344,2,1,0.05718482649711014,0.10878613875902135,0.05850752626552089
train,347,2,1,5.639189952551865,5.7655797816038605,5.719422743129022
train,347,3,0,1.336729268552158,1.2666050171881478,1.2337850026513382
train,347,3,1,10.419213431208048,10.67351590281388,10.574251005127614
train,347,4,1,7.004583323188919,7.578953637410943,8.002811227510069
train,347,5,1,4.001378067466042,4.090096111846367,4.410810210956637
train,348,1,1,12.675863703319523,12.619332320213772,12.670560999433686
train,348,2,1,14.152642241235883,14.147013537876013,14.166390509096715
train,348,3,1,4.651110396520515,4.792975991383124,4.878292446562056
train,351,0,1,2.525500810609377,2.8040739976029196,2.750146429593274
train,351,1,0,15.261690922953225,15.554454065335962,15.487421274752148
train,351,1,1,9.689352568239208,10.44713834062581,10.554684149588272
train,351,2,1,12.598623871732995,13.904448670092664,6.086043629807147
train,351,3,1,15.740035719013697,15.922672953931666,15.864397287106858
train,354,1,0,15.010708321671643,15.19745277877159,18.618213967251254
train,354,2,1,5.251701008335341,5.0766504840527835,5.0055606836005495
train,354,3,1,12.118912443911698,12.284620447315497,12.194349801979667
train,354,4,1,3.6456169019392033,4.030426929787543,4.479864051562695
train,355,0,1,13.826114325713263,13.850395932992843,13.85940901807162
train,355,1,1,8.857054347148912,9.101270348476083,9.023924443400707
train,355,2,0,5.576180022758955,5.589806517705276,5.589024339582519
train,355,2,1,13.217732053075324,13.258387214302758,13.26216080401549
train,356,0,1,8.226290226773656,8.332195260722216,8.152745635695695
train,356,1,1,,0.40684066676887004,72.85377330233399
train,356,2,1,3.3166994444306,2.789855544889292,4.311956365210968
train,356,3,1,22.57649358942452,23.04380559954576,22.71543771350554
train,36,0,1,16.788990048558997,17.16800392703378,17.140610209322467
train,36,1,1,14.474411916326831,14.142813360990367,14.267405183368375
train,36,2,1,2.502482163300222,2.5701882181713853,2.5469157755165117
train,360,3,1,79.49251796534539,52.916196784458755,73.98885035073117
train,366,0,1,65.76164440630421,26.54883760049182,45.99938452799909
train,366,1,1,30.568342548404832,32.28908785075962,32.42902943728455
train,366,2,1,84.33829931880588,22.170461911891994,72.08962809998891
train,371,1,1,10.05996028123813,10.296182343490644,10.32317208033918
train,371,2,1,80.8392125629399,10.831958433530012,49.67793098043611
train,371,3,1,14.224849115629093,14.788543529297261,14.7128349269904
train,374,0,1,20.141287423137126,24.07442251437606,23.76738365162764
train,374,1,0,11.054495439119497,11.827534652319907,12.180715846011678
train,374,1,1,4.940828424612125,4.714329947796683,4.845963649310737
train,375,0,1,2.4536669343706543,2.594811558486443,2.6820779712539893
train,377,1,1,10.349480922412248,10.53120538490451,10.59592430243675
train,377,2,1,5.9364774237870055,6.563830905365525,6.804045614379603
train,377,3,1,12.542215020431211,13.454132486769844,14.368114830364242
train,377,4,1,11.318676019861513,14.557411349687035,48.04802205223443
train,378,0,1,21.05233209911718,21.069337871754566,21.059243981567803
train,378,1,1,23.125294595180776,23.258998596107716,23.256100378461873
train,378,3,1,29.79077360398794,29.335540807328442,30.956498620195088
train,38,0,1,6.719262902113946,6.585429248438548,6.609462078879582
train,38,1,1,28.967330720691436,29.172066027715587,29.199951020245017
train,38,2,1,,10.877305295326842,
train,38,4,1,13.797562432004623,13.152602004247479,14.711871847096326
train,380,1,1,65.21373763238584,11.974273807486705,39.48049860877431
train,380,2,1,3.7601322704817113,4.258043666882683,1.6228203032525756
train,380,3,1,3.9003666883881913,3.8497153394498462,3.892043729910936
train,380,4,1,13.808357842599733,13.8034027256507,13.910657138772251
train,382,0,1,23.246071926270815,23.267834384808737,23.27021217448191
train,382,1,0,19.145662517734046,19.17339859588365,19.184752436090534
train,382,1,1,10.595498352442565,10.614570949699578,10.610822104330712
train,382,2,1,15.331657621780481,16.061377146702792,16.147661972766773
train,382,3,0,24.66207488041429,25.00342666299768,24.95991982162678
train,382,3,1,24.510001093026425,24.68399922491994,24.71760629200353
train,386,0,1,12.9527122051411,13.174043777150798,13.21010972531872
train,386,1,1,23.41079086459013,24.477185854931278,24.357341232142534
train,386,2,1,7.570124846184193,7.928608168303841,8.154828200446403
train,39,0,1,63.88138201179756,65.93667056176363,66.94151673820309
train,39,1,1,100.0,14.828255994197729,64.8566224108272
train,39,2,1,34.1535309600833,35.01373522327951,34.6738368147011
train,392,0,1,21.39050612265516,21.410463217886686,20.020236104561032
train,392,2,1,19.04902985021433,19.68724092438551,19.784473895259204
train,393,0,1,10.752727650275716,11.493989375294191,12.519886491853605
train,393,1,1,17.672798602764562,18.47674664572464,18.850594553662624
train,393,2,1,9.907733255988903,9.968814107589937,9.926796850275938
train,395,0,1,16.770667176990457,16.929675864364842,16.979747524168793
train,395,1,1,10.269297847666982,10.157244181509293,11.746534750563809
train,395,2,1,39.90441008392674,33.39935842683002,57.01758611200384
train,396,0,1,46.26768706632811,38.839694461592956,61.8474798526227
train,396,1,1,24.23624545441196,23.992283963354215,24.153002823602492
train,397,0,1,9.545920366711838,9.504084908571826,9.72163951338102
train,397,1,1,9.116009119489032,9.450951649786637,9.361124393041322
train,397,2,1,6.861402289130806,6.619232042741835,7.22000360713515
train,397,3,1,37.69379096444984,21.04398897005202,70.26924211625439
train,4,0,0,15.591488169081124,16.201456914233585,16.555963611993437
train,4,0,1,6.210444307646273,6.0672330001482715,6.234955109541266
train,4,1,0,7.15693914434779,7.856711576344925,8.075441707549343
train,4,1,1,9.198151293685392,9.271207443400819,9.233756041493635
train,4,2,1,6.2553965949284835,6.299326776755508,6.2959151788965535
train,40,0,1,5.46453528521128,5.654746027382712,0.18757766970367235
train,40,1,1,5.852492016865824,6.074153525943558,6.132583680345343
train,40,2,1,7.468106311192031,8.143875725514803,8.378678844549556
train,40,3,1,22.352128700534106,15.852666739871726,55.70182443824281
train,400,0,1,100.0,9.29290390148178,63.318324675499504
train,403,0,1,6.318175014089531,6.143336187113066,7.1530207613493255
train,403,1,1,12.796287381192279,13.251802427015669,9.711785148194942
train,403,2,1,14.362739174945965,15.015890744947114,15.222019330377654
train,406,0,1,12.32849364539797,12.542104768760689,12.447511555139968
train,406,1,1,17.016628825816905,17.285855971583473,13.259366178515322
train,409,0,1,9.195425857003517,9.601909825902762,1.491758484002473
train,409,1,1,65.74967279628392,13.46579008696383,73.39449163843533
train,409,2,1,1.228507249152384,2.041762813501306,7.676751039426488
train,409,3,1,9.054288362663938,9.129731850547993,9.107748527427905
train,410,0,1,31.833019317954335,34.53324003504075,33.585258199767466
train,410,1,1,8.343464432629448,8.550592291147884,6.01896313017251
train,410,2,1,25.537087217789484,27.718258420699897,28.224294707230246
train,410,3,1,76.3812959814421,17.831200501738913,57.78648853942351
train,415,0,1,4.830793623906339,4.813304830469084,4.833518286564236
train,415,1,1,,1.5237549761757196,
train,417,0,0,13.992579567657732,14.344469393703138,14.18090558758544
train,417,0,1,2.5090163114872404,2.7691485553748745,2.8860211672321485
train,417,1,1,,4.28454017791334,
train,417,2,1,9.380888592362483,10.26248117548031,10.808148895276322
train,42,0,1,5.474393341559019,5.656057656763732,1.7811153348866218
train,42,1,0,9.178033197684348,9.02297907621093,8.953148556190925
train,42,1,1,9.276948536176862,9.0250861737397,9.114710862527724
train,42,2,1,6.007553108220006,6.100029139991121,6.084359633050194
train,42,3,1,10.559025686067258,10.726260493729894,10.77039584073973
train,420,0,0,42.34065308426377,36.117439640006154,40.668385708279544
train,420,0,1,5.636709047230044,5.869190160504409,6.198530611040355
train,420,1,1,,2.7680077975088846,
train,420,2,1,4.813611558673038,4.963223754453429,2.9570495260848073
train,420,3,1,8.680891429602777,9.06861379235574,9.313650224169349
train,420,4,1,8.949628739293292,8.930049799747849,8.95614505793493
train,422,0,1,8.104941646829657,8.337589256610729,8.391872115006755
train,422,1,1,12.541487594484288,12.87613899518264,12.96529204387199
train,422,2,1,5.193698030054068,5.412592208241973,5.890811018206008
train,427,1,1,8.198585308709767,8.412532738956543,8.318110141857517
train,427,2,1,17.781304273169702,18.00610996811307,17.974534065538688
train,427,3,1,18.87554646824137,19.33827949893899,19.283877539820466
train,427,4,1,1.2678894089742383,1.6477182362511487,3.8180632985591085
train,428,0,1,13.298042517586595,13.727550713024577,13.747347250726676
train,428,1,1,38.75739568767912,39.01557969389361,38.95433279228663
train,428,2,1,44.43152592610852,44.91886267103989,44.7121256678506
train,428,3,1,20.29984430962163,21.072994760024823,21.25461867472182
train,432,0,1,6.914457348916576,6.848769277217581,6.948546700810685
train,432,1,1,8.754370646524642,8.632973002726905,8.950634177907288
train,432,2,0,4.28259335955092,4.604495846695348,4.603892574233492
train,432,2,1,3.847787979093572,4.071593267287427,4.072054087871163
train,434,1,1,11.130707809012733,11.389535744872239,11.30722513296164
train,434,2,1,5.191000768491056,5.811284777771334,5.736680232053478
train,434,3,1,,5.992778689361684,60.01033243246936
train,438,0,1,2.9059369786025613,2.7197527758001474,2.581932357360068
train,438,1,1,3.196659120184893,3.3807428384675013,4.061898375031848
train,438,2,1,1.804991437795679,2.961656098482343,28.782950004662094
train,438,3,1,6.781507666301491,6.930930301151905,7.766974346882923
train,440,0,1,14.382875229366116,14.609436395298662,14.578693098289481
train,440,1,1,,20.73417981828988,
train,440,2,1,4.679042539508419,5.042885249466012,4.787351139061075
train,442,2,0,5.483299791023004,5.3639875382920605,5.544024662304546
train,442,2,1,6.0115416446826595,6.666728761948668,7.206452418089286
train,442,3,1,10.74812058168635,11.421585510449258,11.353919561059712
train,443,0,1,2.396910505751783,2.863697338113572,5.460032643174059
train,443,1,0,12.524444043552046,12.544824546554182,12.524274816026072
train,443,1,1,5.454631996563957,5.791505558681558,5.952831386956321
train,443,3,1,11.262256731305694,11.431203705470933,11.36003267381596
train,446,1,1,20.751471586758118,21.40971166449758,18.655517756450905
train,446,2,1,12.118809189905777,12.335950436302577,12.218286890376866
train,447,0,1,20.25477098521383,9.812547656121277,53.71899196073458
train,447,1,1,4.262720452398847,4.493943503436163,2.024299540806936
train,447,4,1,9.694383119411512,9.634332776146058,10.061008653161927
train,449,1,1,86.97861057372089,17.506973352903895,75.5248043785962
train,449,2,1,2.3904548141770356,2.46022885504606,2.40000458931173
train,45,0,1,5.902771885333477,5.993356298060754,5.978118953127
train,45,1,1,6.723158180802605,7.6792606715318374,8.141806735627728
train,45,2,1,17.166541958880735,17.722479474137547,17.90687059487577
train,45,3,1,52.93163656698214,23.202353275604647,42.215790015911764
train,451,0,1,7.85036970660153,7.849873056096291,8.446581369486893
train,451,1,1,71.19171267231576,9.731220557033618,44.25923121894092
train,451,2,1,6.191601306916447,6.283054333788061,6.2755863897110205
train,451,5,1,11.878637781348413,11.770849081026146,12.168489675834191
train,452,0,1,5.008139704462453,6.043494266059776,6.328358229128156
train,452,1,0,13.73332861368576,13.723750162737478,13.729215830565494
train,452,1,1,4.398835650089181,4.521862051805811,4.5889260981091855
train,452,2,0,9.271440534368443,9.300959772816487,9.296360517558943
train,452,2,1,19.954331337045556,20.705345451834116,20.788277880999846
train,452,3,1,5.94456534372895,6.401482400818042,6.73578308003181
train,453,0,1,4.739257558001475,4.95616130841952,5.237752315180896
train,453,1,1,11.808105307496493,11.634873362590026,11.716628325409046
train,453,2,1,15.493927441375813,15.920792108755816,15.882019729206814
train,456,0,1,12.91164753025697,13.169649956671266,13.148898326078198
train,456,2,1,12.898740220208893,17.12123249370553,39.746670491824226
train,46,0,1,11.08245067194027,11.455743994943996,11.463158468421177
train,46,1,1,12.189006870910063,12.245482411931043,12.311514599977897
train,46,2,1,9.408187809892423,9.540239013709675,9.446678666431401
train,46,3,1,5.057250193489975,5.1184397242105595,5.1039075473325175
train,461,0,1,75.20358829095359,31.807269062059845,67.14993362259631
train,461,1,1,,3.0217936237722487,
train,461,3,1,12.130542996956919,12.171907396598051,12.141900496936307
train,462,0,0,19.21066745379911,19.211351024656175,19.211457229546504
train,462,0,1,14.717695355233765,14.571634951761045,14.591507820162647
train,465,0,1,13.302285926028373,13.688035472796503,13.578151078957394
train,470,0,1,8.353177505907954,8.591591990046016,
train,470,1,0,4.707613452271877,4.715555574097316,4.710780833836976
train,470,1,1,13.16921855143087,14.201486688464982,14.975518189108545
train,470,2,1,12.937026604126837,13.174283657422677,13.218923696090744
train,471,0,1,6.330444172609761,6.6029856392092094,
train,471,1,1,13.847138973621794,17.926534013819072,18.274294585608402
train,481,0,0,19.169821603450877,19.326227945014598,19.24099550058943
train,481,0,1,4.996948037527972,5.242603101748539,5.354675673635185
train,481,1,0,15.70328454251543,15.863769640582772,15.728611626552327
train,481,1,1,7.59413303954626,8.206961208287344,8.638097381685371
train,481,2,0,12.058031188829782,11.994253779138235,12.028605598598583
train,481,2,1,17.11925078600779,18.409169703476863,18.832200695503463
train,484,0,1,11.71265494166728,11.652752371361707,11.61887035792257
train,484,1,1,7.166016242103809,7.493791176305475,7.612688795519886
train,484,2,1,3.1870553068533516,3.228250355084117,2.133981721904555
train,484,3,1,7.678825530564983,7.023007651707021,8.051148253324486
train,49,0,1,8.896865270259449,9.291702388424763,9.340756233959443
train,49,1,0,6.175403850549095,6.103965299296525,6.13195519376534
train,49,1,1,3.678197379798916,3.637405397036041,3.611718953942259
train,49,2,1,6.054625626009954,6.769356692370228,6.570656168264395
train,490,0,1,18.316840305737507,19.036168156699155,19.073511766907593
train,490,1,1,61.75254734632979,62.50586357426643,62.51036483509398
train,490,2,1,47.210401026778,49.021531911653106,49.341415825126916
train,491,0,1,30.61919756035817,31.158568239852606,31.160556179814886
train,491,1,1,30.441473871004117,31.26111409962261,31.438488552626424
train,492,0,0,24.881742982287943,24.922780502135478,24.907473325517966
train,492,0,1,56.510086489512545,60.423682341556294,61.4089213349025
train,492,1,1,43.3019906405561,26.732989694787385,36.71968393261199
train,492,3,1,58.72296575494972,59.02284170993332,58.92773169037767
train,492,4,1,38.39517226502616,38.41561457528816,38.463744772948786
train,498,0,0,5.507924673782194,6.130838505361151,5.963261292893542
train,498,0,1,4.412013008869255,5.275358442014129,5.504780633163446
train,498,1,0,19.767198636288956,19.712210556929982,19.961133012586842
train,498,1,1,9.879013410659681,10.346275310164108,10.630308095125802
train,499,0,0,23.867293683072642,23.68849289152018,23.858803948538288
train,499,0,1,35.4032755626962,35.77686099442133,35.55715277790223
train,499,1,0,37.02330518097129,38.09635768537568,38.49467904241409
train,499,1,1,10.029726460334048,10.010683712282798,10.026260786453253
train,501,0,1,29.793413727807305,30.168205788894873,30.588741278791936
train,501,1,1,31.618807194698633,32.53767313458768,32.55540877733744
train,501,2,1,64.39549800314653,58.27091103864802,62.53595200920372
train,501,3,1,15.449525452976658,18.86621759562027,20.368229120341542
train,503,0,1,6.382565712841881,7.9946744737249515,8.465716657885519
train,503,1,0,4.985895335222939,4.979762578516441,4.981619052997941
train,503,1,1,12.62898315351827,12.755906629588498,12.836260151067687
train,505,0,1,22.684333339092245,23.021417440214933,23.004063470682357
train,505,1,1,68.11693652846847,68.94175759512764,68.67840995631968
train,508,1,0,16.249342451341413,15.851986250706052,16.543144520910534
train,508,1,1,2.878334527371549,3.3098721314381185,3.842392063713846
train,508,2,0,4.936280976079176,4.638623336500394,4.966553745941562
train,508,2,1,8.207589175283237,8.356299003464159,8.450717467518276
train,509,0,1,11.12398237340263,11.197072221482015,12.655898446891372
train,509,1,1,10.503368871039473,10.610499159367075,10.593263343789312
train,509,2,1,3.761457232852225,3.728710327573949,3.7935353754912184
train,510,1,1,4.702898900794027,4.755202598211512,4.732708166799496
train,510,2,1,5.406103082190615,5.136735111936639,5.696035417178727
train,513,0,1,17.908809527480784,18.661159644117216,23.692727681146863
train,513,1,0,15.479332545593055,15.776198971356306,15.7532042095826
train,513,1,1,8.296239603405265,8.323577450127203,8.32578912217755
train,513,2,1,,7.201533618218689,
train,514,0,0,12.713836165384782,12.678834075437495,12.928144327795316
train,514,0,1,13.93778026649635,13.927943286918667,14.306858108867296
train,514,1,1,41.63802080828397,27.84254538615103,61.581319295419924
train,515,0,0,20.218823255490904,20.134637333053583,20.206708702204292
train,515,0,1,15.626569062550717,16.3828156394141,16.7390192597653
train,515,1,0,29.924787078752367,29.859307226239974,29.903283146936737
train,515,1,1,13.628875128770332,14.135190075673435,14.569032715674096
train,515,2,1,20.026777385753807,20.639212591675037,20.920194493823953
train,515,3,1,19.979738998674122,19.996459604196467,20.14579755199521
train,516,0,1,2.478655737787052,2.800103843039664,0.7599892927716272
train,516,1,0,6.4283336805384295,6.454056679820795,6.475041378894921
train,516,1,1,6.358553901425166,6.258242759025497,6.3297090871789905
train,516,2,1,10.594286206526444,10.99303602367771,8.687880126758484
train,516,3,1,8.69212760314378,8.964741031921761,8.917552615464471
train,516,4,1,12.587905604879012,12.657089385537034,12.701652552276588
train,519,0,0,11.759664687935341,11.74191822297232,11.755381702235887
train,519,0,1,7.088495017727577,7.411155397600333,7.503282963791033
train,519,1,1,11.232134957404988,12.128859990623432,
train,52,0,1,32.17209217918647,32.1792261717362,32.17907380914152
train,52,1,1,100.0,100.0,100.0
train,52,2,1,38.03574591055191,39.775578367189716,39.841816334648364
train,52,3,1,42.52185083502822,48.26058768544928,49.73818146915684
train,520,0,1,9.720720376853386,9.620472545186841,9.659066138884162
train,520,1,0,18.605157457454272,18.958730025129892,19.385251241711114
train,520,1,1,17.692382526640205,17.54976447259088,17.702429158545634
train,520,2,1,16.24602625963389,16.558572329291753,16.392337619709757
train,520,3,1,15.134135404669157,15.298426700027218,15.316752671700698
train,523,0,0,5.146718632173321,5.351095580466844,5.367817351445602
train,523,0,1,3.3553195576242416,3.626727944402001,3.6114234420323035
train,523,2,1,6.354280947223467,6.791073175276262,6.9089002637592785
train,524,0,1,10.224507775319507,10.286969976364222,10.278759873814112
train,524,1,1,9.781610264771636,9.875394629192051,8.682365717764204
train,524,2,0,5.628202442347585,6.080349602346255,6.6884476300813125
train,524,2,1,4.28277760739386,4.286917333397092,4.675826592110921
train,526,0,1,9.105214504446161,9.027716020343426,9.7833162564976
train,526,1,1,5.886740627333652,6.802694484896151,6.663598519595114
train,527,0,0,8.00557321127142,8.454980680372454,8.633359638176666
train,527,0,1,13.238767533091133,13.336867894320594,13.275068112800378
train,527,1,0,10.791878627304158,12.136004314007378,12.040502201412327
train,527,1,1,11.659985805649972,11.819936798877745,11.894432282940192
train,527,2,0,4.76187042163802,5.152727454795678,5.36280618889962
train,527,2,1,13.774542702411678,13.914941333091956,13.813576005003483
train,528,0,1,6.0067470274820165,6.437784836751706,5.8199304594267804
train,528,1,1,6.428920454580826,6.8216787009341004,6.7520504711164495
train,528,3,1,65.52548570104706,15.793605551680132,47.69747239459715
train,529,0,0,12.400432982022519,12.72128510489083,13.273972925420544
train,529,0,1,5.539916207710631,5.681821191683431,5.523575373087584
train,529,1,0,13.812531778631365,14.044182630037527,13.970715655521424
train,529,1,1,13.337342724478166,13.717024038372411,13.860164889543316
train,529,2,1,18.201200426870333,21.19128255491835,20.053205764637067
train,529,3,1,8.691244284553685,8.687486533260225,8.701024302360862
train,532,0,1,,3.636557437373496,
train,532,1,0,9.351348392248985,9.218406667601222,9.264512711697936
train,532,1,1,5.065403331200665,4.974440167296543,4.944794757130546
train,532,2,1,6.7946136761847,9.147320021336343,10.81853367834208
train,534,1,1,1.212702561234127,1.2136065121508963,1.2003921026478652
train,534,2,1,8.807933965784274,8.959491954416778,9.093892943747987
train,536,0,1,26.246763211737733,29.641428953500082,30.079009024602037
train,536,1,1,15.928177409800165,15.991634909188162,21.24692336020924
train,536,2,1,27.57740063803304,30.374994324058008,29.28472771802177
train,538,0,1,8.948107954753805,9.082287103112675,9.092871736045124
train,538,1,1,24.162921843069537,24.80209494425575,24.74010150373644
train,538,2,1,35.91278953033261,35.678020806776246,35.84435979567828
train,538,3,1,56.62318260009388,17.7766763525448,37.9160179020739
train,538,5,1,5.9567548356139755,5.4090797747928265,5.956754835613976
train,540,0,1,43.719749140243245,44.30247850760599,44.11642880588951
train,540,1,0,28.19223259226028,29.61576266483887,29.699666821673336
train,540,1,1,41.252170621305915,43.83337504293196,43.69692916889154
train,540,2,1,21.30814004623724,21.41101847685813,21.419238866361866
train,540,3,1,24.575025967502558,26.423408383831358,25.59428219941944
train,541,0,1,63.79250282658072,64.83711337246645,64.96262756539628
train,541,1,1,21.904978611029186,21.750782048127398,21.79897752775197
train,543,0,1,78.74413897217866,77.92929894006578,78.24917792670738
train,543,1,1,61.75623299204878,63.183918522215144,63.89273676283776
train,543,2,1,93.32015534197697,93.63240323942684,93.63252616145073
train,546,0,1,83.40215813908489,84.51343237738577,83.81096077020248
train,546,1,1,57.68011334141681,59.854486030348376,59.85514455349232
train,547,0,1,15.897230774869087,15.984805914080505,15.998983422873032
train,547,1,1,10.375413080942913,10.243547639716773,10.214981303786056
train,547,2,1,12.553242041258214,13.178718111810985,13.07209718450148
train,548,1,0,6.59761583631661,6.62435120846982,6.583830617875734
train,548,1,1,10.042156111955011,10.228491073548222,10.398571306711567
train,548,2,1,9.083775012056885,9.553222020196362,9.809686143307005
train,552,0,0,38.4826487832865,39.33282719378299,40.35035515753527
train,552,0,1,36.980300160222626,37.6325575009465,37.29032618240104
train,552,1,1,26.679442800141402,26.546690981555404,26.724411538599067
train,553,0,0,79.37294640503909,89.27669118032465,89.07962284033154
train,553,0,1,51.72969931081892,55.025825691327576,55.24058623484843
train,553,1,0,36.54404967220356,37.44872391277732,36.98350119896296
train,553,1,1,78.6287149051863,81.1724593133866,82.02498243151804
train,553,2,1,16.342979345349697,16.457177055528437,16.43104073469816
train,555,0,0,29.70769808487523,29.32130852089915,29.603315203617374
train,555,0,1,45.051210332568274,46.35968890532783,48.157421234833805
train,555,1,1,55.58419718453757,23.355073864358214,40.5158283997326
train,555,2,1,18.64254038929436,20.85401019748296,21.882221334294258
train,557,0,1,40.398379238772826,40.84047719674795,40.920950191487535
train,557,2,1,31.504700831954498,31.409105859852264,31.421245147687575
train,56,0,1,92.57064636501711,93.36802044030993,93.39647329720671
train,56,1,1,73.00224850914073,74.49339936255708,74.29745743035045
train,560,0,1,30.13238160751405,30.2398284523925,30.234253048039644
train,560,1,1,37.60533850023865,37.794401819008314,37.882156484459834
train,560,2,1,55.045850888853835,31.58203116436568,43.31888167305632
train,560,4,1,18.624187145175778,18.948401040799578,21.691333113442326
train,561,2,0,6.369067970150728,6.532418624188136,6.614246865089765
train,561,2,1,6.434249594774595,6.209201260764212,6.399925034771621
train,562,1,1,72.32197358939668,76.19446872018719,73.95744552713252
train,562,2,1,9.957600000000177,10.623799300245908,10.986047679122379
train,562,3,1,11.74900346355452,12.76779649998588,12.598368642047287
train,562,4,1,4.308228754138028,4.36740002716324,4.671669238327731
train,563,0,1,14.371877083586284,14.862010966581563,12.201719223683401
train,563,1,1,23.433127471943955,24.391449385447846,24.502239945576093
train,563,2,1,66.51050613671279,19.78034120456322,44.35158784887631
train,564,0,1,17.415087266241006,17.84961886044856,14.295223765133336
train,564,1,1,26.49610958697639,27.304537505891602,27.44478650215913
train,564,2,1,62.95640192093891,20.185274718938086,42.213157613938144
train,565,1,0,13.182467775400553,13.081078801751255,13.236365018265852
train,565,1,1,3.6236675410690227,3.7161655962702143,3.93535047572156
train,565,2,0,5.040877723329427,5.041890124828937,5.052957915492843
train,565,2,1,15.981990080892066,16.425327135271807,16.666775906782654
train,565,3,1,10.018850419215536,10.246384020132089,8.561326235794978
train,566,0,0,32.21155369367734,32.09224158329151,32.094200512640114
train,566,0,1,97.26972646684808,97.948777593413,97.9576986430353
train,566,1,1,23.589003798744052,23.78692809482753,23.68478614732267
train,568,0,1,14.857705706731828,15.382083338827588,15.580929188562868
train,568,1,1,40.08891751947662,41.37590384665339,40.94067919631269
train,569,0,1,30.817147724988768,31.183494669784405,31.294123775278603
train,569,1,1,32.35226637115837,32.666710228047165,31.62005207559145
train,57,0,1,12.376444204567397,13.04084241643946,19.939772598114477
train,57,1,1,71.03121883121611,50.26049122632127,61.298509174676205
train,57,2,1,49.384497771957605,49.48132449178968,49.46946258102408
train,57,3,1,49.30165378766796,50.18690116646625,50.301971018399826
train,57,4,1,34.21395543291077,35.416405794464254,37.81120582531168
train,571,2,0,16.685426302596607,16.61407080819903,16.771036723824622
train,571,2,1,40.82649688078477,43.97331747931952,45.153710413003914
train,571,3,1,43.106184642163896,44.245703647828066,44.51730459908885
train,572,0,1,13.562346940027068,14.176061859196972,14.04261393227911
train,572,1,1,18.50961670687426,19.07970656110607,19.158963534146366
train,573,0,1,19.054103740123093,20.125376368508167,20.589386628792905
train,576,2,1,48.313981843267634,50.021779763447924,50.288959768835205
train,576,3,1,29.744571244460964,30.34054454341521,30.299032434516654
train,576,4,1,34.37283546982835,40.24158873173753,47.5880857544095
train,577,0,0,17.55177442222377,17.586114523989334,17.711586735852336
train,577,0,1,34.56828496824429,44.24678413523542,46.8481354203448
train,577,1,1,16.335279852321317,16.596679798570126,15.789502864573429
train,577,2,1,14.942328150289121,15.296526545626355,15.196048206074375
train,578,0,1,19.63555753224112,20.091440747264972,20.17117083249501
train,578,1,1,41.76552989346497,42.25401583121253,42.200099076102845
train,58,0,0,77.38430432093983,79.53077665051256,79.38743294200845
train,58,0,1,71.31233341422374,71.82503242252041,71.99442837486602
train,58,1,0,42.65957345481738,43.311749643159345,43.19024729916591
train,58,1,1,55.21607782494444,56.43222653557615,56.725012850311465
train,581,1,1,52.00842862804657,53.136848529197586,53.08934587476869
train,581,2,1,22.25236841151525,22.11394529195226,22.351804896290517
train,581,4,1,15.779963692586927,16.21401260070476,16.255982167917722
train,585,0,1,24.00887854504486,24.585120419106357,24.538006610224837
train,585,1,1,24.411321601916335,24.49881152766133,24.46857559291733
train,585,2,1,33.98963911361231,33.7778256388849,33.87311273991241
train,585,3,1,29.540242891060785,29.81395683024044,29.74657939332616
train,585,4,1,9.075111478651058,9.12610351984812,9.193783753990918
train,588,0,1,35.087461507612296,35.9209744951747,36.02557938369323
train,588,1,1,17.75266040927184,17.892098924449034,17.91253074423077
train,588,2,1,12.968135089301416,13.212149909114054,13.185568991857203
train,588,3,1,9.09932895290882,9.447990091972471,9.38014650440428
train,589,1,1,20.232133136997703,20.240772192402755,20.277389987397125
train,589,2,1,47.512166605350444,35.84495069098727,43.04854292967309
train,589,3,1,21.085378153312583,21.364940612723444,20.556375159082556
train,59,0,0,39.214788648838024,40.14498972101264,40.34224094348005
train,59,0,1,59.58842923239419,59.470592328828346,59.533410689348166
train,59,1,1,67.60885205520833,68.6563523789049,68.56150612263878
train,59,2,1,38.31649273039916,38.153729015922906,38.19934504954474
train,592,0,0,33.16839010508269,33.10851130497055,33.03594445645324
train,592,0,1,99.74597674300608,100.0,100.0
train,592,1,1,22.613407475289343,22.64472552524441,22.582583030684834
train,592,2,1,18.09643677820784,18.43390402411799,18.46817040266913
train,593,0,1,34.54350281786048,35.82358535053171,36.04756743348479
train,593,1,1,45.70815776532937,46.97928195328068,44.54457342717625
train,593,3,1,7.254217158954355,7.118519514441607,14.064839006634275
train,596,0,1,10.582885292063942,11.925827965704853,12.185441472171405
train,596,1,1,14.949296405818451,14.909464469844009,15.130491294159413
train,596,3,1,3.2095799407077545,3.8842044302286176,5.2792904653037125
train,598,0,1,9.079526851505861,8.989087720096588,8.985024787211474
train,599,0,1,19.35228388137063,20.242341796004673,20.48075538148778
train,599,1,1,40.46998546738465,34.714390433349166,53.235019939938056
train,60,1,0,10.821112273663783,8.61292874999013,8.421864137612163
train,60,1,1,12.666105925031257,12.540444924175043,12.568139461497893
train,60,2,1,16.173869578971182,16.390108750157754,16.440562955544696
train,60,3,1,14.636656794966957,14.51941937232717,14.551162249686604
train,60,4,1,19.06902667301882,19.478942755022697,19.35210757208227
train,604,0,1,11.160104936231113,11.074141188275616,11.479297823709777
train,604,1,1,19.358933116270595,19.586350983124543,19.612669129071875
train,604,2,1,20.148465974842036,19.942999381875026,20.00945234901025
train,604,3,1,6.189856751896397,6.15237728944253,6.200579139052316
train,606,1,1,10.596020881353919,10.478018382183228,10.535554741095574
train,606,2,1,13.553673252865615,13.598623123721202,13.58255767828387
train,606,3,1,11.4235393159313,11.286485640495512,11.357664989221803
train,607,0,0,3.490822338288544,4.099155174221353,4.719394852373
train,607,0,1,17.790119213323205,17.71377697520517,17.806391306369225
train,607,1,1,,6.364681333223757,
train,607,2,1,5.4722419901444,5.511189704216564,5.5113673186731855
train,608,0,1,19.5130018571994,19.511131129627213,19.51279819954298
train,608,1,1,22.758528380995838,22.75558356425922,22.75653491707445
train,608,2,1,25.752809057621196,30.917106216299295,26.30464640529292
train,612,0,1,76.67478580303663,77.04173109931544,77.01298321079265
train,612,1,1,28.16179576885174,28.293247331192152,28.249178049217015
train,614,0,1,49.35525074533378,24.001690261088196,36.47759731116544
train,614,1,1,22.10561022465118,22.65012796342859,19.684750748951366
train,615,0,1,22.96791460498818,23.800580176213227,24.238723307913226
train,615,1,1,33.06132555296103,33.560551561567955,33.479668840002006
train,615,2,1,26.699837343274197,27.087979084746554,27.157532178939604
train,615,3,1,19.8911555503686,19.938163325336415,19.902874160518632
train,615,4,1,9.606995471211109,9.885193410432791,10.511400761154581
train,619,2,0,11.975277058141936,11.978225865647204,11.976741146633577
train,619,2,1,7.483937082725052,7.578329493648109,7.644075752383903
train,619,3,1,1.02607507263342,1.175842239016287,1.3161870641257483
train,620,0,1,22.41053933633029,23.96789225758397,24.092959310366286
train,620,1,1,25.407717671645475,25.714261339612044,25.689377573130972
train,620,2,1,5.717757900287487,5.980968293849308,5.918649161561438
train,620,3,1,9.862164345425057,10.385619817088658,10.39567177311539
train,621,0,1,44.40159337611059,45.087203234429076,45.0382255835256
train,621,1,1,46.62755038099952,47.769951445769834,47.91902719459703
train,623,1,0,9.88521968725957,9.503868063508873,10.908806917232852
train,623,1,1,4.655100409985348,4.799466371870289,5.791664541267229
train,623,2,0,1.5511437389193004,1.5929934925057474,1.5867587993523078
train,623,2,1,6.085039163002823,6.095338796357926,6.106512240479882
train,623,3,1,6.378590217228362,6.422995361830624,6.4163389624805225
train,623,4,1,7.939095218809446,7.952097769107307,7.984246893198091
train,625,0,1,6.085069398545856,5.921086871072548,6.034534230726284
train,625,1,1,0.4125245068024322,0.5186094070281423,0.829854593413431
train,625,3,1,10.93454917875874,11.724952118297823,12.935021953805109
train,627,0,1,17.762830608151834,18.386842525189643,18.38868253955466
train,627,1,1,18.455882235937345,19.268922957173615,19.261938131772123
train,629,0,1,4.697151629087548,4.79441212077434,4.9263289945312145
train,629,1,1,9.892975019104073,10.02886076985984,10.087684253575345
train,629,2,1,0.5738222076083863,,
train,629,3,1,4.201320654172406,4.517662804988688,5.0000839043206975
train,63,0,1,23.746213314401448,24.54815932156564,24.542742831479725
train,63,1,1,28.168611071822742,28.73431777581601,28.826058969323686
train,63,2,1,9.977265833176425,10.61116986113575,10.747720736533925
train,63,3,1,37.71609462397274,39.17765375535978,39.094596480615245
train,631,1,0,9.854346682076669,9.75896982263607,9.804671830140563
train,631,1,1,10.056795332110056,10.238951534731926,10.34687840774767
train,635,1,1,30.846172383648824,31.84614080566301,31.85988530614151
train,635,2,1,29.17240150221472,30.44655812616657,30.302945877246636
train,635,3,1,3.2796813143741574,3.472895793860023,3.3426113490116904
train,636,0,1,16.88581627501627,16.950270064522737,16.991482975519997
train,636,1,1,17.259207556578488,17.3285759720714,17.350019553069675
train,636,2,1,67.91382965981153,57.27422259518875,70.95198120315882
train,637,0,1,61.96256067399748,62.73826018835585,62.58730500438416
train,637,1,1,46.18421132167032,47.610886804333994,47.59253196965289
train,637,2,1,56.615466321891915,57.32621289594668,57.863303686093914
train,637,4,1,32.923070559841044,34.82305052269208,35.28197011927768
train,638,0,1,74.63675514176762,12.968547410222486,63.67326911653096
train,638,1,1,11.843053948671251,12.01344648314999,11.982550256776939
train,638,2,1,4.046942444231077,3.706521922886986,4.3839496914042435
train,639,0,1,31.466770857373476,32.84833717523764,32.768444875603294
train,639,1,1,42.129485900541354,43.32043370962911,43.41924807081911
train,639,2,1,40.79595281434473,41.0621393013583,41.385960846999076
train,640,1,1,23.38972505909072,24.887498990431727,23.917052546468796
train,640,2,0,20.587235947399556,22.009195380581584,37.532974253385206
train,640,3,1,9.372989081940469,9.133563821144158,9.2692877583006
train,640,4,1,3.803388494909631,3.8795512885140466,3.928857793698686
train,645,0,1,21.17615432272929,21.506822039417486,21.595893188436232
train,645,1,1,43.14799807005037,44.04516350330782,44.17503922250208
train,645,2,1,35.86871174572619,38.630175996011914,39.39418105085662
train,646,0,0,3.202773483638066,3.2470094028503294,3.2922177815221976
train,646,0,1,15.553167101763357,15.89119293604379,15.727093232051526
train,646,1,0,14.514442578610495,15.545740944208426,16.28181100704546
train,646,1,1,24.001376976792834,23.464110658520784,24.00067625714552
train,647,0,1,52.001775639097445,52.667302385881435,52.685010925491284
train,647,1,1,70.87542642413244,71.0792972052095,71.17396901502579
train,647,2,1,40.567068948498665,41.77298554537585,41.62017734715868
train,647,3,1,36.77264053498198,36.899067866192745,36.96682449535873
train,649,0,1,17.856738402618653,18.09258172557932,18.06517538304013
train,649,1,1,12.654727615223466,12.567352954331652,12.742935404178175
train,649,2,1,13.252263369164657,12.8040725666471,13.21235416573661
train,649,3,1,16.925606105381693,16.902669462764933,16.963884875245615
train,650,0,1,10.322071790447758,10.519547136237277,10.586933413842345
train,650,3,1,14.312300481666556,14.585095651134534,14.620631548968866
train,651,0,1,20.454583584041703,20.95439520135493,20.781992547907276
train,651,1,1,47.816539191346244,48.83536908928946,48.785067516283085
train,652,1,1,11.415993810709852,11.512579429773135,11.513726489257905
train,652,2,1,17.606887262362985,17.795558914871958,17.785329026984137
train,654,0,1,9.867045876882289,10.003060096696293,13.018111392998117
train,654,1,1,20.24455400334025,20.94646124308486,21.065620995777934
train,654,2,1,7.257331278839761,7.2055147291782875,7.276256984470715
train,658,0,1,18.097149056483204,18.10037510921032,18.108496276360796
train,658,1,1,19.86225710214038,20.372483992154187,20.530348622251804
train,658,3,1,28.05984242306624,30.37776273196614,30.61638122587459
train,659,0,1,19.49074920091208,14.994473014709412,44.37534154623253
train,659,1,1,,7.449193978213694,
train,659,4,1,9.204025071067862,9.197804832922804,9.281954139634683
train,661,0,1,15.07020944115392,15.453186471975904,15.54572489409694
train,661,1,1,18.241856465440172,18.508697969851287,18.545132220033718
train,661,2,1,29.797756355667097,30.20800065593443,30.332464071728914
train,661,3,1,25.037127062115733,30.53577470717796,40.79246478228882
train,662,0,1,20.25591599787878,20.288207186913574,20.507403252871555
train,662,1,1,75.87484589557164,78.5912929832271,80.29587512067081
train,662,2,1,62.10236777666519,62.16563381462078,62.235234410465054
train,662,3,1,51.46908797693478,48.850377015190396,53.35611012290605
train,662,4,1,64.44352924067998,65.2194460127888,64.87183815015256
train,665,0,1,55.97320103278821,56.222142348899865,56.15645888461312
train,665,1,1,80.6261755293527,74.88191186001357,78.6883658712947
train,665,2,1,24.107311533499708,80.7300849189792,66.76528985070082
train,667,2,1,16.3157458492759,26.61971618248279,48.98744529790589
train,667,3,1,34.09674089927003,34.61590605936449,34.39519488288041
train,667,4,1,63.40844015684165,65.12959220821561,64.16071104679509
train,669,1,1,4.0193134908940715,4.082114199909327,4.132440142802838
train,67,0,1,34.797483693277,39.22989227797071,40.34049649623274
train,67,1,1,82.39448133108891,36.82446331240888,61.62874162173044
train,67,2,1,61.26685900784557,62.390759425787635,62.28190835840657
train,670,0,1,26.046442256961587,27.098360955440963,31.243357510518017
train,670,1,1,47.908902600297395,48.78895842071931,48.89554479939585
train,670,2,1,34.512760822591225,34.457910918406554,34.476131593539534
train,671,0,1,10.466968129318568,10.724133107257735,10.66057928136971
train,671,1,1,95.39537598707545,7.38713047421604,64.09726323092768
train,671,2,1,4.519284995226125,4.904971634297887,
train,673,0,0,11.53664487907666,11.615963882474665,11.591339280418055
train,673,0,1,9.46341549612926,9.506251066410334,9.530722642774363
train,673,1,1,8.933573572428095,8.995751356187471,7.687332808218065
train,673,2,0,19.189754789522908,19.186185027344866,19.188041804201347
train,673,2,1,12.05120175110452,12.876587989140354,13.335487048774267
train,674,0,1,4.129413460030187,4.117846406076953,4.121603617200566
train,674,1,0,2.1918110929833414,2.2156081817358033,2.238367800468874
train,674,1,1,9.886178716400055,9.96437244344477,9.915851638034766
train,678,1,1,,4.6722833399538946,
train,678,2,1,12.469525570349628,13.194170566392893,41.99862288070921
train,679,0,1,3.25852844602884,3.4087801913507687,3.5291656519161205
train,679,1,1,16.57193035540007,16.689015003567818,16.69733422429667
train,679,2,1,0.4783422535220185,0.06463296982691702,
train,680,1,1,4.33319918968115,4.266386668630294,4.343548305019906
train,680,2,1,1.6931088698934407,1.7673356510583864,1.7997550618417877
train,680,3,0,2.729146332160276,2.8797894732731812,1.854228528063999
train,680,3,1,4.932261736947964,4.792373610386743,2.5519239575203256
train,680,4,1,2.21995218236588,2.2261198603075427,2.2322629587712233
train,685,0,1,11.137234863693275,11.07798546757245,11.427215969696423
train,685,1,0,6.5249797366901685,7.142508488890599,7.644066412207268
train,685,1,1,4.767457339934422,4.717413654056559,4.778689946649648
train,689,0,1,8.364589070303436,8.360802898973771,8.36160710262559
train,689,1,0,8.34506892416354,8.361697121062107,8.349070074279313
train,689,1,1,4.482399042598435,4.573202024815988,4.647795216094397
train,689,2,1,38.14511711542236,21.444277212529812,85.83788983906275
train,689,4,1,7.411999994562342,7.4144439421286235,7.505379493168602
train,690,0,1,2.471465276672524,2.708701826526428,2.9746524931049625
train,690,1,0,7.270757650633058,7.198510953151247,7.385264472703337
train,690,1,1,2.264674755040808,2.1567609556631253,2.0881980629660593
train,690,2,0,3.966941021517407,4.503776968744799,4.394411373598308
train,690,2,1,10.379957964210572,10.757325323269455,10.821834491642758
train,692,0,1,15.434753362979142,18.39941103473289,17.875551535501433
train,692,1,1,18.39181955406848,19.971986978108465,20.011674065561508
train,696,1,1,20.74266239708093,21.251002679328188,21.249332238070163
train,696,2,1,46.313954956377295,32.468267769534236,41.392852243950664
train,696,3,1,19.584737032344297,19.712048639959896,19.65628268897589
train,697,0,0,9.267632136192915,9.791236218982117,10.045217477607421
train,697,0,1,3.006116156494929,3.2192791367734728,3.131792662943294
train,697,2,1,65.56345801532277,65.58711483085227,65.63529755484768
train,697,3,1,13.902950832745075,13.374117540735641,11.965897648243649
train,698,0,0,6.023955684274072,5.624778697571959,5.617845952069268
train,698,0,1,1.4489805883454288,2.1749071215387152,2.1551163620973957
train,698,1,1,6.634568180113345,7.073500444962158,7.037092879085129
train,699,0,1,15.732261391582075,16.140785386738518,16.203856561637664
train,699,1,1,6.426939709486381,6.513198829583016,6.5867360998668065
train,699,2,1,54.67668454458546,54.96160096968509,55.015232735930894
train,699,3,1,45.302813194851495,45.67379873858704,45.61668243696069
train,699,4,1,57.65772007584113,57.75902553347958,57.66674054703168
train,7,1,1,32.85804473014462,33.045839024579045,33.615173409930996
train,7,2,1,23.978053143606587,25.183709931579894,25.275738052657697
train,7,3,1,78.83224075241763,7.682708488602715,48.57542042748294
train,700,1,1,3.5246026379520226,3.583202026129981,3.570446797615126
train,700,2,1,4.635695132301627,4.973958925452913,5.094424471228799
train,700,3,1,4.265953909486728,4.3537038918731,4.303440769028443
train,700,4,1,5.414634447803483,5.480046814641225,5.445283495438866
train,701,0,1,5.1533476313666835,5.213168735237039,5.221518149834938
train,701,1,1,40.19559429143174,20.250057441119466,60.57846662142825
train,703,0,1,42.263725941482086,39.063563464918886,48.47418461382275
train,703,1,1,13.107356485231936,13.058385071306693,13.07196055479908
train,704,0,1,45.42965617757503,47.42830380014428,47.487551907309026
train,704,1,1,59.67817994410806,60.47719897320757,61.021450158475545
train,708,0,1,52.53536154616045,24.10078140900263,36.35423749883305
train,708,1,1,15.220933434252581,15.567644799900387,15.5375084159931
train,709,0,1,5.9082040644428195,5.603666872089164,4.634501955731074
train,709,1,1,6.140898672512425,6.420423078877446,5.630345385398668
train,709,3,1,10.211198184473817,10.915480585415311,11.218540142794405
train,712,0,1,2.019601638658232,3.370113591683852,6.57005208081858
train,712,1,1,85.0459432305645,18.9912710016367,74.8651446244256
train,712,2,1,6.5513898799027945,6.415146832267414,6.3847534791664025
train,713,0,0,10.814020587018888,11.106558422186863,10.983521409882279
train,713,0,1,1.1828001072311474,1.4241883148620667,1.53918405429338
train,713,1,1,6.034995771274287,5.959426416879978,5.882046920122557
train,713,2,1,6.278394328439746,6.156581359381514,6.341576174958307
train,713,3,1,7.225707010948006,7.288005193814745,7.236760690539663
train,713,4,1,0.9402453985102737,1.034467062035047,1.9993638691093691
train,717,1,1,0.7062579906442139,0.6920623155110427,0.8898174848391456
train,717,2,1,,8.788075320616425,
train,718,0,1,9.983602708207204,9.955802311167131,10.333330746533925
train,718,1,1,11.149718522125639,14.733236866827243,15.326637019548073
train,719,0,0,16.789844581086236,16.907046653478208,17.452734221854556
train,719,0,1,8.920383383059054,9.442125650536056,10.040893469236115
train,719,1,1,11.896856732815404,17.434870598054147,38.72676312868292
train,719,2,1,24.451548044775638,25.18174843824179,23.150434401735378
train,720,0,1,5.707363525073552,5.977067223775782,4.100437300027929
train,720,1,0,3.585229174727908,3.4267271881832624,3.3013922405292417
train,720,1,1,8.563075729591676,8.406672137175256,8.481231535619594
train,720,2,1,3.475685671799058,3.541712786172825,3.516264366472882
train,721,0,1,19.78536724767455,20.03276505043086,19.95551529355953
train,721,1,1,34.82702181564045,34.914870176581076,35.06312425780632
train,721,2,1,50.2934986044272,30.262609173887274,41.46340413088379
train,722,0,1,21.695573647236372,22.535802230250482,22.56247361978288
train,722,1,1,64.15910901649347,28.315810623897736,54.58699975324202
train,723,1,1,7.612482482640521,7.2198375654928455,7.310046295804558
train,723,2,1,15.1078191794705,15.287700367246778,15.265982791500477
train,723,3,1,6.927848101038762,6.651911495103296,6.577393554504559
train,725,0,1,32.22837998608317,32.923279541081754,32.75667333811426
train,725,1,1,81.6158711974182,82.70504796391455,83.09573845858004
train,725,2,1,46.56435979023688,46.69129334126162,46.64629096699226
train,725,3,1,27.2297891473341,27.10595814332995,27.22978914733395
train,726,0,0,11.204322511445195,11.704784029237546,11.580381699233254
train,726,0,1,5.0613008177246375,5.511304028096539,5.615458277647745
train,726,1,1,10.751269974161245,11.060972631644699,11.05471648007586
train,727,0,1,4.169285013396813,4.663754093721974,5.246934185764718
train,727,1,0,8.821499399920983,7.193564521848579,7.196671773349926
train,727,1,1,15.705215118086368,15.911357760291944,15.9122674100924
train,727,3,1,6.451528057671128,7.157912654083232,8.123394718282306
train,729,1,0,10.584310688963498,11.124614547841869,13.229804997551978
train,729,1,1,5.315564319197516,4.939233661331515,5.560705945944029
train,729,2,1,6.5205487810121,6.5646135691948855,6.557427291830309
train,729,3,1,8.580936530576608,8.646846103479772,8.81740992290456
train,730,0,1,19.444575117127044,19.364909873157256,19.469063116325195
train,730,1,1,10.805301881130479,9.815326807507436,11.503251462256749
train,730,2,1,,31.08520170416964,
train,731,0,0,22.506741394169314,22.552853793778223,22.54607346191622
train,731,0,1,17.17161652420298,17.276626386486036,17.28901226302334
train,732,1,1,4.316490758509359,3.946123963386239,4.978756588903329
train,732,2,1,17.725983677653424,18.345092427248293,18.469693491246506
train,732,3,1,13.323903642058992,13.723750442295923,13.615425125133465
train,732,4,1,0.9770218182636268,1.000553858033021,1.001003201700339
train,733,0,1,7.439157528713417,7.703313223061355,7.8379127663951165
train,733,1,1,1.0838070682414496,1.1525055422016677,1.2316512954099443
train,733,2,0,1.817736558986749,1.5496659134003439,1.6993664617196667
train,733,2,1,55.673348791285484,0.21203260271632945,0.4684030846230937
train,733,3,1,67.50557307941756,29.00510292535311,68.38656146392938
train,733,4,1,12.065561408918926,13.57432705061983,12.614543948265048
train,734,1,1,11.515671024474033,13.600377851033596,14.240896076810616
train,734,2,1,15.23803508431872,15.264978468236853,15.405652183115398
train,735,0,1,25.716190234605797,26.163285898415005,26.244691288086774
train,735,2,1,13.177415084087876,13.227081064853952,13.217376790804492
train,738,0,1,24.206848665667597,24.271617351874212,23.411129080563036
train,738,1,1,37.9722750679749,38.492132224815116,38.552747012392466
train,738,2,1,62.956185740925875,18.419724068225936,40.78029534545493
train,738,4,1,22.909906034237533,23.793448241789317,24.198162593308357
train,739,0,1,30.68807624982074,31.254026484809298,31.298186168737217
train,739,1,1,26.696086285589992,26.77534716921624,26.720987425570193
train,739,2,1,22.339673002041923,22.19347169863759,22.27480171622138
train,739,3,1,3.949951620701871,4.211112563632688,4.511272113188365
train,739,4,1,18.482282127660287,18.78292019913407,19.18080428107494
train,742,0,1,14.378984831581395,15.171485258912737,11.450897288623091
train,742,1,0,14.6630599183827,14.68605283373416,14.67935140784434
train,742,1,1,15.928578244185779,16.516526397275552,16.681586131359488
train,743,0,0,11.907870275646305,12.409680165645927,12.508130663127773
train,743,0,1,6.799779104248126,6.468152702491686,6.53460384685938
train,743,1,1,,0.6901040026546542,
train,743,2,1,7.040502896802615,6.974994410537355,7.045228294861146
train,745,0,1,6.07573670219062,6.525260268530383,6.4025112714603996
train,745,1,0,12.062483342062407,12.005110734056528,12.55716143838769
train,745,1,1,6.378582985058112,6.449958651385236,6.609043230901168
train,745,2,1,10.95172934811839,10.868752083358569,10.907496721702097
train,745,3,1,20.50178121756566,20.421450747016763,20.454052732460564
train,746,0,1,22.880447558231342,23.473668579832342,23.374764200449576
train,746,1,1,6.548114542176911,7.532820172362785,8.429330058259598
train,746,3,1,8.30721169687279,8.340300658648632,8.461812192427312
train,747,0,0,12.133405448209825,12.338004379052665,12.775620921072234
train,747,0,1,10.160050617550116,10.495516306863996,10.306267227447059
train,749,0,1,16.100213409900682,20.01952308466821,19.644848649236774
train,749,1,1,5.900998340039267,6.857272298188207,1.4742053862123556
train,749,2,1,85.95602585722602,12.334618522113178,44.72160002615218
train,75,0,1,27.985538059102254,30.593151473630737,30.866044952172743
train,75,1,1,26.004313534479344,28.239919183237035,28.340211581520048
train,75,2,1,48.83381551302063,50.602833238712094,50.56086816143749
train,750,0,1,65.71391519508948,65.7813742920735,65.77358075431576
train,750,1,1,45.808056121399396,43.68064304554867,44.76721813738207
train,750,2,1,25.831998236856908,25.826534747485013,25.842700162855852
train,751,1,1,26.698114363636154,29.130717453968717,36.348537644609344
train,751,2,1,68.02827425017443,70.88356859027047,70.70336251887557
train,753,0,1,24.68535400104525,25.10447006736906,25.16126530200266
train,753,1,1,44.73885382992654,24.88955835598714,37.02454265939412
train,755,0,0,8.510969050709239,8.4304379245221,8.451175602722016
train,755,0,1,13.878237762720453,14.43106010910988,14.594387466866895
train,755,1,1,14.063354495640205,14.1898186688552,14.169907051388876
train,759,1,1,23.18603964281751,23.411672936382498,24.34019590529648
train,759,2,1,41.355135810370484,41.565534633881285,41.56609625633037
train,759,3,1,34.56275910465074,34.74705631038536,34.74977354919926
train,759,4,1,14.566184312187708,18.879288365539285,32.5422381623345
train,76,0,1,20.94465236833906,22.688288844199345,22.602853179988077
train,76,1,1,67.84969652415265,65.98085826673409,66.77250535744511
train,761,0,1,13.258307909216144,13.314614523505838,13.29080861688009
train,761,1,0,14.681447975925085,15.43484849292972,16.16553049450818
train,761,1,1,5.2521392989420725,5.123007089595116,5.195042805087112
train,761,2,1,26.53870414542425,27.179374519118287,26.905189979052928
train,762,0,1,50.912869711744605,51.508139879473845,51.58769456806912
train,762,1,1,63.49517855707981,63.503719896812974,63.495178557079804
train,762,2,1,40.333819354183916,40.75472487438473,40.58176878695919
train,765,0,1,24.736109885042183,25.730376388311722,21.276163995959767
train,765,1,1,12.903271310433217,13.21332109417233,13.167344877806395
train,767,0,0,18.663154026258077,19.528196916907635,19.280526450318373
train,767,0,1,28.242057869807702,28.356904715997032,28.543799883486077
train,767,1,1,46.4819199699274,49.51995333863105,50.65211208961856
train,767,2,1,11.074108526333886,12.470475199947922,13.210368859686742
train,77,2,1,41.64663004196803,28.39875625383777,34.08722851201326
train,772,1,0,2.2179504787375777,1.9783188271755334,0.9843871924476753
train,772,1,1,3.556274329712713,3.821877269525912,2.736998299086237
train,772,2,0,6.038835020055639,6.068182719055924,6.291211759243128
train,772,2,1,4.7796872917004585,4.9794003811810015,5.196428746649212
train,772,3,1,3.691790876995909,3.692786683633208,3.6922238122668856
train,773,0,1,46.731663082620045,47.21738729882724,47.196322922622784
train,773,1,1,34.61644362870683,36.013740549600016,36.23988147446218
train,773,2,1,22.45545496904951,23.829271380237536,24.017666260164003
train,773,3,1,3.2290845257391148,3.5902021551122196,3.8963702877131556
train,774,0,0,12.270060954884569,13.359895088353795,13.904831456219464
train,774,0,1,27.818250040843477,28.10509938157764,27.921508711728332
train,775,0,1,13.99138859379819,19.190300086878153,18.88473921004982
train,775,1,0,2.33434206009414,2.5373278573107965,2.467982666154546
train,775,1,1,5.790888444011758,6.492390343396526,6.67816616969276
train,777,0,1,40.56428333161774,41.148869266441196,41.50975769011236
train,777,1,1,18.17609805607229,18.402401595205596,18.457857622194513
train,787,0,1,9.419590916529689,9.420550873948548,9.46574968931208
train,787,1,1,6.185306462629312,6.0279773225970645,6.100124987322826
train,787,2,1,,4.384330002995114,
train,787,3,1,17.680017926432964,18.291356449931303,17.818902696316577
train,787,4,1,7.924655752910432,8.12396504116453,8.058865621239471
train,789,1,1,7.542611436375359,8.237805321820717,8.769505262865957
train,789,2,1,11.795806622240436,12.524743956452363,11.554715141986803
train,789,3,1,86.08580739641474,87.19682944645028,87.45161253921955
train,79,0,1,1.3697104677065461,1.3876733402692945,0.9505640030121587
train,79,1,1,21.185262219321366,21.376686224550983,21.318941177774708
train,79,2,1,27.56760551347036,27.638396424118532,27.638480543034362
train,79,3,1,97.39110712307115,6.093726781331397,47.93388442021851
train,791,0,1,10.438844641209274,10.474156108940845,10.454577489021757
train,791,1,1,4.285451900555568,4.225561075879103,4.266471400645265
train,791,2,1,17.353887754631415,17.66567636526404,17.44419979217066
train,793,0,0,28.85453724656264,29.112268096525856,29.168565565941684
train,793,0,1,69.29855243178623,71.8231419488997,71.44602402408078
train,793,1,1,57.85070519818699,62.48830210828674,62.817232503865625
train,793,2,1,15.625210240947881,16.46821631521414,17.109405073576838
train,793,3,1,17.558552110887216,17.546130549660646,17.56807258215773
train,794,2,0,4.3889250145194305,4.778892855387116,2.24843834831284
train,794,2,1,6.119492666379399,5.794617218098798,
train,795,1,1,10.264649260011899,10.28789259498516,10.267853431698477
train,795,2,1,26.434556472868397,27.52127641187393,27.665387640099965
train,795,3,1,33.87471431567101,34.0480674443649,34.01776132457418
train,795,4,1,7.616845913785118,7.608072209675656,7.617149513690025
train,796,0,1,16.724106568439847,17.49729881406665,17.912366280612847
train,796,1,1,30.528930723382985,26.99682800702587,42.406171103123
train,796,2,1,33.67386881568041,30.888026952555194,39.39295935524017
train,80,0,1,43.589147430846495,46.0707354880768,46.941620122357776
train,801,0,0,7.666453921677608,8.009647349513424,8.534412773140774
train,801,0,1,7.135959563068177,7.1513623000561495,7.641336713084197
train,801,1,1,5.094949398299122,5.323621578704383,2.293825610545292
train,801,2,1,11.012223019124564,11.074710312276622,11.11985940766827
train,802,0,1,41.952534613450574,41.99372880686325,41.99182142048144
train,802,1,0,36.207758026200345,38.97674322285662,40.81120765514484
train,802,1,1,37.66411951359462,38.29335265494151,37.86012065933343
train,802,2,1,23.771516515925605,27.172389697243226,27.422429222915056
train,803,0,1,30.54477883124596,31.069759524017925,31.091359439333356
train,803,1,1,45.418413724158704,46.97747851015628,46.72473498309646
train,803,2,1,23.356563355508765,23.567157163179836,23.497107428491073
train,805,0,1,49.383526227589606,50.3860980158158,50.31551480481029
train,805,1,1,57.18015277061522,60.02189800074306,60.576039287942265
train,805,2,1,70.60076270384083,73.47032416126584,73.72969165097243
train,805,3,1,57.22324995279827,57.186667711383855,57.223249952798284
train,806,0,0,34.257979072192235,34.671191043028,34.53764377485539
train,806,0,1,41.979768786127195,42.31145699348598,42.584532355591236
train,806,1,1,29.042497457548755,29.893835590054575,25.564275025319017
train,807,1,1,40.3357487459628,41.70720619988437,40.99209631580398
train,807,2,1,21.457750062341756,22.01223268198223,22.09160020951907
train,809,0,1,50.78038453239684,50.98761688520217,50.971914296553045
train,809,1,1,94.87079320922444,90.10572125914118,91.5361001726462
train,809,2,1,19.806161689526537,20.686169728534537,21.556035301288127
train,812,2,1,12.649072045411517,13.386585778901525,10.690408819393538
train,812,3,1,14.296181003429181,14.657491502490489,13.049495180042541
train,815,0,1,21.482495124209457,22.60214444134416,23.472926599766758
train,815,1,1,43.43825153031117,46.46524414286634,47.02871795460864
train,815,2,1,87.67384733703089,89.05912369303446,88.38879182200634
train,815,3,1,65.2737961604684,39.30073121046921,55.35963464168062
train,818,0,1,13.675917791962933,14.198632842876485,14.158842488009475
train,818,1,1,16.76379502228502,16.907668826168354,17.22332935305097
train,818,2,1,57.331706635645176,62.6370265217498,62.24804964840792
train,82,0,1,49.75831154565399,24.820759660608086,49.75831154565402
train,82,1,1,44.53733538409719,46.945777830677486,46.95552084819357
train,82,2,1,60.95276920425553,61.49334810231951,61.42121030958235
train,82,3,1,32.07767553405043,33.00367044730601,33.056502412703026
train,820,0,1,25.624233285505237,26.15083120515035,27.735352603091645
train,820,1,1,38.73243539139983,39.0429014641329,39.024494466311204
train,820,2,1,31.947182683916363,32.31143581256096,32.40423656757746
train,820,3,1,20.47637716671074,20.520807740031646,20.515206367007288
train,820,4,1,12.258754778153753,12.314581253701684,12.390477025870112
train,822,0,0,8.760124613822933,8.53033269158489,8.798210336833032
train,822,0,1,10.778460021603934,11.567510983538396,12.331428749935256
train,822,1,1,11.127879645754875,13.264944746804114,12.685748470546567
train,822,2,1,4.3148119484981935,4.658326362066913,2.2181622228500664
train,823,0,1,28.615009270627763,28.842178308970194,28.845165915602283
train,823,1,1,39.715175993908474,42.29126288871111,42.833709120401345
train,823,2,1,48.0993807723541,38.14006342000319,42.55453839340565
train,824,0,1,75.2605773454697,78.89045035083171,79.07975243580762
train,824,1,1,59.4237874738515,36.90135324972657,49.278383925947836
train,824,3,1,53.15376959767156,54.26167709158508,54.31573507728824
train,827,0,1,20.21938888042331,20.892994577658637,20.883472150143152
train,827,1,0,31.86057179309077,32.2150901992615,32.41428130940495
train,827,1,1,21.95503462896078,22.092195057566073,22.044485864184317
train,827,2,1,46.77043043442492,48.74768056865692,43.890072654322495
train,828,0,1,25.256275008541106,25.72810317946001,25.715369357320306
train,828,1,1,72.32787603422017,9.659452271254487,45.107277722892306
train,828,5,1,23.282572952973304,24.346703345518854,25.240099813778798
train,829,0,1,7.6704067423049676,,
train,829,1,0,3.695373627212627,3.5206926080450165,3.1575954897327376
train,829,1,1,8.348779173019565,9.421139176253401,8.795035351781396
train,829,2,1,8.947466925042315,9.049741200373832,8.99413674240613
train,83,0,1,21.021202758905698,21.744972353267066,21.77532776622071
train,83,1,1,24.782183169895568,25.345177012071236,25.308085265433363
train,83,2,1,34.992905846347796,36.61902896594687,40.949393509087436
train,830,0,1,10.370641881785135,10.907201609409924,10.920934199908015
train,830,1,1,,5.720784876039105,81.01711386412228
train,831,1,1,98.47752415102057,14.475685235829799,78.21517916620267
train,831,2,1,97.10926837755692,12.692696257300348,69.44621880732285
train,831,3,1,75.75162582225707,9.37285554997064,62.11316210866236
train,832,0,1,29.625194526114534,29.7868934752533,29.774727992830126
train,832,1,1,13.604734230978535,13.670710058392203,13.705127761470532
train,832,2,1,90.45984505654842,91.36300779241272,91.01158507589602
train,832,3,1,58.547393956781846,58.985503475875234,58.86156820560642
train,834,0,1,81.2247177788876,82.55849296785814,82.52074299922998
train,834,1,1,27.045304610975734,27.87148119405684,28.091143437589245
train,834,2,0,34.45814536183852,34.59901430451618,35.29114245078725
train,834,2,1,42.309428418359396,42.23443108816692,42.3014458980428
train,834,3,1,21.246773138363853,21.53407740938021,21.750552033618042
train,835,1,1,13.073709550335344,12.929714090427094,10.51635775904719
train,836,0,0,17.606036962317383,18.351945595514977,18.623440933316214
train,836,0,1,37.43593348624343,37.19857868886376,37.29524699694003
train,836,1,1,45.19016325310157,47.224693810020035,42.18760512292577
train,836,2,1,19.498648952707132,19.842337499455333,19.780660740035223
train,838,1,1,5.873108083097031,6.05343278300362,0.5419964520942834
train,838,2,1,7.330843298456986,7.468133734520118,7.4181614387660435
train,839,0,1,10.366196904347873,10.604947011401205,10.547589086931001
train,839,1,1,7.0069437538955714,7.270108247852079,7.201984166500106
train,839,2,1,4.15365276278402,5.049976171193661,3.9009341068556656
train,84,0,1,20.945078505383552,21.52068211038052,21.419221237811808
train,84,1,0,25.048407301086193,25.02762828018726,25.03704240841466
train,84,1,1,20.03509054887399,20.279752291547855,20.448134493551294
train,84,2,1,15.613794155049474,15.901576512473273,15.989380026113894
train,840,0,1,5.570818417628097,5.670729448472269,5.654585935641709
train,840,1,1,0.6477382153562256,7.761944104047264,47.378452504764006
train,840,2,1,21.552889070720564,21.76289034758168,20.151344783310314
train,841,0,1,48.131403569439655,49.156560013561275,49.20591166575853
train,841,1,1,55.761708791522544,32.23310194408532,44.72187589324797
train,841,2,1,14.08659542917466,15.36077149465426,15.571429856142641
train,841,3,1,50.66702971028315,50.73399843923313,50.667029710283174
train,842,0,1,48.04002889176847,27.785294325571165,37.518438562515186
train,842,1,1,29.108230854060107,29.21773740879957,30.242887982985927
train,842,2,1,51.36951919380982,51.827966589557285,51.67941469600932
train,842,3,1,54.897699041477765,56.047881380312425,56.160403004401836
train,843,0,1,,3.187039607480851,58.89517969208955
train,843,2,1,44.70789221713915,45.506357931411536,45.30131809842427
train,844,0,0,6.0447792247779315,6.822567730759814,7.792840827041646
train,844,0,1,12.850822699640432,11.09615002126252,12.299279737277542
train,844,1,0,31.144314178393017,31.318425472622284,31.383943944227493
train,844,1,1,21.449494827078293,22.00111082811341,21.91175458676886
train,844,2,1,63.56093175534397,22.27009527776545,52.810783152049204
train,845,0,1,20.990281582404048,21.003389614224258,21.0256127293747
train,845,1,1,55.29249375741361,42.03206339895388,66.26280986548913
train,845,2,1,63.622785727256705,48.406015217404466,74.89546011716159
train,847,0,1,34.39218636958808,34.52270167268268,34.69329742270639
train,847,1,1,32.26512952922725,32.29534617605124,32.31638093295313
train,848,0,1,29.93098991524088,30.226185783714328,30.219706376945922
train,848,1,1,33.88661543295056,34.37991660838783,33.3317298896551
train,849,0,1,19.46854939790633,20.378358089767275,20.839031893995205
train,849,1,1,42.17672549794203,43.997121442264515,43.8964600533149
train,85,1,0,43.55321976904402,44.79978386239901,45.93656621105563
train,85,1,1,41.876527942693734,42.24845485900678,42.059656713471604
train,850,1,1,3.3341872606812686,3.9714330998821894,4.986088043816377
train,850,2,0,6.080089845547506,6.124419598167648,6.132493975721358
train,850,2,1,7.680746159862098,7.913278169657452,7.891450291347442
train,850,3,1,6.34303206030979,7.194932557723385,7.684238091256662
train,856,0,1,19.21676704829462,19.907184121027434,25.235716674868165
train,856,1,0,27.58925982983508,28.942425089584177,29.211655389339874
train,856,1,1,31.467959175369526,31.844938365926375,31.73762026173727
train,857,0,0,77.96032250633587,77.99618116048345,78.09891435039124
train,857,0,1,21.98495210009834,22.71601776869033,22.577610434524466
train,857,1,0,31.34005098586179,31.246069559861173,31.442565913562536
train,857,1,1,17.833149602042162,18.968895521324747,19.56300237354558
train,857,2,1,12.991565440648504,12.919013610639634,12.918087242044301
train,857,3,1,11.972356809740793,13.117097300480147,13.698978054919248
train,858,1,0,12.707811824402809,12.743166747263452,12.784176890841803
train,858,1,1,10.00805596692845,10.016707214054783,10.137693999340042
train,86,0,1,7.397967566595395,7.926080245801476,8.282082801036381
train,86,1,0,25.36954811534607,23.572591595984612,24.564054473116865
train,86,1,1,25.622480487864873,26.720070741038114,27.45959349364583
train,86,2,0,27.425363211454258,26.30910412075542,27.930038635286824
train,86,2,1,27.46466443863755,28.578084268266835,29.157178885231282
train,86,3,1,18.115332165278303,22.300372310559737,24.386032186095484
train,860,1,1,34.538907992623535,35.32646661248256,35.42219357570668
train,860,2,1,53.46212518579424,44.03140649988455,48.34160107492123
train,861,0,0,38.71554001224612,38.71424841179366,38.80522426472396
train,861,0,1,27.427953652421934,28.737525655613805,28.91770442366413
train,861,1,0,33.97045426219593,34.17471783679428,34.2661773955366
train,861,1,1,71.07551098305285,72.22660784350569,71.92673272981222
train,862,0,1,96.4870804823685,96.95826457059268,97.30135801884752
train,862,1,1,32.159981995091776,33.23617719984408,33.06906172080264
train,862,2,1,28.588450127534703,28.629162700462835,28.593406371436576
train,862,3,1,79.50125185927325,80.61077625656323,81.4812629880693
train,863,0,1,49.664143888855286,50.65500337231354,48.519771108962885
train,865,0,1,47.662410805635,48.90996093783422,48.863224534691
train,865,1,1,23.66326188945421,24.00694982175018,23.983566896665554
train,865,2,1,14.482277424070295,14.850327882360467,14.806393480006605
train,865,3,1,9.163897544410379,17.197268863665528,74.91544550864708
train,867,4,1,52.16445217502047,53.33927617592648,53.66539211173661
train,868,1,1,35.24814298282108,10.473625575485931,
train,868,2,1,45.70177144091836,20.744829176803,100.0
train,869,0,1,39.09404485614734,39.145457285674865,39.1126603398994
train,869,1,1,20.161002739359915,20.091784912953024,20.113246732330907
train,869,3,1,23.511051495992678,23.521418718229153,23.523745589901456
train,873,0,1,17.712769350923462,18.218250147436798,18.175286134702535
train,873,1,1,22.264741852510777,22.930624977400498,23.096720425326204
train,874,0,1,58.38559739210788,58.771690793241426,58.66263090193834
train,874,1,1,39.94521884144437,39.89941901948345,40.03875874137751
train,875,0,0,19.80644274418802,19.903684840121215,19.886646385429813
train,875,0,1,11.047326232758268,11.02122959615553,11.01613158749596
train,875,1,1,18.478700301185214,18.55783958044583,18.51294268737419
train,877,1,1,34.958925765395925,35.4047786717382,35.40069233525205
train,877,2,1,23.386519938797374,24.49270712569972,24.845081467176918
train,877,3,1,38.73790273468048,39.600878076425836,39.76320671820376
train,877,4,1,,100.0,
train,879,0,0,7.930533566993368,8.462763710187886,8.373002911933465
train,879,0,1,5.064008073846349,5.317472086380165,5.376816847355411
train,879,1,1,8.818640667419128,9.235115192947378,6.011303702452389
train,879,2,1,9.56184212167155,9.776680996298515,9.612376485033108
train,88,0,1,24.065997058546845,24.657095126786405,24.94365509865523
train,880,1,1,2.8380093249289384,3.1098878008882345,3.9711104014379126
train,880,2,1,4.979795229450601,6.299984388994822,6.053434247425595
train,886,0,1,17.770618784530328,17.83261690375215,17.841747412646168
train,886,1,1,3.1091804441541915,2.9339101638228122,6.842741856116484
train,888,0,1,16.252977652236453,15.66445372973963,16.447200644730987
train,888,1,0,26.88414619122358,26.36302267302277,26.914410659609867
train,888,1,1,18.416036296296802,19.86698611872969,21.065825190977606
train,888,2,1,15.937895561360063,16.1966949946512,16.190909806544727
train,888,3,1,8.587012353482852,8.198224661998834,8.526777795497132
train,889,0,1,8.212722612256208,8.232752658346502,8.1975809840201
train,889,1,1,81.45153017437339,83.20877150180763,83.11242997387292
train,897,1,0,10.76023193981352,10.653058537273166,10.784648817874361
train,897,1,1,2.5313147741765434,2.9441924754135402,3.591091108983245
train,897,2,1,2.831230454068569,3.8124362816215362,4.30571016816362
train,897,3,1,6.499452277278402,7.160339745712441,7.369467326663842
train,898,1,1,90.93375796256773,13.828474545284061,83.71670267109977
train,898,2,1,17.53033897527222,17.74266746739671,16.893941315948492
train,9,1,1,76.86932046201711,78.96829751488758,78.90722248514963
train,9,2,1,13.163450773549542,14.092938232696312,14.42118812093984
train,9,4,1,10.579376695034203,10.740103235856514,10.665066283816778
train,90,0,1,59.41602965564534,59.4701829514604,59.42438087589635
train,90,1,1,61.980127821123986,56.31680469044957,59.100381495031954
train,900,1,0,7.93078413228005,7.764489681541158,7.748569625424732
train,900,1,1,5.532640066376875,5.186459350355782,5.21266062347596
train,900,2,1,6.67052694211485,6.599372368184625,6.67625582426287
train,901,1,1,89.5305571407946,16.80237845423347,74.87920925758293
train,901,3,1,,6.73567197657284,
train,902,0,1,46.24468257386671,46.53713707036838,46.54768038351025
train,902,1,1,71.14498293925817,59.329191235399584,65.00195643502909
train,903,0,1,9.857713557624749,9.931267217421942,9.928641234606179
train,903,1,1,19.75315932435693,20.74165239415226,20.454142029550283
train,903,2,1,13.656836553107258,13.646797683597814,13.669390697631819
train,903,3,1,5.900229508952007,5.978231597920882,5.92957198934125
train,905,1,1,22.621783393309013,22.935944663707772,22.98729059952233
train,905,2,1,27.259184574231547,28.10013598733573,25.445367657576096
train,905,3,1,55.45666634237366,55.696064119123555,55.726349523644544
train,905,4,1,57.37215944783013,58.59345163023433,59.67223980819294
train,91,0,0,25.645372034535086,26.382984329383213,27.668500016188553
train,91,0,1,43.68389192465127,43.78835407504507,43.62565066782194
train,910,0,1,14.918185817894539,14.970388955378052,14.948599022012099
train,910,1,0,24.820723933805425,24.777072705875568,24.69941673305271
train,910,1,1,22.80653452009698,22.280524734827477,22.517101444527523
train,910,2,1,34.00692375154009,33.71700499261247,37.49555281300656
train,910,3,1,9.253363363647551,9.147901168337974,9.317995395071826
train,912,0,1,54.71586030721759,55.10962358269733,54.847306515133155
train,912,2,1,28.56127399395849,49.84985249968878,54.139722624024486
train,912,3,0,40.92579867525723,42.3059073071718,42.36973251041371
train,912,3,1,37.79114535025985,38.12188640790325,38.08071322315763
train,914,0,1,22.70884979500988,22.934096588949892,24.389492610634207
train,914,1,1,14.072042281158515,14.02057092392993,14.0340362356247
train,914,2,1,16.019026759153345,15.996399461443112,15.999268437614
train,914,3,1,12.129271905283236,11.332633103360115,11.891540663118699
train,919,1,0,36.64310311328748,42.27538024535706,43.132711082467566
train,919,1,1,43.01026071611066,43.23382192479847,43.12857528706418
train,919,2,0,37.62709184000654,37.825264641322434,37.853929270742924
train,919,2,1,34.24838713584021,34.88673141085737,34.832820670602125
train,92,0,1,64.47498088942385,64.9257202285606,64.92045045972768
train,92,1,1,36.998941733906435,37.33582945926658,37.38262592707344
train,92,2,1,46.72937535479428,48.792986060240054,52.17752334892807
train,921,0,1,18.1686280673068,18.862210606150576,19.150458918888884
train,921,1,1,18.380781552649594,19.074275160401285,19.25890181623231
train,921,2,1,26.035171648341105,27.08728104950568,27.19272358837791
train,921,3,1,13.836324813486753,14.17083153989654,14.079594806065293
train,922,1,1,94.7002577485838,3.300876748428272,94.7002577485838
train,922,2,1,11.847430249125743,12.033598149190668,11.961781031707783
train,922,3,1,11.924237884710722,11.9411848666457,11.934113297284968
train,923,0,1,12.513759788499632,12.340248037540023,12.450832799821196
train,923,1,1,7.209582988831206,6.810909314534965,
train,923,2,0,2.805006816881372,2.8457565539991627,2.592731641022703
train,923,2,1,5.688171917345833,5.431621266879228,5.742926617067832
train,923,3,1,14.561027609810887,14.663118278081292,14.664020869418074
train,923,4,1,15.665705926586766,17.066934482971728,18.272339331350206
train,924,0,1,17.748740432579776,18.32248213794111,18.424154633758484
train,924,1,1,27.58889508362874,27.881191538392358,27.810430183611906
train,924,2,1,36.171453419939574,36.31803445108117,35.891160562752134
train,924,3,1,48.08335229834428,48.68904042032969,48.75044473700066
train,924,4,1,25.343902490998758,25.652625716882778,25.643666053687582
train,924,5,1,36.98397754244699,38.04449994084319,37.76331580413409
train,926,4,1,34.08012040323293,34.6423439540421,34.567350727614006
train,927,0,0,2.5816569728237626,2.8312160218299924,3.276637775964892
train,927,0,1,3.76838490541253,3.654766723918578,4.113998906559544
train,927,1,0,2.17902854224993,2.28613973096048,2.405136442245923
train,927,2,1,10.091428805201708,10.13166953516705,10.123336166046444
train,933,0,1,13.848201900333699,14.14697776882376,12.046869602116029
train,933,1,1,18.543120632617587,18.65920169761739,17.325052287570465
train,937,0,1,39.2951622520239,41.366013906483964,41.615492276387506
train,937,1,1,29.55819564241705,30.32899485216629,30.553242054039913
train,937,2,1,26.00680367452584,26.024283069322284,25.494228817263448
train,94,0,1,4.0611922709253605,4.052856229043124,4.054942523920895
train,94,1,0,4.6474323580114305,4.736387715174946,4.8398194924059235
train,94,1,1,12.849304358680389,13.037422925988873,13.557159360761538
train,94,2,0,16.99069258152481,17.70119191099172,18.196484600056344
train,94,2,1,25.542833579176182,25.42431836924563,25.83502900046065
train,94,3,1,32.97919730334021,33.42294734409222,33.32296840769417
train,940,0,1,2.5315232139708774,2.5254024224535083,2.544197655489692
train,940,1,1,0.05385696631233681,0.14858920021486008,0.568758450953145
train,940,2,1,0.947684286978457,0.9037223717521612,0.9469868726409031
train,940,3,1,1.0313472145694005,1.0891616822696302,1.1882722090747646
train,941,1,1,1.2505178841446736,1.1982536056071105,1.6659021656167647
train,941,2,1,22.670189207054005,24.36956994978074,24.14483179535203
train,941,3,1,17.704680212595246,18.383193883664227,18.108425161706332
train,941,4,1,100.0,8.46034663591447,
train,948,1,1,10.231585228064361,10.519844811642983,10.677172797119697
train,948,2,1,9.948509740028989,9.86849172253715,9.89175914255593
train,948,3,1,65.95105959572497,35.21658651854973,59.88674376809655
train,949,0,1,7.9178339013273025,8.432619678486649,8.914534293952423
train,949,1,1,7.2309017696326485,7.202484045007242,7.583560798021086
train,949,2,1,4.458806189326087,4.474172315073816,4.474410187238456
train,95,0,1,6.184847070832579,6.726195253615276,6.990742601206502
train,95,1,0,40.87629733234689,41.413181522639356,41.000874025456056
train,95,1,1,12.894209717129437,14.402907763606205,15.215827503959222
train,95,2,1,10.304610966794138,10.991019921893459,10.741983686279283
train,951,0,1,10.996093291620936,11.121640830402939,8.971005074174759
train,951,1,1,4.608139623773693,13.202327524195448,55.211799679686855
train,951,2,1,12.261007541577888,12.39224084820443,10.360826576810963
train,952,0,0,11.270059313623673,11.244895262499949,11.252042371900037
train,952,0,1,13.94666089917811,14.407606809249973,14.53846535559095
train,952,1,0,6.476037985521075,7.015422066307081,7.555084988179949
train,952,1,1,15.935841828893697,15.653559697777839,15.898730786005421
train,954,1,1,11.561073387030756,11.743514397658076,11.752504911582957
train,954,2,1,1.8033769999822191,1.8376524650443455,1.8117271197009053
train,955,1,1,1.4841264392348406,2.2611899068046637,4.207646676283412
train,955,2,0,8.554509511043246,8.641478767742033,8.609977953481032
train,955,2,1,14.246201544169343,15.04558422129863,15.278828478282522
train,956,1,1,8.022431725353522,8.040535627573824,8.069092189660394
train,956,2,1,10.598175084787805,10.429981060366762,10.608943961242726
train,956,3,1,11.972955008399055,11.918742366001867,11.936023286081825
train,956,4,1,16.827157385081318,17.150997794288575,17.053409320934144
train,956,5,1,11.295598859540537,11.518986272845162,11.398209396099293
train,959,0,1,7.293030732625177,3.004892499295398,76.78570531137468
train,959,1,1,13.659061251117668,14.071479640364416,10.45324187473439
train,959,2,1,11.927145036704895,11.977163753226819,11.994105927218403
train,96,0,1,22.50576575282693,14.65001402655611,55.12241667837969
train,96,2,1,9.186483878231172,8.86965857646103,12.340562731583638
train,96,3,1,5.964355766361389,6.04598238207144,6.048060747405952
train,96,4,1,11.627781486142883,11.74932106207955,12.351494910708432
train,960,0,0,10.569751832193116,10.574179337649754,10.572139854928425
train,960,0,1,3.9471449330703194,3.94053415992415,3.9312492826154655
train,960,1,1,,5.7824328340038775,
train,962,2,1,9.228710552485063,10.21101513771336,10.997812713121096
train,962,3,1,3.4018212340048133,3.151676600251646,3.137738831554262
train,962,4,1,1.468535231929783,1.6222897337456874,1.7759713250002664
train,963,1,1,5.177401576791191,4.96130997239869,5.352923181850251
train,963,2,0,10.209363888088104,10.07363713804278,10.268873197693638
train,963,2,1,5.846522683572196,6.141705447477445,6.4030955050059095
train,963,3,1,6.634451162623585,6.844785096897484,6.887084881702534
train,964,0,1,7.539877678091676,7.796742594365663,7.8033428741664705
train,964,1,1,7.149754380894076,7.2265255443654235,7.25444326129876
train,964,2,0,14.548001485452438,14.567114763096686,14.632756637151298
train,964,2,1,5.441358446536444,5.210910987194894,5.306521754035085
train,966,0,1,12.28265102489118,13.035858818879245,13.154749105762015
train,966,1,1,79.06077048148487,22.5051726432409,74.06351719680036
train,966,2,1,4.73694995074269,5.467847122294062,5.238855340204904
train,967,0,1,,29.049434728939644,81.42281022678132
train,967,1,0,18.21401760503157,17.81347787060469,18.20053579320935
train,967,1,1,7.853334223542155,8.235217923476274,8.629347141467099
train,967,2,1,6.537367412660144,7.314048229088575,7.730553819468828
train,968,0,1,8.212536843206198,8.41247368751127,8.48360448678119
train,968,1,1,9.262703316011047,10.357811243755503,10.168377424875139
train,969,0,1,6.716787303567538,6.700168858480248,6.76348015802177
train,969,1,1,6.591723213143232,6.457728306912959,6.69713310592977
train,969,2,0,9.87573415665642,10.201490101966314,11.201843757484927
train,969,2,1,1.9829154292274818,1.8643621486629944,2.0478371752172384
train,969,3,1,82.44981603284239,17.926422202374393,74.00644665345172
train,97,0,1,35.2748183803595,35.826000830637575,37.692335381636234
train,97,4,1,11.227149780613065,11.40437905302641,11.501475176786972
train,970,1,0,7.244850306673527,6.91587160684458,6.999705003676741
train,970,1,1,8.669393184646225,8.625563401176965,8.617269143872038
train,970,2,0,23.99686314951356,23.751178441592376,23.9271970248015
train,970,2,1,17.447878520836845,17.34746017982622,17.294575884454265
train,970,3,1,9.513914338470396,8.876724962299157,9.513914338470519
train,974,1,0,8.702094016872051,8.728175246326716,8.722078517322048
train,974,1,1,9.483685737217014,9.75812191790468,9.784374018790865
train,974,2,1,4.183567268181396,4.309859766901601,4.3505983855223755
train,974,3,1,19.598732589703605,19.534615791631907,19.583414477511806
train,978,2,1,33.75859893301932,33.70836825819502,33.73090536263724
train,978,3,1,14.457386869291561,15.217045488712552,15.508944896474405
train,978,4,1,22.84978265723732,23.879330200353007,23.862615814450947
train,979,0,1,10.68812095195802,15.696901262711096,16.67316589854794
train,979,1,1,57.93346519017908,17.967987404051424,42.92417905048407
train,979,2,1,23.89937586586097,23.832943983769482,20.814076403390047
train,980,1,1,1.2666839209475114,1.3183804601507256,0.9493230206284687
train,980,2,1,7.116893503069637,7.281656175090216,15.432616952559265
train,981,0,1,10.206827362193263,16.404260550438,58.65965936703639
train,982,1,1,3.572004560461191,3.5054008322879984,6.546251395562611
train,982,2,1,8.836812747227242,9.09891345996471,9.133953569668233
train,982,3,1,10.151473429741529,10.279655639886775,10.243587058413677
train,983,1,1,5.595680537735285,5.839743211705616,5.735726450508262
train,983,2,1,,8.244821617701325,
train,986,1,1,1.5814571017990589,1.7099953031760613,1.6427487306205566
train,986,2,0,11.360341411439396,2.039407776601412,5.315390755209156
train,986,2,1,5.798721274304351,5.655438582750714,6.526768310748819
train,986,3,1,4.253138477279225,4.022614632713749,4.114520928587291
train,987,0,1,24.5180195270437,26.98570832988339,28.3605086808964
train,987,1,1,22.096658682050542,24.300150747613607,19.22260267625589
train,987,2,1,9.232568026768599,11.932068084359761,11.252576457309049
train,99,0,1,21.291918819598386,21.222079748319377,21.321762095873172
train,99,1,1,21.968581278058505,17.747092749470053,36.85133674236496
train,99,2,0,25.90214467473472,26.093575070060304,26.667389764456257
train,99,2,1,30.68140422132411,30.621445186121488,30.662430960225063
train,991,0,0,16.434687206874656,16.45527880455832,16.45192346571487
train,991,0,1,21.01606391917157,21.835851012348982,21.980513542931142
train,991,1,1,6.140671786776335,6.148064679333364,6.143131051950624
train,992,1,0,2.0269486726921295,2.2113739479723535,2.2773241493869096
train,992,1,1,4.434894480123012,4.563686062438606,4.520298585377984
train,992,2,1,3.864685368995641,4.112027084499907,1.292315029067717
train,996,0,1,3.9849217908059025,4.169214711802897,4.15497233021049
train,996,1,1,17.45974298436489,16.981070545199323,18.906612803925967
train,996,2,1,13.6327222169746,16.654715652048694,17.159787438478276
train,996,3,1,8.77894602457325,8.851774415147842,8.821635289894795
train,997,0,1,42.27556997437183,42.28709099277104,42.27591599986834
train,997,1,1,36.67978593790396,38.24118252301036,40.61562382926826
train,997,3,1,26.4858273926811,28.22858679663548,29.083322878559198
train,997,4,1,43.22285498674229,43.58255371625911,43.54281890645642
train,999,0,0,2.9196088237657003,2.6742606463140555,2.371573847127359
train,999,0,1,6.419834321122813,7.028747876780983,6.398967325064203
train,999,2,1,10.401380286022183,11.035697247311901,10.017297893965713
val,1002,0,1,12.733328341628175,13.524541192255551,13.974143772280339
val,1002,1,1,19.087229856202935,19.86711387448935,17.036251442692986
val,1002,2,1,17.625618508632677,19.06128571974228,14.824100755575827
val,1004,0,1,11.024479392902544,11.652041404111872,5.173791122900583
val,1004,1,0,8.439967872534526,8.434040974822782,8.588258736286374
val,1004,1,1,5.707990111109132,6.019575143455561,6.310976390083754
val,1004,2,1,6.602301690064634,6.665231896595439,6.660094288768881
val,1006,0,1,19.70918491072398,19.56746495381442,19.634198160733877
val,1006,2,1,8.438379592516833,8.380594218172908,8.469698113724904
val,102,0,1,29.502715058077307,29.589650616797154,29.80516935386718
val,102,1,1,31.20784730013732,31.25657009479491,31.235045530769252
val,1021,0,1,3.254262906531676,3.37704464021511,3.444418220277619
val,1021,1,0,7.012867321886787,3.5611031847652477,4.537483277876299
val,1021,1,1,6.439048682892465,6.428147373173212,6.3984104152803924
val,1021,2,0,2.7629151084223698,2.7660804143935733,2.7880788107016357
val,1021,2,1,3.1535810278667067,3.061515446669324,3.1886585267214764
val,1026,0,1,2.703609967289383,2.7674960262754693,2.7467363427665745
val,1026,1,1,12.888284740252754,13.487493136904416,13.854295951750744
val,1026,2,1,15.620987120502816,15.865794907237035,15.841241202963829
val,1026,3,1,11.296964306230056,11.556945780222309,11.590045447740472
val,1028,0,1,4.416356886669087,5.233192090610585,6.982336494445733
val,1054,0,0,16.253996072121378,15.894380444876822,16.263517685929568
val,1054,0,1,13.784861909942139,13.964739239794705,14.354134969949014
val,1054,1,1,12.724722031491714,13.337230021392662,13.745070832675394
val,1054,3,1,15.149438191585876,14.951412434301448,10.505438759395028
val,1055,0,0,31.75807842612904,29.06094489911063,30.8236278963729
val,1055,0,1,10.810026071193143,11.521927867370636,12.275087033079542
val,1055,1,1,5.496964121973312,5.909498836427754,6.150950599237593
val,1055,2,1,5.476775083579613,7.105906087351242,9.402764228935263
val,1055,4,1,21.04549004894088,22.429993987800145,29.354327143050025
val,1062,2,1,16.484083884323724,16.943482848250753,14.001328699991566
val,1066,0,1,2.4866842813724257,2.4254042471367825,2.4611513057419248
val,1066,1,0,7.665637963781151,9.03993787348692,11.36234331724064
val,1066,1,1,3.206817220495854,3.3616032684918147,3.9819197282585157
val,1080,0,0,,7.155248972678428,
val,1080,0,1,4.87751242759314,4.34855799318848,3.451537862277744
val,1080,1,0,1.3755873529517184,1.6163490433629701,1.9363916663547396
val,1080,1,1,5.151381652457928,5.481854949217353,5.229738768466328
val,1091,0,1,36.93503626235463,16.665026733343474,76.47265718805423
val,1091,1,1,7.138794720943839,7.486813943376946,7.431587813294656
val,1097,1,1,7.544170504763727,7.420371495005801,7.455672622677318
val,1097,2,1,7.876598381661676,8.098970919473796,8.074422958145837
val,1103,1,1,2.5386088021034783,2.9349665935401834,3.176791244985331
val,1103,2,1,,4.3729385548476465,
val,1103,3,1,6.298051135279449,6.280250466946071,6.526684601952269
val,1103,4,1,11.013511538755237,11.880200102178334,12.443360784046314
val,111,0,1,20.457385758849703,21.010691279904147,21.11036378342148
val,111,1,1,21.407255696237375,21.508827560637105,21.490009518572663
val,111,2,1,16.72453267232723,16.889320724211153,16.90633279468704
val,111,3,1,21.495286447395756,22.99506374592772,31.160968231160147
val,1124,0,0,13.572976813380965,13.882337565570971,14.017807128087792
val,1124,0,1,15.200767259407074,14.808567900651223,14.972311926462684
val,1124,1,0,15.324987184027824,15.242050436578895,15.25798485102405
val,1124,1,1,11.97152300552883,12.297367624470649,12.321402382301148
val,1124,2,1,23.69358184507346,18.644750086632914,53.09409984093618
val,113,0,1,25.0004558468325,25.131484385121304,25.151627711640074
val,113,1,1,19.6426089681096,21.076777154909248,21.63543843767686
val,113,2,1,12.877772502300527,13.905377338509512,14.349338483637581
val,1148,0,1,26.035222231903344,25.987450149401937,26.01661780659445
val,1148,1,1,16.79345867430796,17.00527101130659,18.515470948823136
val,1155,0,0,22.17208317027975,22.19898409672244,22.18175578896479
val,1155,0,1,2.7878604458700393,2.7496309298269805,2.72971219296805
val,1155,1,1,11.665494504566096,12.145710788796187,12.402790115473534
val,1155,3,1,9.58372409026851,10.291477542928009,9.769391313236884
val,1162,0,0,32.75703698434837,33.2203008161001,33.17894629265384
val,1162,0,1,17.12266480351942,17.40053783529783,17.422658560441768
val,1162,1,0,12.092364325210605,12.111712525178875,12.146573807355935
val,1162,1,1,14.872648104838138,14.873991609216224,14.805482614095752
val,1162,2,1,16.284530372318827,16.743584216852128,16.78571759408477
val,1166,0,1,6.481848265296651,6.622535663337863,4.274940472280252
val,1166,1,0,6.388224621164016,6.089197395720727,6.087926538072877
val,1166,1,1,12.307638066869222,12.204793104451596,12.205121004448964
val,1166,2,1,12.466602047640732,12.759045655589475,12.66675111701814
val,1166,3,1,10.403166578172078,10.523301635820463,10.517127153679528
val,1174,0,1,45.226045310696286,49.8674114850505,49.95430141054053
val,1174,1,1,74.25645935362395,74.99385306262602,74.91708439498807
val,1180,0,0,37.0307909339772,37.47879410384892,37.56367550562183
val,1180,0,1,40.05595402280537,42.466347656689244,42.203763200897306
val,1182,1,1,28.946616491650428,29.12959865519768,29.08878725647798
val,1182,2,1,33.32828808012504,33.8911426863045,33.833903980223916
val,1182,4,1,40.74618285861361,38.08340868066832,44.83106276542854
val,1182,5,1,7.0851041225760625,18.1185519123842,78.69731939102135
val,1205,1,0,11.17845718987063,12.971038348885996,15.013985614476525
val,1205,1,1,6.15802375842656,6.042246009255029,6.497417549540134
val,1205,2,1,53.90130258788709,37.68180309953051,70.95874062543791
val,1205,3,0,2.6977933302263066,2.4415435553913385,2.3724731902332303
val,1210,0,1,2.402814297946734,2.610054830626192,0.635938607315471
val,1210,1,1,12.85566071642475,13.124461628298413,13.246946769705822
val,1210,2,1,24.32182525548403,25.241404077215503,25.56000571567355
val,1210,3,1,14.373109621624092,18.92960514536402,36.18130731095929
val,1216,1,1,24.525982295022526,24.928070727220927,24.696743145654736
val,1216,2,1,44.91839853402703,45.222148399368976,45.2120744919628
val,1216,3,1,52.16006057387541,52.06172837314461,52.072048450410726
val,1216,4,1,22.79544513672959,23.26884878991318,23.239831533582567
val,1225,2,1,59.21926773744352,59.374289196524266,59.534722447455394
val,1225,3,1,70.80533648642212,67.59036391209119,71.54032248118718
val,1226,2,1,94.94600039611728,94.58365227738017,94.72058011083557
val,1226,3,1,61.332892176882225,61.89528349462837,62.681181174969446
val,1236,1,1,69.72057874404325,15.058218810013384,53.39157015105981
val,1236,2,1,12.040339719432577,12.094251859537977,12.09056337590188
val,1245,1,0,13.46854704927723,13.580923659245359,13.539995207092256
val,1245,1,1,2.8283504586688917,2.7770489197503334,2.745164376483723
val,1245,2,1,10.151406592740377,10.06943035435896,10.116425145934048
val,1245,3,1,2.7297122772881894,3.7372514433435153,0.12365501812881738
val,1262,0,1,3.9776599655450218,3.892530690705992,3.9012143525166283
val,1262,1,1,2.520157725861632,2.5810782232990594,2.5644501580796644
val,1262,2,1,5.032541809205241,4.774246753186416,4.642338200101938
val,1265,0,1,1.0780825886344951,1.2716751100111554,1.3527263311853635
val,1265,1,0,7.86967363685291,7.85462381081808,7.872948777004697
val,1265,1,1,3.7153818202555264,3.9349539055455796,4.041696759007588
val,1265,2,1,1.464637330065992,1.4590524803665132,1.5287543113541873
val,1268,0,1,6.033444438004832,5.9901906753717835,6.015614263744676
val,1268,1,1,1.7800452452595754,1.7298698593458994,1.857029673477921
val,1268,2,0,10.687503785026271,11.257600197246072,11.645976108803644
val,1268,2,1,6.420263456398985,6.175265391130407,6.315529095038441
val,1268,3,1,14.970559264266523,15.912718428812166,15.977259483383573
val,1275,1,0,14.368390730545947,14.45255444345818,14.41441126019362
val,1275,1,1,8.943477696921523,9.21630781454798,9.335018893427439
val,1275,2,1,11.502971473821344,11.739692251675878,10.108965373557002
val,1279,0,1,20.745279450223734,21.75806068849416,19.20565912144828
val,1279,1,0,7.521907974653491,7.552632053060973,8.483435640897275
val,1279,1,1,0.7667281499361308,0.628348248571814,0.7784494739038291
val,1279,2,1,10.91858320961849,10.933806086989481,10.930993103536437
val,1279,3,1,11.11496701619969,10.59975679398159,11.093377211803746
val,1279,4,1,4.796408772519948,4.814359030619995,4.9387527392215125
val,1280,0,1,18.09663070894525,18.19752127090407,18.12968470569912
val,1280,1,1,86.88961517362998,20.3784197775823,89.65394154997055
val,1280,2,0,3.423340510182788,3.4209612849892697,3.422051143014281
val,1280,2,1,0.7640274891136754,0.9877158942596381,1.12178843032963
val,1280,3,1,1.3936090923478293,1.7728424050608407,2.3411555533490747
val,1286,0,1,15.481362333941131,15.444139196044656,16.324085981077687
val,1286,1,1,7.749978271138418,7.827991076279414,7.844556164910971
val,1286,2,1,2.8908214647728436,3.0355941433180567,2.805727641716757
val,1286,3,1,1.0585266415751404,1.8962834800667585,
val,158,0,0,12.998576193743618,13.750675722154368,13.90505648623323
val,158,0,1,9.623240660950756,10.222935966555566,10.132948849110306
val,158,1,1,18.953000932199053,20.06498203924952,19.807693703990726
val,158,2,0,4.107480237446193,4.026096433911467,3.987240199138024
val,158,2,1,17.429058557877685,17.36604264035222,17.405561977603533
val,16,0,1,12.857916965346297,13.182382975339513,13.407906277687104
val,16,1,1,15.315451322807514,15.964783839947435,
val,16,2,1,21.405363278745657,22.1777304733143,22.00337660457148
val,16,3,1,26.87281269384118,27.75793388966762,27.62542485391367
val,172,0,0,16.348193565775688,17.047329465740408,17.41366768510137
val,172,0,1,33.596509256354345,33.67145541161517,33.62463499978243
val,172,1,0,16.54231530896309,16.309710319492567,16.367280769036725
val,172,1,1,38.543231489021906,39.73166362808992,40.17238560021537
val,176,0,1,5.178447010882452,4.752959046469709,5.782637212536163
val,181,0,0,10.887828764763114,12.19538013073682,12.31306558523314
val,181,0,1,14.025739641395324,15.245305513640625,15.12844536142682
val,187,1,1,7.382527361887825,7.515621865427799,7.480485415070008
val,187,2,1,,4.0020850979583775,
val,194,0,0,21.788674431720494,22.392533117333695,22.019099003436672
val,194,0,1,1.5578717039986418,1.5235337462564844,1.3360632070766718
val,194,1,1,13.472830865002186,14.993689272927574,14.063614907166903
val,195,0,1,4.886471751164829,4.4647251694401575,4.961985179142013
val,195,1,1,,4.869152912718013,
val,20,0,0,19.583457643613343,19.721888618127135,19.657714828042064
val,20,0,1,6.032828832028845,6.430182004009935,6.576582278384212
val,20,1,1,11.16814416900142,11.524369776922994,7.811664481902607
val,20,2,1,,1.5113217840196451,100.0
val,205,0,1,9.268938783136328,10.06183694732965,10.909444492255922
val,205,1,1,23.299725364003603,4.819277226296874,89.90635869279839
val,223,0,1,8.874358203153793,8.763607049846966,8.994761227989931
val,223,1,1,27.19942344511786,27.207929777684726,27.207863812644117
val,223,2,1,19.784416588859518,20.034280361414282,20.062144416655354
val,237,0,0,29.817823446257453,29.76518204374169,29.973647105879696
val,237,0,1,17.38009660021122,18.223090665251025,18.091762711466593
val,237,1,1,18.931094573319477,19.045932455750265,17.804042067944092
val,237,2,1,14.18770577880496,14.721305775850468,14.576857843988158
val,237,3,1,19.188697172366428,20.05883247132728,20.343821848033087
val,239,2,1,4.072946386745152,4.374577223245157,2.672674408326837
val,243,0,1,3.9810610188717233,17.684936922956034,52.490516906073225
val,243,1,1,18.008671911107538,18.66573544415686,15.586859281233204
val,249,0,1,5.597923080939217,5.747252105042419,5.264647079772686
val,249,1,1,8.392090441934297,8.551818183731271,7.554653111064612
val,249,2,1,17.81666260320209,17.84241738872978,17.82995653031256
val,256,1,1,,4.421558244507751,
val,256,2,1,23.31299688794268,24.34129957969462,28.623098391226797
val,256,3,1,0.9297587399620133,1.2684072121015364,7.804780820313119
val,27,0,1,7.902487326911969,9.074389746486524,9.412307356754
val,27,1,1,22.656311859269643,23.78947590054929,23.70875749444396
val,27,2,1,3.5940802861520913,3.7342677313808657,3.8431225617458833
val,27,3,1,3.002194012192758,3.1560408659948163,3.3562632908757406
val,27,4,1,3.0679637344722352,2.993125914555521,4.541701718960678
val,31,0,1,11.896795805418716,15.787374845571122,15.785161673073537
val,31,2,1,,14.452575506455414,
val,329,1,1,17.817563462773812,17.885468113690198,17.909506663027212
val,329,3,0,19.9825062137813,20.456411642702875,20.861392977131185
val,329,3,1,23.366682930254925,23.29881519246298,23.343118880620985
val,333,0,1,18.418080757179087,19.56255618465602,19.79791664080153
val,333,1,1,31.509059475315503,32.2458508049737,32.49252152451972
val,333,2,1,25.9362526109431,26.247366866963468,26.14052311582379
val,333,3,1,26.56021195999329,27.52936640385228,28.042396866224443
val,339,1,1,4.33293279341841,4.525721577111479,2.5755639034480247
val,339,2,1,13.091524644205894,12.951432367656885,9.941803082416238
val,339,3,1,16.581805198978618,16.776195604010386,16.714409475106056
val,345,0,1,16.531502766607748,20.430293228456556,20.01109171627082
val,345,1,0,10.950884069389684,11.05250077549323,11.254044971731313
val,345,1,1,20.145976437671393,21.409599087424493,21.942322509116057
val,349,0,1,25.74714646172164,26.03938946424817,26.17371429123595
val,349,1,1,16.735193709561067,17.41444805581347,17.28596439474676
val,349,2,1,,0.11282447883424847,68.28666192742016
val,37,0,1,59.938924466047595,60.244090065029546,60.084866356030005
val,37,1,1,10.462560522445088,11.414035564880038,11.480616995030111
val,37,2,1,,0.9266060276731488,
val,37,3,1,10.611546750311437,10.60366707187983,10.774087803045788
val,390,0,1,24.744960612813692,7.536092214267858,
val,390,1,1,12.003545149356697,12.229645463220162,12.466179219024145
val,391,0,1,10.892665875132513,11.43996546135617,11.377463935865528
val,391,1,0,44.188854907929596,44.54402755112855,44.57429989395399
val,391,1,1,37.07129196767496,37.52227581645769,37.495359826329754
val,391,2,1,14.90111514529312,15.233700607655765,15.366551389624922
val,407,2,1,11.850987730411804,15.066701893795562,16.47229648529145
val,41,0,1,15.31569831255178,15.822855370089101,50.492183265119635
val,41,1,1,17.40274761326715,19.189525289394016,19.548787490288426
val,41,2,1,97.92678684746961,70.67381089857449,84.26406639528135
val,418,1,1,5.536269913035963,5.763405140216495,5.943046941294918
val,418,2,0,22.248897068859065,22.209320904912403,22.640944384917443
val,418,2,1,8.57659449291463,8.632741739347093,8.596206662053222
val,418,3,1,100.0,36.34665731074727,80.09414029103648
val,419,0,1,,27.175115956126323,98.89832056615853
val,419,1,1,20.576648925541026,20.78602243701056,24.401044639311074
val,424,0,1,59.820588626856704,23.510416893914577,47.32711428284185
val,424,1,1,12.213653645343216,11.859183011532082,16.353812522916797
val,424,2,0,24.733981633535535,26.418379028165837,27.622139675538847
val,424,2,1,19.799539922057637,20.288600364749996,20.05105964641446
val,43,0,1,48.16942616838516,48.90624001885135,48.86167965852699
val,464,0,1,18.280263108188453,18.184215513488,18.254728738065403
val,464,2,1,26.085268925258525,26.05612542497552,27.15120397563312
val,467,0,1,8.799198813809813,9.72764781820053,
val,467,1,1,,11.916309154589802,83.40696682019858
val,467,2,1,19.99990977436676,19.99990480107774,19.99999175576639
val,467,3,1,5.804627567612776,5.841534924154157,5.832261531522299
val,475,0,1,4.7185560448291,4.721305641552765,4.718602421627527
val,475,1,1,18.705248996801295,20.218006918734673,20.031161820215942
val,475,2,1,42.63171133237999,43.618432197649355,43.58602768855371
val,475,3,1,67.57382609277694,21.186376266241716,43.41312435847758
val,48,0,1,31.378607586390057,32.774159623084905,32.98095912316132
val,48,2,1,19.931635427299483,17.576555013751282,28.749704975135227
val,48,3,1,9.373382149092793,9.50067263866835,10.935261695214406
val,48,4,1,42.26120180558478,42.4898171612609,42.824307221163835
val,488,0,1,77.87752130322716,78.28226073840003,78.29450436266883
val,488,1,1,41.10903426633406,34.08170224066019,42.456976697693314
val,489,0,1,26.58847041813064,27.30012276412656,27.520569795736442
val,489,1,1,16.93689267300653,17.679888554153305,17.9157178320653
val,489,2,1,30.884998770907284,31.465470666977208,31.428869322789698
val,493,0,1,4.116400425830826,4.675324715989886,0.8451807767648339
val,493,1,1,13.656407122603694,13.88830471178085,13.829230737902373
val,493,2,1,5.2964640955717694,5.233829508364145,5.492466027467173
val,494,0,1,7.898363466402632,8.139395255267749,8.249382667374386
val,494,1,1,1.6117462901856283,1.7931543179927334,4.468322457470228
val,496,0,1,7.851105973395576,8.46827378657747,8.407458343211706
val,496,1,1,15.479755534714068,15.747940473239272,15.67103560163538
val,50,0,1,57.83274603043176,58.254418309712065,58.17729402789151
val,50,1,1,29.964645655808802,30.515450891873318,30.48349876154881
val,50,2,1,38.35101283836778,38.902613540828284,38.710641556983084
val,50,4,1,26.809425610132553,27.39942696923337,27.271017360693804
val,500,0,1,19.77908827108491,20.889891073061705,21.16342600032139
val,500,1,1,64.18231611893583,32.500857420550155,52.68969589607323
val,500,2,1,35.97069689442553,36.251460675347126,36.12490951299268
val,506,0,1,13.514309089105767,13.364580185756719,13.645781312384342
val,506,1,1,3.1471830789663264,3.037026353613464,2.998942520404331
val,506,2,1,2.6950636840676983,3.4322323147985867,3.372102273584323
val,525,0,1,6.328106758485028,6.433259097132811,6.436445010872266
val,525,1,1,3.528826439276696,3.812823130922575,3.903806655293936
val,525,2,0,4.069514826868227,4.051883727284359,4.0625271722200305
val,525,2,1,3.8910705086054,3.907634997209063,3.923584437032864
val,533,0,1,37.926054366980836,38.74024505833512,38.91305713205912
val,533,1,1,71.19354066953815,71.79710531960438,71.9578814220751
val,533,3,1,13.282897803334151,13.896837851781099,13.97146540693214
val,55,0,1,6.782632500685884,6.997102682575274,5.316477859022322
val,55,1,1,31.352425823552966,32.23317103152436,32.45059920271218
val,55,2,1,34.40178561555287,35.39244965118324,35.50933078059115
val,55,3,1,10.669842836198123,10.784688307059028,10.764302900287179
val,550,0,1,4.192820649460767,5.797032419278667,8.694337327658944
val,550,1,1,0.38744299179301445,1.0453486500069513,
val,550,2,1,3.2670568357251204,3.1814072061192173,3.59032057018457
val,554,0,1,,34.78318262252331,81.09933447129701
val,556,0,1,10.401734335419798,11.19134817214689,11.911633352337542
val,556,1,0,24.791840310347922,24.510417525079813,24.481202404763778
val,556,1,1,42.40532716463685,44.16598607357332,44.09754655970335
val,556,2,0,20.970791064998874,20.8269923289728,21.132031133848457
val,556,2,1,10.853930355967403,12.675772423020188,14.19725459935886
val,556,3,1,13.677785271292011,13.68597641347613,13.683227502025971
val,559,0,1,64.04668743887024,59.271118707356706,63.72060917863964
val,559,1,1,58.95388166086227,59.768978988569756,60.69376906077789
val,559,2,1,16.896529970670176,17.658182004438977,17.8995216180808
val,574,0,1,11.1371645842578,11.703090636991702,11.975992658124985
val,574,1,1,17.431000434960684,14.083159905395748,38.27896847977047
val,584,1,1,28.822153096048215,28.73261782705745,28.175081563368092
val,584,2,1,26.971071509629684,28.014528208135676,28.017671982641662
val,586,0,0,22.19524858892477,22.362254959360563,22.294520410868365
val,586,0,1,9.996451360228944,10.0408528799381,10.066341318584945
val,586,1,0,18.20145809342071,18.614795082887387,18.595864591046162
val,586,1,1,15.160083293658369,15.6555578328804,15.675822937801634
val,586,2,0,14.311387174872472,14.258314937935934,14.315661247149727
val,586,2,1,13.697598741655359,14.17936544282875,14.404150253616049
val,591,0,1,13.966938404724733,13.907349819607603,14.09069590145992
val,591,1,1,25.703711323016304,26.586828578092614,26.533912535438436
val,591,2,1,47.26761401820457,48.03756455422624,47.78880804873325
val,591,3,1,8.61321012472112,7.804173587502676,8.613210124720954
val,601,0,1,3.4984427201176573,3.4939208600897422,3.498582591657874
val,601,1,0,1.9495594201760427,1.8992257244620374,2.5243566346608173
val,601,1,1,1.169045000391708,1.2107696164001347,1.3371713308850086
val,601,2,1,7.0356336036494,7.042788164500418,7.034017263209486
val,601,3,1,16.71567962594368,15.805764016817195,16.649022504954573
val,601,4,1,13.752402166437768,13.767199787447455,13.758049174854706
val,603,0,1,11.659415648179788,11.620233276605804,11.649568663155332
val,603,1,1,16.720379244543544,16.71060483997832,16.709272976100422
val,603,2,0,14.995584077329948,15.858382061145354,15.381456798277544
val,603,2,1,34.25893864560107,34.07240031755504,34.84714549835417
val,609,1,1,2.0520367240222015,1.6137647775875223,
val,616,0,1,70.11356621906725,71.09529638379296,70.86948927785728
val,616,2,1,26.344657033268916,26.933406969220403,26.96695193666635
val,617,0,1,,0.3632692920709116,
val,617,1,1,4.779713178794321,4.8696310765107365,4.909336957490088
val,617,2,1,8.616159388724583,9.283757625759407,9.722249357550547
val,626,0,1,51.111654652581336,51.264980236879,51.30130769021671
val,626,1,1,54.61720750663833,31.163312864446368,42.211337991703466
val,644,1,1,33.7109080109501,35.14909715985147,34.91373090603089
val,644,2,1,4.977234402706985,4.9690659380369935,5.117584062842962
val,644,3,1,11.849023950264193,12.145042927757114,12.1346539349218
val,644,4,1,7.931798991291967,7.939634684465665,7.93699053996868
val,653,0,0,52.87066745771671,55.39655427929435,56.842178679823874
val,653,0,1,76.75624389160743,79.46889359744374,78.38446949038463
val,66,0,1,84.67476624301814,85.89750576464785,85.90706170708991
val,66,1,1,,3.0028333065750004,
val,66,2,1,8.30811882442475,8.476162452275924,8.52578209627667
val,672,0,0,8.394309122026582,8.04744837142275,8.357059595640816
val,672,0,1,19.670231176060394,20.25767246813421,20.62089726555742
val,672,1,1,22.17558943881208,22.280033033678844,22.27072606836303
val,676,1,1,0.275969285642412,0.010578463151393139,0.47023062298794027
val,676,2,1,7.718586059110422,7.501816293122615,7.642552971743075
val,676,3,1,8.254233498097053,8.19397290684145,8.223675363647658
val,676,4,1,6.546161286436545,6.581775154110009,6.7320352367317735
val,683,1,1,26.38816788112449,26.900228995245946,26.889581001932534
val,683,2,1,36.92783771864473,40.97374169741712,46.11561126394057
val,686,0,0,8.315070956081685,8.420124844888116,8.39708315854967
val,686,0,1,10.456899082301904,10.681430883987316,10.741205624300058
val,686,1,0,19.038769955972338,19.00174152248779,19.029639802036357
val,686,1,1,11.680864685457216,12.479131894620243,12.683532483546731
val,694,1,0,8.976935711114436,8.967446920843107,8.975517715702196
val,694,1,1,7.015971895691085,7.423152439935881,7.800508732400314
val,694,2,0,9.352406674791009,9.202540440795806,9.2674747978755
val,694,2,1,9.1465657082013,9.128624035767993,9.073910559475449
val,70,2,1,6.338569786126946,6.323814160299504,7.024786219530106
val,702,0,1,7.527958885183014,7.352041776480195,7.4212953200113825
val,702,1,1,14.688172179202008,15.459101168455906,15.753067292538178
val,702,2,1,8.236161440054735,8.419603387946719,8.335287600261857
val,705,0,1,41.45268827593579,41.91088897583852,42.894585445488815
val,705,1,1,63.52304672996342,64.42069743133627,64.21619426069226
val,705,2,1,37.41870381122673,38.450696955765075,38.62790954080037
val,705,3,1,31.43376759715011,31.974699828755522,31.941881203726325
val,705,4,1,15.452037465389571,17.24105344909593,17.847570175497847
val,71,0,0,29.326620530037843,28.66711168655356,29.231933500411422
val,71,0,1,18.09451464186516,19.00820936792254,20.002122645007624
val,71,1,1,4.594511147879984,4.538849875588395,4.549963345681448
val,71,2,1,16.217499745700735,15.632458486510236,16.193681150051038
val,71,4,1,38.22827367932354,38.21199153105384,38.31789113998141
val,724,0,0,11.844090598013695,12.058825424997687,11.895392949249182
val,724,0,1,7.389841155939234,8.156591258834855,8.423657733704033
val,724,1,0,7.163586315290141,7.354928016588314,7.264808456049231
val,724,1,1,10.20716044333216,10.908148417849256,11.352787990725934
val,724,2,0,11.371422790551991,11.440497549439964,11.410741709502359
val,724,2,1,13.150887814871298,13.41692598202343,13.546177115309213
val,728,0,1,6.038426793732893,8.355023060349694,7.8261624642683545
val,728,1,0,12.213151592446412,12.108043588961623,12.205904292900346
val,728,1,1,9.037855028579525,9.559740204578727,10.02862584060287
val,728,2,1,4.5555868036691365,5.23351677093874,5.2420699996728715
val,744,2,0,9.585096320338812,9.610068332120509,9.602640191343799
val,744,2,1,6.4060502385649265,6.454108413532676,6.469995812748267
val,744,3,1,9.476596091743277,9.833176115398278,9.783518136843593
val,771,0,0,19.97348913137381,19.99341087039455,19.984188592171655
val,771,0,1,9.986060310821616,10.015536322892839,10.037983049796267
val,779,0,0,27.915715316672664,25.965563179151218,27.86651014044752
val,779,0,1,17.666553845647048,18.573765508001316,19.435433433007248
val,779,1,1,32.589489464795236,33.27379496955528,31.31851634075647
val,779,2,1,9.98345777692437,9.925075658935988,9.987220797951304
val,779,3,1,12.708947787764313,14.791541080949216,17.88142312648745
val,785,0,1,29.907126318973965,29.861561168872807,29.86998627151151
val,785,1,1,49.480667056900664,49.939920660019794,49.93543481828755
val,785,2,1,63.479494708237695,64.67504764199886,64.65891385103882
val,785,3,1,29.48281092276638,29.651137636755255,29.619373614299434
val,788,0,1,94.52918557369414,95.60445975851592,95.16975299134604
val,788,1,1,48.011264332846714,51.47726801225713,51.73815334039795
val,813,0,1,21.768355092583203,21.983851628841975,23.694330913568606
val,813,1,1,24.5543121647228,24.63010373089801,24.626063077643916
val,813,2,1,26.729186634609224,26.945436317416434,26.97585169050951
val,813,3,1,17.150130178418525,17.105737112995453,17.17333596278683
val,814,0,1,8.827408237387383,8.646365964951151,8.827408237387445
val,814,1,1,14.018884269944513,13.896401756714402,13.90079350649881
val,814,2,1,8.740259916477765,9.369426579865625,9.151211484360624
val,814,3,1,80.63317694790823,62.74978229611637,80.38752729371173
val,817,1,1,29.611926129339196,29.737436643480553,29.650093579727315
val,817,2,1,42.11602316523934,42.12930398451839,42.12346271507602
val,817,3,1,50.46139182665554,51.889788670134884,51.58064370557421
val,817,4,1,24.554722202273652,26.01527056984451,25.916764889653916
val,825,0,1,5.300158181892366,5.928907638132908,5.548456861274102
val,825,1,1,0.8021225525262885,0.28992637413617395,0.4223088553884576
val,825,2,1,4.427702020053356,4.2038010489702415,4.625501403110234
val,825,3,1,,0.059764445241322975,
val,826,0,1,44.72287921405373,44.86250240561056,45.404681722875914
val,826,1,1,46.907682583695106,47.018579214070364,47.00908801039635
val,826,2,1,62.68203138046889,53.92036769328874,58.11540521204447
val,833,0,1,36.53271429808259,47.8228229266375,44.757451877877024
val,833,1,0,35.70491535673436,36.60868387467147,37.09743958674118
val,833,1,1,16.80539429068483,17.040578406152306,16.960160775833792
val,837,0,1,3.6315065989456685,3.5361480206172318,4.424564732457595
val,837,1,1,,6.854070703011075,
val,846,0,0,24.31004675686274,24.332708163702844,24.319467846498853
val,846,0,1,10.040535283370192,10.158407663249218,10.222417760603108
val,846,1,1,9.412165915957964,9.526000902288374,9.50258122289009
val,853,0,0,4.458420622076025,4.5370830133403555,4.472863339216715
val,853,0,1,4.5541249339838545,5.0009272207721995,5.222789033746589
val,853,1,1,2.430497547451541,4.334940514877123,4.760734697908523
val,866,0,1,6.11155531812945,6.1665495459115105,5.36674268443088
val,866,1,0,2.3365901139649266,2.336544300211963,2.336395642166592
val,866,1,1,0.1065038691149074,0.178473295408772,0.7853877313001794
val,871,0,1,51.3827470289257,51.67796483890756,53.32919005063188
val,871,1,1,61.88075745952597,65.7858797641397,65.7448138717133
val,871,2,1,55.92946272811135,58.237056606951235,58.30555901881461
val,894,1,1,5.993334706687192,6.212240010177316,2.5578774570816996
val,894,2,1,10.672158952383919,10.925924870756955,8.222798602647602
val,894,3,1,7.826132923706035,8.058981272799203,8.115083450598942
val,895,1,1,2.3718383723326326,2.7035727408981276,3.2477275097195606
val,895,2,1,3.4558592248124653,3.474179048399504,3.5439875860123164
val,899,0,1,12.01117042865369,13.255099548870295,13.534994640480031
val,899,1,1,17.18889017435116,18.217500993304835,18.144075734397457
val,899,2,1,14.969502221106573,14.961727702774787,14.978043944062474
val,899,3,1,3.8808496674356396,3.977909504096859,3.958795222590092
val,906,0,0,40.8281281392058,42.966286859992195,42.855967311339505
val,906,0,1,29.01199083890818,29.27910941630159,29.307426888194104
val,906,1,1,58.56521187317766,58.865140662105716,58.81678743733785
val,906,2,1,58.32787407311619,59.85814019739841,59.8908422015754
val,906,4,1,25.26843906575951,25.37335474944295,25.322162445710884
val,908,1,0,8.333169736156552,8.37181491274808,8.478972782385839
val,908,1,1,9.27494980690004,9.301948688050642,9.284108799329056
val,908,2,1,20.82197465127096,21.311332657662753,21.395459916231687
val,908,3,1,27.86451362431674,30.19521374905739,31.283978792741753
val,916,1,1,3.0792642782111934,3.000650514922537,4.11169575697791
val,916,2,0,20.97086765059117,21.876563050935715,22.048906836427882
val,916,2,1,9.373831795650286,9.376116571628854,9.375490133801739
val,916,3,1,10.45987253619872,11.619842914872072,6.202556413301164
val,928,0,1,4.221080843253529,4.4398899916153525,4.748501313306696
val,928,1,1,19.384891561560107,19.833341535288245,19.958399990960608
val,928,2,1,25.584505266012343,26.440567947870992,26.40367434892174
val,928,4,1,8.797084614880458,9.109068842698463,8.678418461263062
val,932,0,1,34.588789697960706,35.70724499309159,35.95090029816664
val,932,1,1,66.28734118954102,65.98913136377452,66.28734118954107
val,932,2,1,67.72675833417286,67.96043188006422,67.90038434718534
val,932,3,1,25.437860060015673,25.638167729439715,25.567584827850247
val,935,0,1,23.022851268623477,23.49124664511174,23.676625072636824
val,935,1,1,34.40743040528027,35.51487637419501,35.65482377954704
val,936,0,1,16.02227103445084,15.921977763103893,16.007474404942833
val,936,1,0,27.810614353801768,28.226606881205196,29.775578370623855
val,936,1,1,26.496998298009363,27.78083543265433,27.04844556852251
val,936,2,1,30.793019173981495,31.74225371630574,31.50589834292547
val,939,0,1,13.204912552508041,13.088128506608134,13.148668303484751
val,939,1,0,8.539805979672872,9.997811852276365,12.088341673409529
val,939,1,1,17.765591284337408,17.690561239279397,17.91398385905731
val,939,2,0,10.895166253275681,11.127578776521514,11.318317482305606
val,939,2,1,14.346116710714114,14.052026884198018,14.224413789580318
val,939,3,1,6.907367248672022,9.053153105046613,9.54982208241669
val,942,0,1,3.461898562700752,3.53788489120892,3.4457847492887343
val,942,1,1,6.184553584656923,7.360303168710021,1.1566283289278823
val,942,2,1,16.30094163694901,9.051507483081792,54.60213748650043
val,942,3,0,1.8757405240982856,1.511610136266223,3.1701910194609266
val,942,3,1,0.3934255804444308,0.34202572428001243,2.0342762448440372
val,945,0,0,10.416675237239376,10.506629487666382,10.478200955522185
val,945,0,1,9.074749652144366,9.125085480331897,9.155910251978431
val,945,1,1,2.484542168902121,2.432262896099863,2.433528389073367
val,945,2,0,14.611665897897948,15.256088370212836,15.407586745345805
val,945,2,1,7.343399896480612,7.088582034870707,7.130715629900627
val,957,0,1,16.026763566811795,16.449288241872765,16.57586176339827
val,957,1,1,11.263647431323855,11.780223691659588,8.641054449862152
val,971,0,1,3.8182213737291573,4.307778166555547,6.637422464997603
val,971,1,1,4.035679464595779,4.115769155314592,4.147722086762499
val,971,2,1,3.3427522752493624,3.425728273892209,3.3513143184002594
val,971,3,1,7.6931709333282985,8.637144827033762,4.443894434712823
val,971,4,1,8.251753913823297,8.802422439450837,8.920671968982031
val,972,0,0,8.927632354948067,8.493448814180342,8.8707591990287
val,972,0,1,8.238172669307554,8.72481266339505,9.10265986019962
val,972,1,1,11.031399119748652,11.07482693281986,10.825774850785816
val,972,2,1,8.591875478666475,8.514837011155262,8.51526927070628
val,985,1,1,20.029491873109137,20.93455415705993,21.32127651210936
val,985,2,0,22.45223386562028,21.809701142777925,23.272461016277397
val,985,2,1,11.98917721627236,12.982264296443983,14.237214022363759
val,990,0,1,7.986350885606715,8.25475305032899,8.333390148186764
val,990,1,1,24.49140662019037,24.93334258334348,24.99284038181383
val,990,2,1,35.307238551157546,35.261751333014395,37.86214099274237
val,994,0,0,8.845371764154502,9.091620001805461,9.343425288698985
val,994,0,1,13.659962034149487,13.420828884533822,13.64642362550409
val,994,1,1,12.554836769404693,15.634322772384898,14.571667009196986
test,1,0,1,97.01204748897932,15.401859544718036,77.03750764612003
test,1,1,1,12.989651293716854,13.42061452550054,11.641688450012849
test,1,2,1,12.23646341947053,12.331859346407732,12.45521534824066
test,1,3,0,17.260639904364456,17.63217229097346,17.563809403529444
test,1,3,1,18.547971132453313,18.992870967589305,19.05071644600557
test,100,0,1,8.29712156725782,8.599634200816821,8.757083936420344
test,100,1,0,16.693952041819248,16.814465351776946,19.517761293039385
test,100,1,1,6.673789793942161,6.63266426332958,6.711359263583286
test,100,2,1,19.537149311396252,20.44606481731798,20.805029626684636
test,1000,0,1,58.9676159929198,29.194007503718574,51.4081867910601
test,1000,1,1,11.10567260600646,11.805609495792496,8.868545697989003
test,1000,2,1,12.861620557674442,12.854908330411249,12.861620557674453
test,1007,0,1,75.90929184071167,77.67254927087536,77.49843992974519
test,1007,1,1,34.80289504334928,34.91217117068216,34.87353677130745
test,1007,2,1,81.82505176205711,83.09900005655999,82.81936126748047
test,1027,1,1,20.391662826823797,20.75224977411417,20.692237986190428
test,1027,2,1,93.37864361016301,67.44703705872813,88.70241555928246
test,1027,3,1,14.304123372942998,15.271572887961703,14.954439788059231
test,103,0,1,37.4594015481384,37.685643990610714,38.32824031014962
test,103,3,1,37.17570697758519,38.263682019215025,37.85761892807607
test,1036,0,0,13.66700790543601,15.11675955696916,15.310397027733952
test,1036,0,1,8.790412208299765,9.337194115544637,9.245550922472633
test,1036,1,0,1.9706323705094082,1.4871655593267241,17.075489609147834
test,1036,1,1,96.65197940037237,0.9921268899776039,7.424128889569033
test,1042,0,1,5.296239846137842,5.218120430722585,5.334385299305527
test,1042,1,0,5.082679730339964,5.583837518259589,5.876248641906249
test,1042,1,1,4.792962825933534,4.778661269418461,4.958359005208841
test,1042,2,1,,4.7562374464968835,
test,1048,1,1,6.116739250729997,6.041269177940771,6.954911061698519
test,1059,0,1,10.803865545489622,11.314317752710949,0.3034285424707775
test,1059,2,1,13.018425084766868,12.936619482476653,13.46551841962547
test,1059,3,1,9.334404320260226,9.40534766266599,9.358309746610361
test,106,0,1,66.49180496588652,66.60960361257632,67.10227484833257
test,106,1,1,61.53348482582022,61.99108714810213,62.08637805194327
test,106,2,1,51.06470607438531,51.199321665465604,51.15548271499875
test,1064,0,1,14.636023955235581,15.334789216489062,15.53314271023184
test,1064,1,1,18.880394467263244,20.04680841881534,20.066540340581433
test,1065,0,1,9.967662033483304,11.085131143033792,
test,1065,1,1,3.727627996718634,4.120651337835375,0.4552067799462293
test,1065,2,1,4.0241616416787505,3.873508939640343,4.29515076479764
test,107,0,1,24.389677145658933,24.550163035214545,24.680963034341026
test,107,1,1,42.981232118775985,46.37267996531481,46.8218224930817
test,107,2,1,27.764405838795845,28.445423202482147,28.39725868421537
test,1071,0,0,44.10347770341125,44.19051171489375,44.14672216523642
test,1071,0,1,33.244878272614386,34.33319209703794,34.89909655854054
test,1078,0,0,5.169793524361405,4.890648341194946,
test,1078,0,1,4.308345310424611,4.537237800985039,
test,1078,1,0,5.21954007948741,5.014691689359068,5.349927147305447
test,1078,1,1,7.976689753814732,8.093119016195955,8.368259570457406
test,1079,0,1,0.14662184874611742,0.4305839409611158,0.7053752486073208
test,1079,1,0,0.8298331680559906,0.6975936590323687,0.5676982997623108
test,1079,1,1,7.19076181813426,7.425869675518805,7.214000579285952
test,108,0,1,60.451284303380305,61.627187298801026,61.33728566917169
test,108,1,1,36.74312284076454,38.37168366941721,38.58415029289991
test,1082,0,1,13.331459145418057,12.898146500751093,17.353641025999135
test,1082,1,0,6.254267723253854,6.384440500581308,6.57680393251307
test,1082,1,1,20.210332645039482,19.960643336620787,20.310267510292032
test,1082,2,1,17.18092290852705,17.54509347719293,15.889557766432253
test,1082,3,1,14.011745855482289,14.057255429005483,14.016111625208058
test,1084,0,1,5.896401529420671,5.889287282870964,5.905541425529012
test,1084,1,0,16.032242904145573,16.869966585798924,17.095962058338106
test,1084,1,1,12.57170408668987,12.495657891731353,12.5184492435882
test,1084,2,1,,6.963645262506528,
test,1086,0,1,2.3463714838589893,2.281917536366871,2.2724023209870094
test,1086,1,0,8.14080346219196,8.080174221898991,8.059324005441187
test,1086,1,1,8.871092727975801,8.860719759735556,8.862110975249124
test,1086,2,1,4.381960498293405,6.255104454998392,6.939812097332735
test,1088,0,1,10.261839577082482,10.492757835584225,24.638013230575655
test,1088,1,0,13.900141025171987,13.729436390815255,16.361802484490298
test,1088,1,1,7.163278067571821,8.341107753645675,10.57391223201935
test,1088,2,1,4.699802858773062,13.01488543742933,52.62396694328915
test,109,1,0,40.14738766616226,41.0359046850138,41.79199598456655
test,109,1,1,29.850218086934543,30.30135703009296,30.12453022105457
test,1098,0,1,5.3479341076675,5.36558517994248,5.361713468915324
test,1098,1,0,11.629063713565433,11.973737587298249,11.946113171667387
test,1098,1,1,5.471360632574353,5.49907520872611,5.505053405270628
test,1098,2,1,,1.4520684605334693,
test,1112,1,1,,2.7378094624898273,74.63635278576098
test,1112,3,1,18.750815694492832,19.65233046905169,19.781089226490277
test,1113,0,1,6.60977453039171,6.622908983414266,6.620160143668547
test,1113,1,0,9.67330843925272,9.927988461344153,9.772212083425085
test,1113,1,1,2.879366317003294,2.91444301877674,3.0144737449637926
test,1113,2,1,0.16434737039375982,0.03044864256788556,0.73211740486378
test,1121,0,0,14.028449162394994,14.641790716519068,14.512227893854067
test,1121,0,1,5.01383883014275,5.0908615817507314,5.11119391954159
test,1121,1,1,13.793024518849645,14.62736778970518,10.981263733363539
test,1121,2,1,1.9293933572999113,2.0771744957424514,1.478967616392549
test,1121,3,1,,0.7811719879253965,
test,1137,0,0,13.02680339582373,13.59222717427428,13.807631069486284
test,1137,0,1,13.36864083865251,13.40212361836152,13.388901335527393
test,1137,1,0,6.915938643258243,7.453148783696174,8.479296711110749
test,1137,1,1,8.902769482601773,8.690634321245744,9.151625287001023
test,1137,2,1,14.580418965563128,14.71306225883314,14.680119808772297
test,1140,0,1,14.387340175241093,13.46245673724454,8.81355364386227
test,1140,2,0,41.19671534436314,41.216722965198535,41.23202583931489
test,1140,2,1,22.52378400506028,22.907031834753486,22.8463517892428
test,1140,3,1,17.291527610055944,19.636731449481562,20.630866559444947
test,1141,1,1,9.34202797387194,9.52456947679109,6.862245404285041
test,1144,1,1,7.699380935173053,8.255510712849127,0.8054554367055248
test,1144,2,0,6.725318420149645,6.642140893368688,6.841515011016812
test,1144,2,1,11.601973857453403,11.958303067646993,12.402917575267063
test,1177,0,1,48.16241991652246,43.077299241567104,53.12848793895911
test,1177,1,1,25.044503598925665,25.098847658851227,25.114179445990146
test,1177,3,1,29.286883645388645,29.714894366564693,29.896966231342482
test,1194,0,1,36.44495355755853,38.85269067653559,39.403138672354146
test,1194,1,1,47.14313879462621,48.02961342371486,42.138695823874585
test,1194,2,1,17.763298520312244,18.71587420991438,19.020854886347863
test,1194,3,1,31.869003053761634,31.867407342331898,31.87559097158329
test,1201,0,1,24.398012683382657,25.08871231001189,25.183509838070783
test,1201,1,1,37.77445684773003,38.12155358074566,38.190064516892434
test,1201,2,1,37.86310009473034,37.983720703996745,37.94392757419977
test,1201,3,1,21.97771882373926,22.016521299083507,22.012659174191658
test,1211,0,0,23.599749440728225,23.98299818407859,23.890739303086512
test,1211,0,1,7.7962276405568565,7.471030546203133,7.372429337284328
test,1211,2,0,15.405152623056898,15.159063422076008,15.608944644115955
test,1211,2,1,13.78969567111096,14.576759807527786,15.277836592279892
test,1211,3,1,15.433327109550959,15.441249543346638,15.495901371243573
test,1221,0,0,35.59609996995946,36.686075688785465,36.81576863613712
test,1221,0,1,38.25747366463512,38.14246259203802,38.174082332110174
test,1221,1,0,25.793773530760983,26.429368370220345,26.790878096711328
test,1221,1,1,19.382192738054876,19.888238529101056,20.439044488216407
test,1223,0,1,36.92905344542064,36.7535706813292,36.92905344542059
test,1223,1,1,43.64724624844036,45.83606748605275,45.89096970861271
test,1223,2,1,72.2936065974448,29.3064182111263,52.02810774842908
test,1224,0,1,36.070110310956274,35.93543972093396,35.90965411624817
test,1224,1,1,13.300583276414452,14.072229277035847,14.285674034319229
test,1224,2,1,21.952418661654388,22.40129337980718,22.386324147602718
test,1227,0,1,24.71714449733402,25.214692731158518,25.275719240815963
test,1227,1,1,73.03286328773457,73.94482075796708,73.61694242578284
test,1227,3,1,64.07372220806036,64.45183586154265,64.30847214830771
test,1229,1,1,13.798377485407348,13.373050328096875,13.618103768764705
test,1229,2,1,16.903336920096297,17.28977220013522,17.359424424586457
test,1229,3,1,11.848590933086873,11.866843244787715,11.857660929607192
test,1231,1,1,23.580292916046652,23.733942123182505,23.71194978004816
test,1241,1,0,14.855321242624669,14.815107472271077,14.834294982339424
test,1241,1,1,12.892163034006899,13.795696904310075,14.040095337551142
test,1242,0,1,,10.827121372450705,
test,1242,1,0,14.213417662801719,14.532510074935637,14.493524857451664
test,1242,1,1,6.32399650099176,6.461102669468752,6.480100358672818
test,125,0,1,60.03199252692281,62.15846547149151,61.941729127117554
test,125,1,1,81.9951542979843,82.57374465802656,82.61081817533672
test,125,2,1,95.68801342708822,93.34421323360999,94.24454480276565
test,1251,0,1,17.017164365072123,17.052366375175616,17.125619934596763
test,1251,1,1,23.802473170731712,23.930287427506098,23.966640464570446
test,1251,3,1,22.89271355912018,23.764995849021354,23.619149166725794
test,1253,0,1,0.5390830363426938,0.40425016463236124,4.104996193539658
test,1253,1,0,2.965326104917324,2.9643473577794626,3.007276270666498
test,1253,1,1,11.382349807331062,11.55635239524476,11.696243200834077
test,1253,2,1,8.725538657364535,8.819361352110377,8.85166462407063
test,1258,1,1,4.368731926503288,4.31473759102725,3.9760915503327556
test,1258,2,1,6.681716022497329,6.812774434166539,6.743196111764949
test,1258,3,1,11.126724384633151,11.30234374295343,11.285404180404651
test,1271,1,0,5.1670378043030825,5.281984168945393,5.347200039298652
test,1271,1,1,0.5551967705814769,0.6742045127613631,0.6263656127602003
test,1271,2,1,7.368675735621147,7.50894074272029,7.521095150371162
test,1271,3,1,3.9356815995500645,3.743648985151634,3.9129691660160137
test,1278,1,1,6.889768881241174,6.8771017437171995,6.878145041425269
test,1278,3,1,11.571829889850267,11.537515042946303,11.565970929088952
test,1285,0,1,1.3464700333300292,1.3224736862161441,1.3915525800638653
test,1285,1,1,2.677891123662392,2.675726745178542,2.7227088552594045
test,1285,2,1,16.99062019608946,17.182934966393038,15.629174099513662
test,1285,3,1,10.200127582397773,10.179096805810476,10.185579486930346
test,1285,4,1,84.28246287450462,12.025652196971363,82.1103884843962
test,131,0,1,10.79596817555865,10.790505848389158,10.788749484996051
test,131,1,0,9.24972010662739,9.830123872761042,10.363610340287158
test,131,1,1,4.80736831558647,4.812657997770753,4.773306859159448
test,131,2,1,,1.4558139467975504,
test,134,0,1,3.3460546836171585,3.3719319316627963,3.364533433799112
test,134,1,1,,16.082619963550464,
test,134,2,0,3.0610620819403604,3.1108301595705687,3.1230898703102796
test,134,2,1,12.42622786579648,13.157183756679663,13.06024237282983
test,138,0,0,6.196731504913812,6.222566497051833,6.604762464683339
test,138,0,1,8.874385695733242,9.174294193002066,9.401415782032965
test,138,2,1,5.508587375122149,6.573725970962051,3.2292365178795674
test,138,3,1,5.763588023033981,5.752053544942286,5.785618031127267
test,139,0,0,7.820057604411017,7.800615121961677,7.804806416243015
test,139,0,1,27.60133876582966,29.583649269559142,30.01295169917071
test,139,1,1,30.290230525235472,30.437343263812927,30.807847714341474
test,143,2,1,12.800652623761854,12.896399571952097,12.031267708902936
test,143,3,0,21.19846255779688,22.157850581935243,22.6161010232096
test,143,3,1,31.545065805053145,31.795975987013648,31.685077651367827
test,143,4,1,14.99915744296931,17.204359631332718,17.876190542343124
test,148,0,0,23.098899523482892,22.994532025424462,23.092803147246265
test,148,0,1,6.005020962043198,7.270804048957581,8.709720352466356
test,148,1,0,3.522403575513719,3.6640049324934005,3.6375946958469747
test,148,1,1,5.411408274053693,6.093242622821958,6.152071032408263
test,149,0,1,20.21659896347862,21.4680808918103,45.417569938083076
test,149,1,1,14.003345192829784,14.129819019460454,14.078641013357979
test,150,1,1,9.772174933236922,10.633461142139355,
test,150,2,1,4.745519087055392,6.198163235777329,6.278465107649497
test,152,0,0,8.655610452834555,9.181242697173976,9.665614179129753
test,152,0,1,11.783659162141715,11.837725846603805,11.77512426671184
test,152,1,1,,8.966900477243781,96.33286492659175
test,156,0,1,22.74475722651838,24.241569721875447,24.98405478907995
test,156,1,1,9.951776353303002,10.263595455277706,10.235583083410631
test,156,2,1,38.56431429688132,30.208113161056062,67.72611488952359
test,156,3,1,12.125182978200337,12.059689559888541,12.287749380946243
test,163,2,1,10.397773435656424,11.438797551554764,11.581407308181676
test,166,0,1,10.917893819581403,11.045821872764847,14.814361243976562
test,166,1,1,,13.031611677686808,98.99918686448024
test,167,0,1,2.234136201177276,3.0592832962239105,2.8538409127036197
test,167,1,1,3.6038960561425695,3.7311337964884483,3.834514594636039
test,167,2,0,9.444940642749975,9.454035862387355,9.450846683269317
test,167,2,1,14.887095845361827,15.17490406786105,15.277257312411813
test,167,3,1,4.528176319058369,4.532047336896321,4.535123047866907
test,168,0,1,14.878982597766354,16.458222642755516,17.070404764614036
test,168,1,1,7.755553651862825,8.11652553185422,5.86420860548168
test,168,2,1,6.790102311080869,6.798820867424439,6.790635122953698
test,177,0,0,1.2861994082595858,0.20523413244934907,1.7175809713190622
test,177,0,1,8.67061910756044,9.229122163408332,8.51317293846609
test,177,1,1,9.155224515488115,9.670358569689574,7.597444673590189
test,177,2,1,7.937378836439102,8.567534818281,8.297865709628423
test,178,0,1,7.030290538848378,,
test,18,0,1,53.16289692688423,55.602444140181994,55.835705446277416
test,18,1,1,83.72792913236366,84.16650442881614,84.07325027104109
test,18,2,1,81.33982168203538,81.99825807371673,82.2365686972624
test,18,3,1,74.34698347156203,63.69332346052944,68.5197170831402
test,18,4,1,55.99361406045519,59.18644374147479,58.92426743327574
test,183,0,1,,29.45971685129595,
test,184,0,1,2.5943721653869365,3.107441422327277,3.1741344663751634
test,184,1,1,8.791014323377153,10.866607845115176,11.876700684933027
test,190,1,1,3.7373614406849818,4.070692250562515,7.520188169928403
test,190,2,0,7.536377971561649,7.548627902711799,7.632425729605638
test,190,2,1,5.221194204213879,5.509383428926413,5.70974827547184
test,190,3,1,9.30924243443684,9.565594783819446,9.853539203275773
test,201,1,1,13.32217787893618,14.07368192939979,14.205625005439988
test,201,2,1,17.510788058755836,18.021705525354083,14.438920268746713
test,203,0,0,10.541851905006395,11.045818769065106,11.248628467422401
test,203,0,1,6.306028808768498,6.296721025282246,6.308962192645695
test,203,1,0,18.7284543894674,19.366066534942856,19.235218262021096
test,203,1,1,3.647181152561048,3.597777572858408,3.5864187571047457
test,203,2,1,17.17526471640984,19.705520107059773,17.220480506897058
test,22,0,1,,23.24626298860257,
test,22,1,0,30.053527524217692,31.705723330154633,31.657974061454375
test,22,1,1,15.776148580728307,15.794154728545283,15.795253921126163
test,22,2,1,20.696787912680666,20.672945275732953,20.340625164890547
test,228,0,1,16.92661271073407,17.354097379237317,17.34320146846977
test,228,1,1,16.954617672169064,17.20025413490329,17.021959650738268
test,228,2,1,9.301421821768557,9.696750042586467,9.893825194230354
test,231,1,1,15.747192720629544,16.713741972044733,25.961103279002202
test,231,2,1,100.0,11.991764925247535,61.95970308821613
test,233,1,1,16.650550762094888,17.76073872876559,17.990972134250484
test,233,2,1,17.105272435448942,16.73715205439999,12.325356942772924
test,233,3,1,45.001053170660875,23.80674502257046,45.001053170660896
test,240,0,1,5.756478839125215,5.735738457395223,5.753493073086615
test,240,2,1,1.8194829845880525,1.8262571904636926,1.683848120351588
test,244,0,1,9.850935122647119,9.914694639339222,10.144663682720244
test,244,1,1,49.341373469264454,12.06424625863213,27.893777544388275
test,244,2,1,7.609793866407223,7.733185327764469,7.619406078920791
test,244,3,0,4.430161317261487,4.3725879127233185,4.431030341620778
test,244,3,1,11.589265300706897,11.544658905220336,11.649048269622055
test,244,4,1,0.0024084591854844012,0.2539978700346847,94.53776388801818
test,245,1,1,13.206017562343686,13.678274488048151,13.502016896408598
test,245,2,1,15.171550787617083,15.745922151027827,15.753460027349162
test,245,3,1,9.790033875697732,9.471346433740404,9.790033875697778
test,258,0,1,52.573321432395325,36.923847753719755,64.1381108656051
test,258,1,1,,,7.382836676466393
test,266,0,1,2.7932980769537754,3.0317777418703704,0.08700229743302153
test,266,1,0,5.458907992177967,4.443498866439573,4.351818851370185
test,266,1,1,11.559083297632396,11.420428799882227,11.461113139366812
test,266,2,1,8.68577884978925,9.408107499709516,9.360270038806016
test,266,3,1,7.125579056728065,7.24974474144458,7.277793775993753
test,269,0,1,5.965108204622666,7.447278998812385,7.819767259569045
test,269,1,0,10.350114245038998,10.771329389397504,10.55528802894427
test,269,1,1,0.033225038745982,0.23547785749938582,0.379654459531463
test,269,2,1,86.88445375362251,12.546805672046583,80.20781596129292
test,270,0,0,3.8958612653028,3.8651577540409687,3.8324960107573385
test,270,0,1,6.5241358047438,6.518574220981857,6.520150217529938
test,270,1,1,,5.933286658934237,95.1024569405393
test,270,2,1,11.34548109129034,12.82055155164031,13.205732886679147
test,286,1,1,13.569469966139605,13.842227430732995,33.08127096162155
test,286,4,1,4.617660023888984,4.968089162259968,4.957173952083454
test,286,5,1,11.496720672027358,12.078791260966788,12.026133644388299
test,298,2,1,38.72942272019218,34.856168794324134,38.18358866541762
test,298,3,1,10.012737307279156,13.3404715406879,
test,301,1,1,8.095094633182393,9.86379501785972,10.104471558036098
test,301,3,1,15.20808603478252,16.493904616214415,16.372099869457646
test,327,0,1,11.53204248991782,11.545878287444182,11.539401313025087
test,327,1,1,70.48038083007708,29.143918019647124,60.016563093650944
test,327,2,1,6.662534987373996,8.132179177703264,8.935547659084634
test,337,1,1,11.866093933694202,12.093700880495696,11.967044778786189
test,337,2,1,18.892560671342075,19.632057636804177,19.387518306695256
test,338,0,1,7.797405241147043,7.805951173271137,7.805661464113618
test,338,1,1,10.351847002264005,10.322931663065361,10.330250391282698
test,338,2,1,3.6173741923650824,3.5544908771992985,2.7116598356014823
test,340,1,1,20.66401603024254,21.313144670955406,21.29030045753796
test,340,2,1,14.546666532693806,14.539507365355497,14.544147930693752
test,340,3,1,1.110991146133349,1.2094716251364095,2.1277982029039926
test,35,0,1,25.80776453297436,28.12972945255931,28.389668452910826
test,35,1,1,23.299498720948993,25.913219387162606,25.815553319230723
test,35,2,1,47.54064139181795,48.97917152357148,49.20803754422728
test,35,3,1,20.611633360959694,20.816753921875623,24.865683920049435
test,358,0,1,12.883517702413169,12.894116840443282,12.918052448696976
test,358,1,1,13.2727516637312,13.436728641028562,13.430932233026125
test,358,2,1,4.97945494106725,5.0827065557662605,5.092568140635141
test,358,3,1,7.681336273854898,7.472920208682115,1.9414537983261322
test,358,4,1,3.6026925694994807,3.3505999785698237,3.697612166307703
test,361,1,1,7.895927735782898,8.393114439670715,16.385852050353865
test,361,2,1,21.86155861972232,21.899164173313988,21.969566024899525
test,361,3,1,18.919020224028728,18.842295927708328,18.915263541545855
test,361,4,1,85.85272648223156,5.270160977326917,51.969029766863706
test,365,1,1,7.038671820814935,8.037275238050547,9.331256345402455
test,365,3,1,44.624510122013454,11.535908135401161,32.62407271446905
test,372,1,0,17.734093084848475,18.103808952980653,17.86841349191192
test,372,1,1,3.426068695004342,3.672277749696714,3.8637212294847116
test,372,2,1,13.813437119304076,13.899069162509377,11.275815199517119
test,372,3,1,12.959870519256961,13.073767907078167,12.9957287597353
test,389,1,0,5.27313961103648,5.22398648284206,5.2405350162029585
test,389,1,1,3.834569089016239,3.812563843079482,3.7954133029394694
test,389,2,1,10.767825597156222,11.38520802147715,11.658569021071456
test,389,3,1,15.36406768517709,15.610058146312817,15.563679462480618
test,394,0,1,18.160001345835585,18.180959363428343,18.17569197221506
test,394,2,1,74.90005789677052,46.29034531809943,68.52119862624863
test,394,3,1,,0.563101775943037,
test,411,1,1,46.51431623340446,48.219917811731584,45.46775672494888
test,411,2,1,38.206798065970524,39.45744019192661,36.827551775879094
test,411,3,1,14.328064770594334,14.415200638098696,14.407338558106403
test,413,1,1,61.36432604169971,62.29085272445049,62.30093323665673
test,413,3,1,33.8754618492598,33.83268932611421,33.835975578695844
test,430,1,1,1.4935097495519172,1.4686765675097588,1.476064231991792
test,430,2,0,8.349535030473865,9.076442258857094,9.320901024681778
test,430,2,1,5.843787624905711,5.716896126495192,5.776648925735111
test,431,0,1,6.105993001927539,6.130789178493109,6.14012291956446
test,431,1,1,13.117930485831547,13.47368615366146,13.264004726706139
test,431,2,1,8.187088815228995,8.667041965675269,30.92666354873654
test,44,0,1,21.66964956132062,23.05923796754299,23.596349986432887
test,44,1,1,42.73901293195275,43.3549310221212,43.399032882176975
test,44,4,1,64.01184565784222,64.23182738103294,64.13187622896878
test,441,1,1,33.14273143969217,34.70804400543551,31.019970417704616
test,441,2,0,39.97588725143409,42.397848012510146,41.29700004340663
test,441,2,1,35.306660218431006,35.296996382497184,35.89034413064539
test,441,3,1,32.111070178706925,35.36683243151128,35.502495045610395
test,441,4,1,26.284368217549975,26.718272048458708,26.477482004576814
test,448,0,1,11.960188327272583,12.499272428498976,12.881147083767209
test,448,1,1,40.85647838251746,23.826282716620554,68.57252085260303
test,448,2,1,24.07601725069228,25.37355852576111,18.945082504619464
test,458,0,1,16.380641946491465,16.748726674325972,16.863032275079203
test,458,1,1,20.014509854432642,20.596046663277452,20.773305449038908
test,459,0,0,6.793719992736927,6.93526350434341,7.046876432733824
test,459,0,1,15.588643900643406,15.473403669313631,15.629127868588316
test,468,1,1,78.17377943299654,33.45399278133338,64.26275387847436
test,468,2,0,26.506710216156364,27.86551671006365,28.10338008922765
test,468,2,1,22.60357024802473,22.631978245758898,22.62151595091467
test,468,3,1,17.58953918770869,17.58058709415857,17.592042580237095
test,469,0,1,3.3328424680343325,4.052916683567802,1.7797805423043571
test,469,1,0,6.316208367183669,6.392179389386933,6.369686907304452
test,469,1,1,5.1463983660949255,5.380465361291817,5.436332661117763
test,469,2,1,,13.540375080734055,
test,472,1,0,32.586013054487196,33.640390744025005,34.93613099026971
test,472,1,1,26.50706611424725,26.514257026215816,26.506624726645683
test,472,2,0,19.165100255722216,19.83807073809414,19.979047277926636
test,472,2,1,34.82599334978076,35.732340099342196,35.54726295520925
test,473,0,0,17.723005187358254,17.29655930989224,17.67876118658934
test,473,0,1,13.634867891183386,14.483548279952076,15.425175413835305
test,473,1,0,24.173836064439193,24.725620055315606,24.392828582596525
test,473,1,1,8.63846543046422,9.00509961393403,9.348166281799912
test,473,2,0,16.208750698265145,16.57948463097839,16.478474096293922
test,473,2,1,9.343280048924653,9.684351268262974,9.777109983618185
test,474,0,1,5.317835328113867,6.4355605804691285,6.443441587785214
test,474,1,0,8.831432274057374,8.866924223926699,8.83534327922618
test,474,1,1,2.0766210400818945,2.316871045220658,2.4999568058071135
test,474,2,0,4.086749244982395,4.177412246317883,4.1612468166566945
test,474,2,1,8.26716044896989,8.520646888542396,8.574647171427081
test,474,3,1,7.9501925878683,7.965057710588636,7.9516128951183696
test,483,0,1,3.0766957698375004,3.0242750998216987,3.940044170514396
test,483,1,1,,5.192226355052975,69.9972283352302
test,483,3,1,11.72197688364921,11.963266946851048,9.274831710460655
test,485,0,1,,3.6507878066509942,60.744258409257725
test,485,1,1,6.667114825903103,6.69532814784193,6.67285207793675
test,485,2,1,,6.476296609625519,
test,485,3,1,6.073516505036335,5.8218438752717745,
test,485,4,1,6.089486223609505,6.082681248299379,6.092271542234018
test,495,0,1,11.911972399678996,13.533122374271164,13.391931743171298
test,495,1,1,9.03756281330946,9.613218109617344,9.687652837736632
test,5,1,1,19.005293199793382,19.1131132102193,19.073886932764427
test,5,3,1,2.422922409643701,2.8751149588708635,
test,5,4,1,8.366774092433534,8.399995601161079,8.514102418319828
test,504,0,1,16.691225571463637,16.780155352091935,16.746967884649642
test,51,0,0,18.353454999386773,18.148393179768032,18.163965708648643
test,51,0,1,29.26527572889196,30.12686300172926,30.198125930346748
test,51,1,1,20.06841807533546,20.420947942114474,20.429274664866057
test,511,0,1,5.139786709411387,5.19225404936063,5.204430385437532
test,511,1,0,2.6296628767603707,2.630532289085609,2.533800750164916
test,511,1,1,1.2742233424676814,1.026850084015123,3.548087388733966
test,521,0,1,13.598772026515254,13.563598270541553,13.577089288286679
test,521,1,1,9.552239842051199,9.673201053405746,9.646952084216172
test,521,2,0,6.787085867990291,7.237982121825248,7.576476933303379
test,521,2,1,10.206870535111236,10.181818614240676,10.225851362866559
test,530,0,1,8.943412804637935,10.625845484300548,
test,530,1,0,15.466840840044057,15.135402960646546,15.753209872620975
test,530,1,1,7.349828261522115,7.62253863362719,7.921189271930568
test,530,2,0,12.81239425282342,12.792067163703768,13.187459873679458
test,530,2,1,9.95027201962278,10.589987732060033,11.029705883605144
test,531,0,1,9.1336895567247,9.136935837238996,9.15103362851712
test,531,1,1,12.634432017892106,13.400276857622506,13.199893947365005
test,531,2,0,8.852833211052364,9.39803563898048,10.151649060231739
test,531,2,1,12.635807117057073,12.29861099784772,13.421434696736434
test,531,3,1,19.0252236145541,19.814907927967997,19.448872415753296
test,537,0,1,42.839508464181336,43.00872556934267,42.94165520868552
test,537,1,1,61.44766597279078,61.845254727515865,61.659761831317475
test,539,0,1,37.26379563015692,38.634748780278926,38.919548186445034
test,539,1,0,52.36583627257993,52.29518053922065,52.306257434294565
test,539,1,1,44.60325407790215,45.864431811280774,45.992931968107335
test,539,2,1,21.21369292828878,22.018007897884743,22.107901636163795
test,54,0,1,34.731822047855786,34.9128879998678,34.86911656441483
test,54,1,1,69.15989975974932,69.40317128104112,69.4045795960989
test,54,2,1,33.147246699747576,33.22644707520887,33.16901099157265
test,54,3,1,19.37803764919069,19.65557952729287,19.822199883487183
test,542,0,0,11.105024293459078,10.009325482012953,13.145865771941423
test,542,0,1,5.575138010083062,5.720218740312933,6.201060435598282
test,542,1,1,2.5756202299125888,2.5928344050652434,2.6008833682874193
test,542,2,0,0.08513710181003369,1.059414732909684,2.532889927041216
test,542,3,1,5.475887699232247,5.599279380661979,5.772848436980455
test,544,0,1,2.5375998445444643,3.0406099364825345,3.234547046758078
test,544,1,0,5.132893498567725,3.988735141049819,0.22854328438085256
test,544,1,1,14.733292309327561,14.866398344056908,14.26141352185913
test,544,2,1,18.835797333414472,19.47055196370564,18.86315573569078
test,544,3,1,16.46084013282629,17.10932163406259,17.45472722453762
test,545,0,1,18.320895951439077,19.124115510125538,36.088431981445225
test,545,1,1,24.663334306974498,24.87920493997291,24.842147250115385
test,545,2,1,15.34208369260172,15.733595854905536,15.971639014432254
test,549,0,1,12.145795936012723,12.59288518578584,12.558033052420726
test,549,1,0,11.245654808672855,11.374184306236426,11.344526383311008
test,549,1,1,8.76688011049172,8.76842383672225,8.77008609072619
test,549,2,0,3.089705652440975,3.4601224339945023,4.032275560469785
test,549,2,1,7.061665886454527,6.9557106933485855,7.121604963665424
test,558,0,1,13.833662548534534,13.941623628289241,13.968693637273619
test,558,2,1,0.9416589254236293,1.3014593325379835,4.9014585171352145
test,558,4,1,9.76855249569306,9.653700249392367,9.854894668116977
test,567,0,0,33.406394685759736,33.23949621890593,33.26411200534458
test,567,0,1,91.99055480299634,92.6944270075703,92.77173483030873
test,567,1,1,22.60336813638397,22.966119845710505,22.297142524353493
test,567,2,1,19.736216519485424,20.054530537058966,20.07380901396197
test,570,0,1,8.467113745671373,8.936904240127117,8.971587410064103
test,570,1,0,6.863998228886055,6.584540785080195,6.85246461482966
test,570,1,1,8.306081819622992,8.841838220065583,9.587905418937194
test,580,0,1,25.769316232293182,31.770873892238832,31.452304606052877
test,583,0,0,16.021750659965864,16.01519796705996,16.08876028076831
test,583,0,1,10.80645408254863,10.810598469411579,10.856475804193012
test,583,1,1,12.661934579730113,13.21437327381185,13.297033137882924
test,583,2,1,7.0114354797104665,7.10347216236758,6.405603319840483
test,590,0,1,14.802069056004951,14.801953151755784,14.802069236344387
test,590,1,1,7.922198845504013,8.027285517016052,8.029424037074424
test,590,2,1,14.620544642078714,14.844635852991267,14.838982003899615
test,590,3,1,16.851753147467335,17.300096967421855,17.237251559192025
test,611,0,1,35.5127293540193,36.30347263510258,36.26087818634804
test,613,0,1,45.32055242113915,45.71757311089539,45.775448296143715
test,613,1,1,26.088243755541445,26.038538731011823,26.050602870227547
test,622,0,1,3.841272642594098,3.8166806690143273,3.8515959658425296
test,622,3,1,,1.1929001039970233,
test,624,0,1,11.31102526701154,11.424133952134822,11.402652915007083
test,624,1,1,4.322493855526409,4.550183207529901,5.142750571157713
test,630,1,1,23.472319382707283,24.5892910593848,22.013226597497866
test,630,2,0,18.7476361764928,18.743809172243644,18.745346846668966
test,630,2,1,13.910046610329758,14.660097078093942,14.637952071176025
test,630,3,1,13.617919339445821,14.570631900723196,14.941494644903228
test,633,0,1,4.257356767887261,4.169943503032647,4.764767708706756
test,633,1,0,11.520300079353909,11.512782208351476,11.65292734947409
test,633,1,1,13.881487938354947,14.454589138785245,14.678742306539567
test,633,2,1,12.438915441416219,12.986996069273923,13.352205863151037
test,641,1,1,4.693402131320594,4.972146434752261,2.2359413931304104
test,641,2,1,9.381315949067517,9.388659595410019,9.383872914898026
test,641,3,1,8.73950135954338,8.745337214677608,8.750234286102458
test,643,0,1,12.01256665903144,11.980867213071257,11.985742036737564
test,643,1,1,14.492685910504932,14.80752923599643,14.791002886809828
test,643,2,1,,4.730282753195846,75.29723129585435
test,657,0,1,37.39740479492876,38.16244484280337,38.08395183188731
test,657,1,1,7.999133565120717,7.689506994425793,7.835857246643123
test,663,0,1,21.618280598251104,22.404110012322064,22.252577857482304
test,666,0,1,4.361614865632605,4.979647263470563,5.299008387406431
test,666,2,1,7.216008933804339,7.207576469673923,7.364677649588057
test,675,0,1,5.729745333092958,5.641837987069405,5.640278252915547
test,675,3,1,6.777686674310579,6.759031338988662,6.770073286241525
test,677,0,0,7.265866036293674,7.0317475812233905,7.152137084468578
test,677,0,1,14.372581370543791,14.519469383499978,14.683510858257495
test,68,1,1,26.30873665836586,26.775836410398483,26.894461899620538
test,68,3,1,34.374026215452766,34.60284633427299,34.600782795386685
test,68,4,1,21.062397191404187,21.615619549860405,21.56354544906996
test,682,0,0,0.3092950765240224,0.23156694143929377,0.06486757524807366
test,682,0,1,6.784375349199021,6.4176225142171095,6.336762480572683
test,682,2,1,7.2573217357194535,7.427055144940174,15.967205761021027
test,687,1,1,3.2310703661207225,3.163392748819744,3.1079116752003912
test,687,2,1,97.79527747594389,9.120632568887558,49.305588264309044
test,687,3,1,15.059628349101276,15.930793241150894,16.102680717218117
test,687,4,1,3.760909874836713,4.137982257132398,4.38002315763747
test,695,0,0,46.43376082521605,48.093694079015634,48.35558613407852
test,695,0,1,62.22611601783316,63.12233592533869,62.89090577127253
test,715,0,0,22.112545883231004,22.890079542129016,23.32365446433967
test,715,0,1,31.6467726370983,33.47247836092285,32.99288103502231
test,715,1,0,14.805660359850267,15.089073033983032,15.048701344206119
test,715,1,1,9.003514342951128,10.095208643356711,10.167554046192553
test,716,0,0,64.09990455999446,64.82630046102801,64.57565178552436
test,716,0,1,78.54071665613709,80.39692627868692,81.7180736471911
test,716,1,1,42.78114620789629,43.06176368769476,43.21345101831588
test,736,0,1,48.91953236556491,49.89310251350516,49.8070085192107
test,736,1,1,68.49243882420336,68.98725796483845,69.12378439934568
test,74,0,0,32.7164670155285,33.090868419019145,32.91145397186085
test,74,0,1,43.44305052453562,44.41851635322176,45.07521300720282
test,74,1,1,,52.673523871737885,92.11419247002256
test,756,0,0,25.820715233918197,27.790467630159277,27.732859801403357
test,756,0,1,42.28848825045218,42.33235844660438,42.34044463400123
test,757,0,1,16.606246732831416,17.11539970617708,17.376870397313663
test,757,1,1,11.363488168943631,11.66957929978785,11.70197917171568
test,757,2,1,8.467749055524102,8.681948069670446,
test,757,3,1,4.456206812468049,4.478917732522054,4.459557749022083
test,757,4,1,13.933437883314031,14.080014690959064,14.116794561873286
test,764,0,1,6.194780255887136,6.299438446407057,6.273439727475844
test,764,1,1,0.6484003545908237,0.5956631406241594,0.577114351166912
test,764,2,1,14.47449563346799,15.037674263433146,9.002881835173081
test,764,3,1,6.521304326211677,6.581759874936257,6.544748145647813
test,769,0,0,16.343204685263103,19.342130926472752,20.31000322018137
test,769,0,1,20.4996482811031,21.11624199480491,20.869094662449232
test,769,1,0,25.31902670688373,25.784375577175023,25.828062439054968
test,769,1,1,38.55450920768378,38.94363133661952,38.90394158267076
test,769,2,1,12.810302870217694,15.84862502338795,16.367091881745548
test,782,0,1,41.079385146577984,43.317024288703315,43.42414393172444
test,782,1,1,26.671637712146172,27.69561719904095,27.498278688723985
test,782,4,1,34.61895312352067,36.53351705819768,36.920916073014496
test,784,0,1,9.458914483671201,9.57431192979685,9.578997385930347
test,784,1,1,31.239638941011172,19.729770413702305,61.15485386427767
test,784,2,1,7.165672052915603,9.101324395441845,10.813807712772476
test,786,0,1,8.009506039771551,8.227953290245718,8.18495363817966
test,786,1,1,3.047097510701899,3.447939556590365,3.3728132293126696
test,786,2,0,2.874376041546593,2.2620987021295913,1.211692633411779
test,786,2,1,18.62902303390593,18.497259593064747,18.940531889808085
test,797,1,1,67.3659771244294,10.759094636065793,50.21090506831965
test,797,3,1,1.5569397974201638,1.9920626704604563,1.9381995266429874
test,799,0,1,23.54405001745429,23.241656988819386,27.83132023443638
test,799,1,1,26.822777008500857,28.107815741392645,28.210029081289335
test,799,2,1,29.473562753440756,29.61928272001839,29.58458862817961
test,799,3,1,86.12328987169732,10.528754211904435,35.52383976240387
test,804,0,1,60.446969510916894,62.05784280016458,60.90944343216502
test,804,1,1,62.16068451575156,63.13498499466734,63.15326611151778
test,804,2,1,66.98109403736436,67.31819391592026,67.29572579262036
test,804,3,1,50.28384405781473,51.952624455880084,51.95594532334382
test,808,0,1,9.241734651516047,9.512939760052385,13.414569408585189
test,808,1,1,13.043582963403944,13.890983099472745,13.890373059932257
test,808,2,1,3.095976616118705,3.1379016427016397,3.11289819743006
test,81,0,1,84.68040028768846,81.65488620988101,83.71133860802922
test,81,1,1,30.47949919762939,31.03719478168555,30.880333471988685
test,81,2,1,40.49444905574447,40.960865908373265,38.57852813539815
test,810,0,1,28.14960193266402,28.693814938017603,28.68995724394241
test,810,1,1,43.26723318358713,43.51640920002104,43.42062410709652
test,810,2,1,37.347444304884725,37.42749696543006,37.45919499553456
test,810,3,1,23.225088373949102,23.401436251567322,22.519840619594937
test,811,0,1,47.432761713065055,28.184566118487126,38.512674888648554
test,811,1,1,21.77245862965778,23.091650899901886,23.27229360653566
test,811,2,1,23.970307506597134,24.13751256978924,24.15547655753888
test,811,3,1,34.703393240241084,34.53009505808841,34.703393240241084
test,851,1,1,14.84556909240399,15.957179307652563,0.2153514815033583
test,851,2,0,14.02554596813138,13.948640958733513,13.974374764055739
test,851,2,1,21.882971775736806,24.21268538451278,25.004089813462787
test,851,3,1,10.824894834775046,11.001490088416242,11.223462571929044
test,851,4,1,10.570141845272245,11.125765892819247,10.878017312939969
test,852,0,0,5.13202950763403,5.403637574199153,5.617850506316327
test,852,0,1,4.704927923120228,4.967976998389771,4.829554350690284
test,854,0,1,3.627966538324616,3.56939290159459,3.4958015263259026
test,854,1,1,3.590418019693213,3.4250706413349032,3.6044390058615337
test,854,2,1,,7.056705052507574,
test,859,0,1,41.57177777030878,42.07263334135855,42.06132245741961
test,859,1,1,23.627480727805423,23.771618873340376,23.844129074563842
test,859,2,1,22.51640236842251,20.8664364305738,29.171285553192483
test,87,0,1,36.069367295068425,36.32258981881729,36.40469998723589
test,87,1,1,45.14035956716281,47.351683618080095,47.58110763165242
test,87,2,1,48.50881849731804,48.69850528750595,48.6287553392852
test,87,3,1,41.11290569166745,41.28824738392281,41.262208050556474
test,881,0,1,26.59286465688987,27.393488820479877,27.553951876571244
test,881,1,1,50.69058153048934,38.218249189184625,45.88744579737888
test,881,2,1,75.40905103997353,76.31958154428511,76.33282079291811
test,881,3,1,57.135735704457524,57.25961078721211,57.243521093126006
test,881,5,1,31.44711607350001,34.195616293432096,34.36723748362693
test,884,1,0,8.838735512438184,9.239466763641234,9.478249302469639
test,884,1,1,12.502404951449861,12.510885640223604,12.501800397867822
test,884,2,1,,21.951409567185173,100.0
test,885,0,1,4.613310612133095,5.382815413841016,1.4904796592525802
test,885,1,0,9.331121254986904,9.148644800792932,9.30903216211157
test,885,1,1,11.44680019757785,11.988299869622326,12.438767833226242
test,885,2,0,14.610022104117352,14.387164646976707,14.831519547169107
test,885,2,1,8.398823082830171,8.42715565391033,8.466623062086159
test,887,0,1,83.82328782108793,86.06993721609535,83.88477725532717
test,887,1,1,48.543971769518635,49.710104553302244,49.96825726267268
test,887,2,1,52.96904541382145,53.43192324241082,53.382495831815504
test,890,0,1,33.23387450073267,34.4380772990355,14.348147727434396
test,890,1,0,32.991995666973814,33.608906507671584,33.39865982152072
test,890,1,1,34.10527953498195,35.19909936251517,35.654488653413594
test,890,2,1,22.654262182278657,22.57493489289156,22.739398780439863
test,892,0,1,49.62617829896947,49.82298996851722,49.25034851991043
test,892,1,1,31.305150663946257,32.576881847394276,32.87154965631681
test,892,2,1,24.114324849616093,24.463443433395536,24.509135869658483
test,892,3,1,39.21133566373744,39.35295598493709,39.87779030349931
test,893,0,0,5.780508864586056,5.7900744923416525,5.779007720661093
test,893,0,1,12.666436936590769,13.35574153753164,13.778458151144715
test,893,1,1,7.242254496375241,7.242449619691646,7.2423113464007125
test,896,0,1,57.59800927754162,59.37238093099522,59.57105318912495
test,896,1,1,96.56574779013548,93.86790640369092,95.82024507612705
test,896,2,1,56.58161491198671,62.314183865248495,61.702138561288876
test,904,0,1,19.722251445742458,21.514871488705786,22.592479732246055
test,904,1,1,42.22325108565697,43.7960364214344,46.34982808951538
test,904,2,1,62.66413201535323,64.46420266020945,66.93553990528068
test,904,3,1,3.11562658263703,4.395329032662406,5.1921214083860665
test,907,0,1,30.541743827364144,31.970510408535667,32.13691726555126
test,907,1,1,56.37390425678098,57.29386262682444,57.43691748367611
test,907,2,1,20.37551739983259,20.61429750448167,20.62893278793667
test,913,0,1,24.410492962509604,25.042333021042552,25.208712553320144
test,915,0,1,68.6825412921509,59.8961929129875,72.72582219094576
test,915,1,1,36.28020359815895,18.611953512130217,70.83597664785555
test,915,2,1,27.78364510308446,17.424933882124712,67.89316462831194
test,930,0,1,25.539007255883345,27.33121644688411,43.846083360541606
test,930,1,1,25.822204052525127,31.483753266336343,33.10510597653659
test,930,2,0,33.72886710870265,34.75588658873169,34.3379750253557
test,930,2,1,36.80776179093588,40.16651218458598,41.16274982259671
test,938,1,1,6.64876842917094,8.05335813082147,10.948065560980307
test,938,2,1,6.437365378747904,6.079708642128615,6.353905266765281
test,938,3,0,5.180267696202628,5.284600955546986,5.242826200906313
test,938,3,1,16.34533896392825,16.385206006143157,16.553678167273254
test,938,4,1,8.737704948232798,8.840847101805773,9.466337472135505
test,944,1,1,8.175673468072286,8.140998436491827,8.168176304452006
test,944,2,1,6.854643534089074,6.91454788197977,6.944798508639203
test,944,3,0,6.278949004276366,6.317675156806709,6.371151688172873
test,944,4,1,0.5685039589824099,0.04968283988721077,0.0027006527202180198
test,946,0,0,14.707191454001855,14.89987416200658,14.791433773354468
test,946,0,1,6.79155957291994,7.207096782268707,7.412073065267591
test,946,1,0,8.353580503086748,8.349450723592238,8.351563701468338
test,946,1,1,7.380633262885712,7.566827377821063,7.670938064706631
test,947,0,1,10.446849712410806,10.358082019522994,10.70876056037284
test,947,1,0,3.2700402102666994,3.9310364820280363,4.751586465369476
test,947,1,1,9.554426320516,9.506244095719103,9.572428395858612
test,947,2,0,4.602674380375083,5.575932792028737,6.049484721488896
test,961,1,0,3.9798090705393863,3.8964808370902917,3.9275068249316147
test,961,1,1,19.896974917906256,20.24945014315033,20.354133453783607
test,973,0,1,11.828851220290229,11.963811153754044,11.895830743825138
test,973,1,0,12.266147499156869,12.554979733625233,12.904241293461116
test,973,1,1,10.47970700594334,10.269611894683997,10.558208014483302
test,973,2,1,12.699430314039395,12.566211755309528,12.712004138208451
test,973,3,1,12.881935242879633,13.942799123659025,14.834371347261479
test,975,0,0,10.031174928644262,9.897117325099188,9.841111833568931
test,975,0,1,16.24581735310891,15.798406539368404,16.059171254726618
test,975,1,1,70.59190531129791,23.404816142000666,59.494967140193275
test,976,0,0,8.264266591342116,8.194174036172601,8.266780889027682
test,976,0,1,8.802038563200574,9.111528036506837,9.296661188576136
test,976,1,1,15.131846220202345,15.02574452603479,15.080567157254032
test,984,0,1,7.425454759819537,7.581578022754462,7.582855942241798
test,984,1,1,14.258753994089604,14.300522005824675,14.884295680944696
test,984,2,1,2.620413281013991,2.877720973337569,0.48235918798294425
test,988,0,1,7.674064974159747,7.568018201319648,7.689343821448248
test,988,2,1,,1.625665090197626,
test,988,3,1,5.122804736593646,5.384560969077525,5.522096231865334
test,993,0,1,1.1344304344810856,0.741888789177258,0.4713776568865118
test,993,1,0,8.911674053433277,9.358370869013937,9.404309228105314
test,993,1,1,4.022830377634208,4.1150107243489185,4.106935685897796
test,993,2,0,2.26741951964473,2.246841667946193,2.201165556003678
test,993,2,1,7.470085719299307,7.097886408421081,7.519671398772224
test,998,1,0,10.288891096979336,10.290578742615622,10.2895865036074
test,998,1,1,0.42025862632527183,0.32433865182149546,0.2802722881514897
test,998,2,1,,6.178116795667165,
test,998,3,1,6.6934876237583225,6.7190333421168456,6.7053787852896285
test,998,4,1,5.272072224755505,5.363875940455551,5.682895232285447
